suite,method,seed,run_name,metric,source_file,row_count,non_null_count,null_fraction,all_observed_finite,first_value,last_value,min_value,max_value
wikitext12l_100m,diag_cproj_k,2026,mainconf_reference_lr001_wikitext12l_100m_diag_cproj_k_seed2026,cuda/full_run_max_memory_allocated_mib,wandb_export_2026-07-18T12_22_56.085+08_00.csv,611,611,0.0,True,8818.36572265625,9742.3935546875,8818.36572265625,9742.3935546875
owt18l_3k,diag_cproj_k,2026,mainconf_reference_lr001_owt18l_3k_diag_cproj_k_seed2026,cuda/full_run_max_memory_allocated_mib,wandb_export_2026-07-18T12_29_51.213+08_00.csv,150,150,0.0,True,5861.28173828125,7091.53759765625,5861.28173828125,7091.53759765625
owt18l_3k,diag_cproj_k,2025,mainconf_reference_lr001_owt18l_3k_diag_cproj_k_seed2025,cuda/full_run_max_memory_allocated_mib,wandb_export_2026-07-18T12_29_51.213+08_00.csv,150,150,0.0,True,5860.53173828125,7093.9169921875,5860.53173828125,7093.9169921875
owt18l_3k,diag_cproj_k,2024,mainconf_reference_lr001_owt18l_3k_diag_cproj_k_seed2024,cuda/full_run_max_memory_allocated_mib,wandb_export_2026-07-18T12_37_55.545+08_00.csv,150,150,0.0,True,5860.15673828125,7092.17822265625,5860.15673828125,7092.17822265625
wikitext24l_12k_lr001,diag_cproj_k,2026,mainconf_reference_lr001_wikitext24l_12k_lr001_diag_cproj_k_seed2026,cuda/full_run_max_memory_allocated_mib,wandb_export_2026-07-18T13_16_54.210+08_00.csv,600,600,0.0,True,5790.95556640625,6204.640625,5790.95556640625,6204.640625
wikitext24l_12k_lr001,diag_cproj_k,2025,mainconf_reference_lr001_wikitext24l_12k_lr001_diag_cproj_k_seed2025,cuda/full_run_max_memory_allocated_mib,wandb_export_2026-07-18T13_16_54.210+08_00.csv,600,600,0.0,True,5790.95556640625,6204.482421875,5790.95556640625,6204.482421875
wikitext24l_12k_lr001,diag_cproj_k,2024,mainconf_reference_lr001_wikitext24l_12k_lr001_diag_cproj_k_seed2024,cuda/full_run_max_memory_allocated_mib,wandb_export_2026-07-18T13_16_54.210+08_00.csv,600,600,0.0,True,5790.95556640625,6204.482421875,5790.95556640625,6204.482421875
owt24l_12k,diag_cproj_k,2026,mainconf_reference_lr001_owt24l_12k_diag_cproj_k_seed2026,cuda/full_run_max_memory_allocated_mib,wandb_export_2026-07-18T13_16_54.210+08_00.csv,600,600,0.0,True,5790.95556640625,6204.482421875,5790.95556640625,6204.482421875
owt24l_12k,diag_cproj_k,2025,mainconf_reference_lr001_owt24l_12k_diag_cproj_k_seed2025,cuda/full_run_max_memory_allocated_mib,wandb_export_2026-07-18T13_16_54.210+08_00.csv,600,600,0.0,True,5790.95556640625,6204.640625,5790.95556640625,6204.640625
owt24l_12k,diag_cproj_k,2024,mainconf_reference_lr001_owt24l_12k_diag_cproj_k_seed2024,cuda/full_run_max_memory_allocated_mib,wandb_export_2026-07-18T13_16_54.210+08_00.csv,600,600,0.0,True,5790.95556640625,6204.482421875,5790.95556640625,6204.482421875
wikitext12l_100m,diag_cproj_k,2025,mainconf_reference_lr001_wikitext12l_100m_diag_cproj_k_seed2025,cuda/full_run_max_memory_allocated_mib,wandb_export_2026-07-18T13_41_33.205+08_00.csv,611,611,0.0,True,8819.99072265625,9750.38720703125,8819.99072265625,9750.38720703125
wikitext12l_100m,diag_cproj_k,2024,mainconf_reference_lr001_wikitext12l_100m_diag_cproj_k_seed2024,cuda/full_run_max_memory_allocated_mib,wandb_export_2026-07-18T13_41_33.205+08_00.csv,611,611,0.0,True,8820.99072265625,9740.76513671875,8820.99072265625,9740.76513671875
owt12l_100m,diag_cproj_k,2026,mainconf_reference_lr001_owt12l_100m_diag_cproj_k_seed2026,cuda/full_run_max_memory_allocated_mib,wandb_export_2026-07-18T13_41_33.205+08_00.csv,611,611,0.0,True,8820.99072265625,9744.39013671875,8820.99072265625,9744.39013671875
owt12l_100m,diag_cproj_k,2025,mainconf_reference_lr001_owt12l_100m_diag_cproj_k_seed2025,cuda/full_run_max_memory_allocated_mib,wandb_export_2026-07-18T13_41_33.205+08_00.csv,611,611,0.0,True,8820.11572265625,9743.39013671875,8820.11572265625,9743.39013671875
owt12l_100m,diag_cproj_k,2024,mainconf_reference_lr001_owt12l_100m_diag_cproj_k_seed2024,cuda/full_run_max_memory_allocated_mib,wandb_export_2026-07-18T13_41_33.205+08_00.csv,611,611,0.0,True,8819.36572265625,9743.00244140625,8819.36572265625,9743.00244140625
wikitext12l_100m,muon_blog,2026,mainconf_reference_lr001_wikitext12l_100m_muon_blog_seed2026,cuda/full_run_max_memory_allocated_mib,wandb_export_2026-07-18T12_22_56.085+08_00.csv,611,611,0.0,True,8248.11572265625,8903.87451171875,8248.11572265625,8903.87451171875
owt18l_3k,muon_blog,2026,mainconf_reference_lr001_owt18l_3k_muon_blog_seed2026,cuda/full_run_max_memory_allocated_mib,wandb_export_2026-07-18T12_29_51.213+08_00.csv,150,150,0.0,True,5426.67236328125,6251.38134765625,5426.67236328125,6251.38134765625
owt18l_3k,muon_blog,2025,mainconf_reference_lr001_owt18l_3k_muon_blog_seed2025,cuda/full_run_max_memory_allocated_mib,wandb_export_2026-07-18T12_29_51.213+08_00.csv,150,150,0.0,True,5426.67236328125,6251.38134765625,5426.67236328125,6251.38134765625
owt18l_3k,muon_blog,2024,mainconf_reference_lr001_owt18l_3k_muon_blog_seed2024,cuda/full_run_max_memory_allocated_mib,wandb_export_2026-07-18T12_37_55.545+08_00.csv,150,150,0.0,True,5426.67236328125,6251.38134765625,5426.67236328125,6251.38134765625
wikitext24l_12k_lr001,muon_blog,2026,mainconf_reference_lr001_wikitext24l_12k_lr001_muon_blog_seed2026,cuda/full_run_max_memory_allocated_mib,wandb_export_2026-07-18T13_16_54.210+08_00.csv,600,600,0.0,True,4478.20556640625,5147.57421875,4478.20556640625,5147.57421875
wikitext24l_12k_lr001,muon_blog,2025,mainconf_reference_lr001_wikitext24l_12k_lr001_muon_blog_seed2025,cuda/full_run_max_memory_allocated_mib,wandb_export_2026-07-18T13_16_54.210+08_00.csv,600,600,0.0,True,4478.20556640625,5147.57421875,4478.20556640625,5147.57421875
wikitext24l_12k_lr001,muon_blog,2024,mainconf_reference_lr001_wikitext24l_12k_lr001_muon_blog_seed2024,cuda/full_run_max_memory_allocated_mib,wandb_export_2026-07-18T13_16_54.210+08_00.csv,600,600,0.0,True,4478.20556640625,5147.57421875,4478.20556640625,5147.57421875
owt24l_12k,muon_blog,2026,mainconf_reference_lr001_owt24l_12k_muon_blog_seed2026,cuda/full_run_max_memory_allocated_mib,wandb_export_2026-07-18T13_16_54.210+08_00.csv,600,600,0.0,True,4478.20556640625,5147.57421875,4478.20556640625,5147.57421875
owt24l_12k,muon_blog,2025,mainconf_reference_lr001_owt24l_12k_muon_blog_seed2025,cuda/full_run_max_memory_allocated_mib,wandb_export_2026-07-18T13_16_54.210+08_00.csv,600,600,0.0,True,4478.20556640625,5147.57421875,4478.20556640625,5147.57421875
owt24l_12k,muon_blog,2024,mainconf_reference_lr001_owt24l_12k_muon_blog_seed2024,cuda/full_run_max_memory_allocated_mib,wandb_export_2026-07-18T13_16_54.210+08_00.csv,600,600,0.0,True,4478.20556640625,5147.57421875,4478.20556640625,5147.57421875
wikitext12l_100m,muon_blog,2025,mainconf_reference_lr001_wikitext12l_100m_muon_blog_seed2025,cuda/full_run_max_memory_allocated_mib,wandb_export_2026-07-18T13_41_33.205+08_00.csv,611,611,0.0,True,8248.11572265625,8903.87451171875,8248.11572265625,8903.87451171875
wikitext12l_100m,muon_blog,2024,mainconf_reference_lr001_wikitext12l_100m_muon_blog_seed2024,cuda/full_run_max_memory_allocated_mib,wandb_export_2026-07-18T13_41_33.205+08_00.csv,611,611,0.0,True,8248.11572265625,8903.87451171875,8248.11572265625,8903.87451171875
owt12l_100m,muon_blog,2026,mainconf_reference_lr001_owt12l_100m_muon_blog_seed2026,cuda/full_run_max_memory_allocated_mib,wandb_export_2026-07-18T13_41_33.205+08_00.csv,611,611,0.0,True,8248.11572265625,8903.87451171875,8248.11572265625,8903.87451171875
owt12l_100m,muon_blog,2025,mainconf_reference_lr001_owt12l_100m_muon_blog_seed2025,cuda/full_run_max_memory_allocated_mib,wandb_export_2026-07-18T13_41_33.205+08_00.csv,611,611,0.0,True,8248.11572265625,8903.87451171875,8248.11572265625,8903.87451171875
owt12l_100m,muon_blog,2024,mainconf_reference_lr001_owt12l_100m_muon_blog_seed2024,cuda/full_run_max_memory_allocated_mib,wandb_export_2026-07-18T13_41_33.205+08_00.csv,611,611,0.0,True,8248.11572265625,8903.87451171875,8248.11572265625,8903.87451171875
wikitext12l_100m,no_cproj_k,2026,mainconf_reference_lr001_wikitext12l_100m_no_cproj_k_seed2026,cuda/full_run_max_memory_allocated_mib,wandb_export_2026-07-18T12_22_56.085+08_00.csv,611,611,0.0,True,8818.86572265625,9737.12158203125,8818.86572265625,9737.12158203125
owt18l_3k,no_cproj_k,2026,mainconf_reference_lr001_owt18l_3k_no_cproj_k_seed2026,cuda/full_run_max_memory_allocated_mib,wandb_export_2026-07-18T12_29_51.213+08_00.csv,150,150,0.0,True,5860.54736328125,7080.76123046875,5860.54736328125,7080.76123046875
owt18l_3k,no_cproj_k,2025,mainconf_reference_lr001_owt18l_3k_no_cproj_k_seed2025,cuda/full_run_max_memory_allocated_mib,wandb_export_2026-07-18T12_29_51.213+08_00.csv,150,150,0.0,True,5859.67236328125,7080.39404296875,5859.67236328125,7080.39404296875
owt18l_3k,no_cproj_k,2024,mainconf_reference_lr001_owt18l_3k_no_cproj_k_seed2024,cuda/full_run_max_memory_allocated_mib,wandb_export_2026-07-18T12_37_55.545+08_00.csv,150,150,0.0,True,5861.04736328125,7078.8623046875,5861.04736328125,7078.8623046875
wikitext24l_12k_lr001,no_cproj_k,2026,mainconf_reference_lr001_wikitext24l_12k_lr001_no_cproj_k_seed2026,cuda/full_run_max_memory_allocated_mib,wandb_export_2026-07-18T13_16_54.210+08_00.csv,600,600,0.0,True,5582.20556640625,6203.732421875,5582.20556640625,6203.732421875
wikitext24l_12k_lr001,no_cproj_k,2025,mainconf_reference_lr001_wikitext24l_12k_lr001_no_cproj_k_seed2025,cuda/full_run_max_memory_allocated_mib,wandb_export_2026-07-18T13_16_54.210+08_00.csv,600,600,0.0,True,5582.20556640625,6203.57421875,5582.20556640625,6203.57421875
wikitext24l_12k_lr001,no_cproj_k,2024,mainconf_reference_lr001_wikitext24l_12k_lr001_no_cproj_k_seed2024,cuda/full_run_max_memory_allocated_mib,wandb_export_2026-07-18T13_16_54.210+08_00.csv,600,600,0.0,True,5582.20556640625,6203.732421875,5582.20556640625,6203.732421875
owt24l_12k,no_cproj_k,2026,mainconf_reference_lr001_owt24l_12k_no_cproj_k_seed2026,cuda/full_run_max_memory_allocated_mib,wandb_export_2026-07-18T13_16_54.210+08_00.csv,600,600,0.0,True,5582.20556640625,6203.732421875,5582.20556640625,6203.732421875
owt24l_12k,no_cproj_k,2025,mainconf_reference_lr001_owt24l_12k_no_cproj_k_seed2025,cuda/full_run_max_memory_allocated_mib,wandb_export_2026-07-18T13_16_54.210+08_00.csv,600,600,0.0,True,5582.20556640625,6203.57421875,5582.20556640625,6203.57421875
owt24l_12k,no_cproj_k,2024,mainconf_reference_lr001_owt24l_12k_no_cproj_k_seed2024,cuda/full_run_max_memory_allocated_mib,wandb_export_2026-07-18T13_16_54.210+08_00.csv,600,600,0.0,True,5582.20556640625,6203.57421875,5582.20556640625,6203.57421875
wikitext12l_100m,no_cproj_k,2025,mainconf_reference_lr001_wikitext12l_100m_no_cproj_k_seed2025,cuda/full_run_max_memory_allocated_mib,wandb_export_2026-07-18T13_41_33.205+08_00.csv,611,611,0.0,True,8821.74072265625,9746.38427734375,8821.74072265625,9746.38427734375
wikitext12l_100m,no_cproj_k,2024,mainconf_reference_lr001_wikitext12l_100m_no_cproj_k_seed2024,cuda/full_run_max_memory_allocated_mib,wandb_export_2026-07-18T13_41_33.205+08_00.csv,611,611,0.0,True,8821.99072265625,9743.52490234375,8821.99072265625,9743.52490234375
owt12l_100m,no_cproj_k,2026,mainconf_reference_lr001_owt12l_100m_no_cproj_k_seed2026,cuda/full_run_max_memory_allocated_mib,wandb_export_2026-07-18T13_41_33.205+08_00.csv,611,611,0.0,True,8820.86572265625,9744.13427734375,8820.86572265625,9744.13427734375
owt12l_100m,no_cproj_k,2025,mainconf_reference_lr001_owt12l_100m_no_cproj_k_seed2025,cuda/full_run_max_memory_allocated_mib,wandb_export_2026-07-18T13_41_33.205+08_00.csv,611,611,0.0,True,8818.86572265625,9737.12158203125,8818.86572265625,9737.12158203125
owt12l_100m,no_cproj_k,2024,mainconf_reference_lr001_owt12l_100m_no_cproj_k_seed2024,cuda/full_run_max_memory_allocated_mib,wandb_export_2026-07-18T13_41_33.205+08_00.csv,611,611,0.0,True,8820.61572265625,9741.63720703125,8820.61572265625,9741.63720703125
wikitext12l_100m,paper_block4,2026,mainconf_reference_lr001_wikitext12l_100m_paper_block4_seed2026,cuda/full_run_max_memory_allocated_mib,wandb_export_2026-07-18T12_22_56.085+08_00.csv,611,611,0.0,True,8820.99072265625,10069.49658203125,8820.99072265625,10069.49658203125
owt18l_3k,paper_block4,2026,mainconf_reference_lr001_owt18l_3k_paper_block4_seed2026,cuda/full_run_max_memory_allocated_mib,wandb_export_2026-07-18T12_29_51.213+08_00.csv,150,150,0.0,True,5861.40673828125,7588.8671875,5861.40673828125,7588.8671875
owt18l_3k,paper_block4,2025,mainconf_reference_lr001_owt18l_3k_paper_block4_seed2025,cuda/full_run_max_memory_allocated_mib,wandb_export_2026-07-18T12_29_51.213+08_00.csv,150,150,0.0,True,5859.90673828125,7583.4970703125,5859.90673828125,7583.4970703125
owt18l_3k,paper_block4,2024,mainconf_reference_lr001_owt18l_3k_paper_block4_seed2024,cuda/full_run_max_memory_allocated_mib,wandb_export_2026-07-18T12_37_55.545+08_00.csv,150,150,0.0,True,5860.90673828125,7579.99365234375,5860.90673828125,7579.99365234375
wikitext24l_12k_lr001,paper_block4,2026,mainconf_reference_lr001_wikitext24l_12k_lr001_paper_block4_seed2026,cuda/full_run_max_memory_allocated_mib,wandb_export_2026-07-18T13_16_54.210+08_00.csv,600,600,0.0,True,6942.20556640625,7355.732421875,6942.20556640625,7355.732421875
wikitext24l_12k_lr001,paper_block4,2025,mainconf_reference_lr001_wikitext24l_12k_lr001_paper_block4_seed2025,cuda/full_run_max_memory_allocated_mib,wandb_export_2026-07-18T13_16_54.210+08_00.csv,600,600,0.0,True,6942.36376953125,7355.890625,6942.36376953125,7355.890625
wikitext24l_12k_lr001,paper_block4,2024,mainconf_reference_lr001_wikitext24l_12k_lr001_paper_block4_seed2024,cuda/full_run_max_memory_allocated_mib,wandb_export_2026-07-18T13_16_54.210+08_00.csv,600,600,0.0,True,6942.20556640625,7355.732421875,6942.20556640625,7355.732421875
owt24l_12k,paper_block4,2026,mainconf_reference_lr001_owt24l_12k_paper_block4_seed2026,cuda/full_run_max_memory_allocated_mib,wandb_export_2026-07-18T13_16_54.210+08_00.csv,600,600,0.0,True,6942.20556640625,7355.890625,6942.20556640625,7355.890625
owt24l_12k,paper_block4,2025,mainconf_reference_lr001_owt24l_12k_paper_block4_seed2025,cuda/full_run_max_memory_allocated_mib,wandb_export_2026-07-18T13_16_54.210+08_00.csv,600,600,0.0,True,6942.20556640625,7355.732421875,6942.20556640625,7355.732421875
owt24l_12k,paper_block4,2024,mainconf_reference_lr001_owt24l_12k_paper_block4_seed2024,cuda/full_run_max_memory_allocated_mib,wandb_export_2026-07-18T13_16_54.210+08_00.csv,600,600,0.0,True,6942.20556640625,7355.890625,6942.20556640625,7355.890625
wikitext12l_100m,paper_block4,2025,mainconf_reference_lr001_wikitext12l_100m_paper_block4_seed2025,cuda/full_run_max_memory_allocated_mib,wandb_export_2026-07-18T13_41_33.205+08_00.csv,611,611,0.0,True,8819.61572265625,10071.70263671875,8819.61572265625,10071.70263671875
wikitext12l_100m,paper_block4,2024,mainconf_reference_lr001_wikitext12l_100m_paper_block4_seed2024,cuda/full_run_max_memory_allocated_mib,wandb_export_2026-07-18T13_41_33.205+08_00.csv,611,611,0.0,True,8820.24072265625,10069.35595703125,8820.24072265625,10069.35595703125
owt12l_100m,paper_block4,2026,mainconf_reference_lr001_owt12l_100m_paper_block4_seed2026,cuda/full_run_max_memory_allocated_mib,wandb_export_2026-07-18T13_41_33.205+08_00.csv,611,611,0.0,True,8820.99072265625,10069.49658203125,8820.99072265625,10069.49658203125
owt12l_100m,paper_block4,2025,mainconf_reference_lr001_owt12l_100m_paper_block4_seed2025,cuda/full_run_max_memory_allocated_mib,wandb_export_2026-07-18T13_41_33.205+08_00.csv,611,611,0.0,True,8819.36572265625,10065.9775390625,8819.36572265625,10065.9775390625
owt12l_100m,paper_block4,2024,mainconf_reference_lr001_owt12l_100m_paper_block4_seed2024,cuda/full_run_max_memory_allocated_mib,wandb_export_2026-07-18T13_41_33.205+08_00.csv,611,611,0.0,True,8821.74072265625,10069.3466796875,8821.74072265625,10069.3466796875
wikitext12l_100m,diag_cproj_k,2026,mainconf_reference_lr001_wikitext12l_100m_diag_cproj_k_seed2026,cuda/memory_allocated_mib,wandb_export_2026-07-18T12_22_52.149+08_00.csv,611,611,0.0,True,3495.49169921875,3498.6103515625,3495.49169921875,3503.11376953125
owt18l_3k,diag_cproj_k,2026,mainconf_reference_lr001_owt18l_3k_diag_cproj_k_seed2026,cuda/memory_allocated_mib,wandb_export_2026-07-18T12_29_47.579+08_00.csv,150,150,0.0,True,3224.54248046875,3251.67724609375,3224.16748046875,3252.29736328125
owt18l_3k,diag_cproj_k,2025,mainconf_reference_lr001_owt18l_3k_diag_cproj_k_seed2025,cuda/memory_allocated_mib,wandb_export_2026-07-18T12_29_47.579+08_00.csv,150,150,0.0,True,3233.79248046875,3245.798828125,3233.79248046875,3257.56640625
owt18l_3k,diag_cproj_k,2024,mainconf_reference_lr001_owt18l_3k_diag_cproj_k_seed2024,cuda/memory_allocated_mib,wandb_export_2026-07-18T12_37_51.845+08_00.csv,150,150,0.0,True,3229.41748046875,3247.16748046875,3229.16748046875,3252.04248046875
wikitext24l_12k_lr001,diag_cproj_k,2026,mainconf_reference_lr001_wikitext24l_12k_lr001_diag_cproj_k_seed2026,cuda/memory_allocated_mib,wandb_export_2026-07-18T13_16_49.785+08_00.csv,600,600,0.0,True,4358.44775390625,4358.44775390625,4358.44775390625,4358.76416015625
wikitext24l_12k_lr001,diag_cproj_k,2025,mainconf_reference_lr001_wikitext24l_12k_lr001_diag_cproj_k_seed2025,cuda/memory_allocated_mib,wandb_export_2026-07-18T13_16_49.785+08_00.csv,600,600,0.0,True,4358.44775390625,4358.44775390625,4358.44775390625,4358.60595703125
wikitext24l_12k_lr001,diag_cproj_k,2024,mainconf_reference_lr001_wikitext24l_12k_lr001_diag_cproj_k_seed2024,cuda/memory_allocated_mib,wandb_export_2026-07-18T13_16_49.785+08_00.csv,600,600,0.0,True,4358.44775390625,4358.44775390625,4358.44775390625,4358.60595703125
owt24l_12k,diag_cproj_k,2026,mainconf_reference_lr001_owt24l_12k_diag_cproj_k_seed2026,cuda/memory_allocated_mib,wandb_export_2026-07-18T13_16_49.785+08_00.csv,600,600,0.0,True,4358.44775390625,4358.44775390625,4358.44775390625,4358.60595703125
owt24l_12k,diag_cproj_k,2025,mainconf_reference_lr001_owt24l_12k_diag_cproj_k_seed2025,cuda/memory_allocated_mib,wandb_export_2026-07-18T13_16_49.785+08_00.csv,600,600,0.0,True,4358.44775390625,4358.44775390625,4358.44775390625,4358.76416015625
owt24l_12k,diag_cproj_k,2024,mainconf_reference_lr001_owt24l_12k_diag_cproj_k_seed2024,cuda/memory_allocated_mib,wandb_export_2026-07-18T13_16_49.785+08_00.csv,600,600,0.0,True,4358.44775390625,4358.44775390625,4358.44775390625,4358.60595703125
wikitext12l_100m,diag_cproj_k,2025,mainconf_reference_lr001_wikitext12l_100m_diag_cproj_k_seed2025,cuda/memory_allocated_mib,wandb_export_2026-07-18T13_41_29.938+08_00.csv,611,611,0.0,True,3498.74169921875,3504.74169921875,3498.74169921875,3510.60400390625
wikitext12l_100m,diag_cproj_k,2024,mainconf_reference_lr001_wikitext12l_100m_diag_cproj_k_seed2024,cuda/memory_allocated_mib,wandb_export_2026-07-18T13_41_29.938+08_00.csv,611,611,0.0,True,3496.11669921875,3500.85400390625,3496.11669921875,3502.87646484375
owt12l_100m,diag_cproj_k,2026,mainconf_reference_lr001_owt12l_100m_diag_cproj_k_seed2026,cuda/memory_allocated_mib,wandb_export_2026-07-18T13_41_29.938+08_00.csv,611,611,0.0,True,3495.49169921875,3500.74169921875,3495.49169921875,3505.97900390625
owt12l_100m,diag_cproj_k,2025,mainconf_reference_lr001_owt12l_100m_diag_cproj_k_seed2025,cuda/memory_allocated_mib,wandb_export_2026-07-18T13_41_29.938+08_00.csv,611,611,0.0,True,3492.74169921875,3501.25146484375,3492.74169921875,3503.87646484375
owt12l_100m,diag_cproj_k,2024,mainconf_reference_lr001_owt12l_100m_diag_cproj_k_seed2024,cuda/memory_allocated_mib,wandb_export_2026-07-18T13_41_29.938+08_00.csv,611,611,0.0,True,3492.24169921875,3498.23876953125,3492.24169921875,3504.47900390625
wikitext12l_100m,muon_blog,2026,mainconf_reference_lr001_wikitext12l_100m_muon_blog_seed2026,cuda/memory_allocated_mib,wandb_export_2026-07-18T12_22_52.149+08_00.csv,611,611,0.0,True,1946.47314453125,1946.47314453125,1946.47314453125,1946.47314453125
owt18l_3k,muon_blog,2026,mainconf_reference_lr001_owt18l_3k_muon_blog_seed2026,cuda/memory_allocated_mib,wandb_export_2026-07-18T12_29_47.579+08_00.csv,150,150,0.0,True,1879.62060546875,1879.62060546875,1879.62060546875,1879.62060546875
owt18l_3k,muon_blog,2025,mainconf_reference_lr001_owt18l_3k_muon_blog_seed2025,cuda/memory_allocated_mib,wandb_export_2026-07-18T12_29_47.579+08_00.csv,150,150,0.0,True,1879.62060546875,1879.62060546875,1879.62060546875,1879.62060546875
owt18l_3k,muon_blog,2024,mainconf_reference_lr001_owt18l_3k_muon_blog_seed2024,cuda/memory_allocated_mib,wandb_export_2026-07-18T12_37_51.845+08_00.csv,150,150,0.0,True,1879.62060546875,1879.62060546875,1879.62060546875,1879.62060546875
wikitext24l_12k_lr001,muon_blog,2026,mainconf_reference_lr001_wikitext24l_12k_lr001_muon_blog_seed2026,cuda/memory_allocated_mib,wandb_export_2026-07-18T13_16_49.785+08_00.csv,600,600,0.0,True,3061.69775390625,3061.69775390625,3061.69775390625,3061.69775390625
wikitext24l_12k_lr001,muon_blog,2025,mainconf_reference_lr001_wikitext24l_12k_lr001_muon_blog_seed2025,cuda/memory_allocated_mib,wandb_export_2026-07-18T13_16_49.785+08_00.csv,600,600,0.0,True,3061.69775390625,3061.69775390625,3061.69775390625,3061.69775390625
wikitext24l_12k_lr001,muon_blog,2024,mainconf_reference_lr001_wikitext24l_12k_lr001_muon_blog_seed2024,cuda/memory_allocated_mib,wandb_export_2026-07-18T13_16_49.785+08_00.csv,600,600,0.0,True,3061.69775390625,3061.69775390625,3061.69775390625,3061.69775390625
owt24l_12k,muon_blog,2026,mainconf_reference_lr001_owt24l_12k_muon_blog_seed2026,cuda/memory_allocated_mib,wandb_export_2026-07-18T13_16_49.785+08_00.csv,600,600,0.0,True,3061.69775390625,3061.69775390625,3061.69775390625,3061.69775390625
owt24l_12k,muon_blog,2025,mainconf_reference_lr001_owt24l_12k_muon_blog_seed2025,cuda/memory_allocated_mib,wandb_export_2026-07-18T13_16_49.785+08_00.csv,600,600,0.0,True,3061.69775390625,3061.69775390625,3061.69775390625,3061.69775390625
owt24l_12k,muon_blog,2024,mainconf_reference_lr001_owt24l_12k_muon_blog_seed2024,cuda/memory_allocated_mib,wandb_export_2026-07-18T13_16_49.785+08_00.csv,600,600,0.0,True,3061.69775390625,3061.69775390625,3061.69775390625,3061.69775390625
wikitext12l_100m,muon_blog,2025,mainconf_reference_lr001_wikitext12l_100m_muon_blog_seed2025,cuda/memory_allocated_mib,wandb_export_2026-07-18T13_41_29.938+08_00.csv,611,611,0.0,True,1946.47314453125,1946.47314453125,1946.47314453125,1946.47314453125
wikitext12l_100m,muon_blog,2024,mainconf_reference_lr001_wikitext12l_100m_muon_blog_seed2024,cuda/memory_allocated_mib,wandb_export_2026-07-18T13_41_29.938+08_00.csv,611,611,0.0,True,1946.47314453125,1946.47314453125,1946.47314453125,1946.47314453125
owt12l_100m,muon_blog,2026,mainconf_reference_lr001_owt12l_100m_muon_blog_seed2026,cuda/memory_allocated_mib,wandb_export_2026-07-18T13_41_29.938+08_00.csv,611,611,0.0,True,1946.47314453125,1946.47314453125,1946.47314453125,1946.47314453125
owt12l_100m,muon_blog,2025,mainconf_reference_lr001_owt12l_100m_muon_blog_seed2025,cuda/memory_allocated_mib,wandb_export_2026-07-18T13_41_29.938+08_00.csv,611,611,0.0,True,1946.47314453125,1946.47314453125,1946.47314453125,1946.47314453125
owt12l_100m,muon_blog,2024,mainconf_reference_lr001_owt12l_100m_muon_blog_seed2024,cuda/memory_allocated_mib,wandb_export_2026-07-18T13_41_29.938+08_00.csv,611,611,0.0,True,1946.47314453125,1946.47314453125,1946.47314453125,1946.47314453125
wikitext12l_100m,no_cproj_k,2026,mainconf_reference_lr001_wikitext12l_100m_no_cproj_k_seed2026,cuda/memory_allocated_mib,wandb_export_2026-07-18T12_22_52.149+08_00.csv,611,611,0.0,True,2915.09814453125,2922.08544921875,2914.21044921875,2922.61083984375
owt18l_3k,no_cproj_k,2026,mainconf_reference_lr001_owt18l_3k_no_cproj_k_seed2026,cuda/memory_allocated_mib,wandb_export_2026-07-18T12_29_47.579+08_00.csv,150,150,0.0,True,2792.49560546875,2802.494140625,2792.24560546875,2813.25048828125
owt18l_3k,no_cproj_k,2025,mainconf_reference_lr001_owt18l_3k_no_cproj_k_seed2025,cuda/memory_allocated_mib,wandb_export_2026-07-18T12_29_47.579+08_00.csv,150,150,0.0,True,2792.4892578125,2803.35498046875,2792.4892578125,2810.46728515625
owt18l_3k,no_cproj_k,2024,mainconf_reference_lr001_owt18l_3k_no_cproj_k_seed2024,cuda/memory_allocated_mib,wandb_export_2026-07-18T12_37_51.845+08_00.csv,150,150,0.0,True,2794.9892578125,2810.2265625,2793.9892578125,2810.2265625
wikitext24l_12k_lr001,no_cproj_k,2026,mainconf_reference_lr001_wikitext24l_12k_lr001_no_cproj_k_seed2026,cuda/memory_allocated_mib,wandb_export_2026-07-18T13_16_49.785+08_00.csv,600,600,0.0,True,4165.69775390625,4165.69775390625,4165.69775390625,4165.85595703125
wikitext24l_12k_lr001,no_cproj_k,2025,mainconf_reference_lr001_wikitext24l_12k_lr001_no_cproj_k_seed2025,cuda/memory_allocated_mib,wandb_export_2026-07-18T13_16_49.785+08_00.csv,600,600,0.0,True,4165.69775390625,4165.69775390625,4165.69775390625,4165.69775390625
wikitext24l_12k_lr001,no_cproj_k,2024,mainconf_reference_lr001_wikitext24l_12k_lr001_no_cproj_k_seed2024,cuda/memory_allocated_mib,wandb_export_2026-07-18T13_16_49.785+08_00.csv,600,600,0.0,True,4165.69775390625,4165.69775390625,4165.69775390625,4165.85595703125
owt24l_12k,no_cproj_k,2026,mainconf_reference_lr001_owt24l_12k_no_cproj_k_seed2026,cuda/memory_allocated_mib,wandb_export_2026-07-18T13_16_49.785+08_00.csv,600,600,0.0,True,4165.69775390625,4165.69775390625,4165.69775390625,4165.85595703125
owt24l_12k,no_cproj_k,2025,mainconf_reference_lr001_owt24l_12k_no_cproj_k_seed2025,cuda/memory_allocated_mib,wandb_export_2026-07-18T13_16_49.785+08_00.csv,600,600,0.0,True,4165.69775390625,4165.69775390625,4165.69775390625,4165.69775390625
owt24l_12k,no_cproj_k,2024,mainconf_reference_lr001_owt24l_12k_no_cproj_k_seed2024,cuda/memory_allocated_mib,wandb_export_2026-07-18T13_16_49.785+08_00.csv,600,600,0.0,True,4165.69775390625,4165.69775390625,4165.69775390625,4165.69775390625
wikitext12l_100m,no_cproj_k,2025,mainconf_reference_lr001_wikitext12l_100m_no_cproj_k_seed2025,cuda/memory_allocated_mib,wandb_export_2026-07-18T13_41_29.938+08_00.csv,611,611,0.0,True,2917.71044921875,2922.82275390625,2917.71044921875,2929.09814453125
wikitext12l_100m,no_cproj_k,2024,mainconf_reference_lr001_wikitext12l_100m_no_cproj_k_seed2024,cuda/memory_allocated_mib,wandb_export_2026-07-18T13_41_29.938+08_00.csv,611,611,0.0,True,2916.11083984375,2919.48583984375,2915.84814453125,2926.48583984375
owt12l_100m,no_cproj_k,2026,mainconf_reference_lr001_owt12l_100m_no_cproj_k_seed2026,cuda/memory_allocated_mib,wandb_export_2026-07-18T13_41_29.938+08_00.csv,611,611,0.0,True,2917.72314453125,2922.34814453125,2917.72314453125,2926.96044921875
owt12l_100m,no_cproj_k,2025,mainconf_reference_lr001_owt12l_100m_no_cproj_k_seed2025,cuda/memory_allocated_mib,wandb_export_2026-07-18T13_41_29.938+08_00.csv,611,611,0.0,True,2915.09814453125,2922.08544921875,2914.21044921875,2922.61083984375
owt12l_100m,no_cproj_k,2024,mainconf_reference_lr001_owt12l_100m_no_cproj_k_seed2024,cuda/memory_allocated_mib,wandb_export_2026-07-18T13_41_29.938+08_00.csv,611,611,0.0,True,2915.97314453125,2920.99853515625,2915.22314453125,2924.97314453125
wikitext12l_100m,paper_block4,2026,mainconf_reference_lr001_wikitext12l_100m_paper_block4_seed2026,cuda/memory_allocated_mib,wandb_export_2026-07-18T12_22_52.149+08_00.csv,611,611,0.0,True,3819.46044921875,3826.57275390625,3819.46044921875,3831.72021484375
owt18l_3k,paper_block4,2026,mainconf_reference_lr001_owt18l_3k_paper_block4_seed2026,cuda/memory_allocated_mib,wandb_export_2026-07-18T12_29_47.579+08_00.csv,150,150,0.0,True,3720.49560546875,3741.38818359375,3720.49560546875,3746.12060546875
owt18l_3k,paper_block4,2025,mainconf_reference_lr001_owt18l_3k_paper_block4_seed2025,cuda/memory_allocated_mib,wandb_export_2026-07-18T12_29_47.579+08_00.csv,150,150,0.0,True,3714.37060546875,3738.3642578125,3714.37060546875,3743.25048828125
owt18l_3k,paper_block4,2024,mainconf_reference_lr001_owt18l_3k_paper_block4_seed2024,cuda/memory_allocated_mib,wandb_export_2026-07-18T12_37_51.845+08_00.csv,150,150,0.0,True,3715.87060546875,3731.9912109375,3715.87060546875,3739.4892578125
wikitext24l_12k_lr001,paper_block4,2026,mainconf_reference_lr001_wikitext24l_12k_lr001_paper_block4_seed2026,cuda/memory_allocated_mib,wandb_export_2026-07-18T13_16_49.785+08_00.csv,600,600,0.0,True,5509.69775390625,5509.69775390625,5509.69775390625,5509.85595703125
wikitext24l_12k_lr001,paper_block4,2025,mainconf_reference_lr001_wikitext24l_12k_lr001_paper_block4_seed2025,cuda/memory_allocated_mib,wandb_export_2026-07-18T13_16_49.785+08_00.csv,600,600,0.0,True,5509.85595703125,5509.69775390625,5509.69775390625,5510.01416015625
wikitext24l_12k_lr001,paper_block4,2024,mainconf_reference_lr001_wikitext24l_12k_lr001_paper_block4_seed2024,cuda/memory_allocated_mib,wandb_export_2026-07-18T13_16_49.785+08_00.csv,600,600,0.0,True,5509.69775390625,5509.69775390625,5509.69775390625,5509.85595703125
owt24l_12k,paper_block4,2026,mainconf_reference_lr001_owt24l_12k_paper_block4_seed2026,cuda/memory_allocated_mib,wandb_export_2026-07-18T13_16_49.785+08_00.csv,600,600,0.0,True,5509.69775390625,5509.85595703125,5509.69775390625,5510.01416015625
owt24l_12k,paper_block4,2025,mainconf_reference_lr001_owt24l_12k_paper_block4_seed2025,cuda/memory_allocated_mib,wandb_export_2026-07-18T13_16_49.785+08_00.csv,600,600,0.0,True,5509.69775390625,5509.69775390625,5509.69775390625,5509.85595703125
owt24l_12k,paper_block4,2024,mainconf_reference_lr001_owt24l_12k_paper_block4_seed2024,cuda/memory_allocated_mib,wandb_export_2026-07-18T13_16_49.785+08_00.csv,600,600,0.0,True,5509.69775390625,5509.69775390625,5509.69775390625,5510.01416015625
wikitext12l_100m,paper_block4,2025,mainconf_reference_lr001_wikitext12l_100m_paper_block4_seed2025,cuda/memory_allocated_mib,wandb_export_2026-07-18T13_41_29.938+08_00.csv,611,611,0.0,True,3822.83544921875,3824.71044921875,3822.83544921875,3831.96044921875
wikitext12l_100m,paper_block4,2024,mainconf_reference_lr001_wikitext12l_100m_paper_block4_seed2024,cuda/memory_allocated_mib,wandb_export_2026-07-18T13_41_29.938+08_00.csv,611,611,0.0,True,3816.08544921875,3825.08544921875,3816.08544921875,3827.34521484375
owt12l_100m,paper_block4,2026,mainconf_reference_lr001_owt12l_100m_paper_block4_seed2026,cuda/memory_allocated_mib,wandb_export_2026-07-18T13_41_29.938+08_00.csv,611,611,0.0,True,3819.46044921875,3826.57275390625,3819.46044921875,3831.72021484375
owt12l_100m,paper_block4,2025,mainconf_reference_lr001_owt12l_100m_paper_block4_seed2025,cuda/memory_allocated_mib,wandb_export_2026-07-18T13_41_29.938+08_00.csv,611,611,0.0,True,3816.71044921875,3823.83544921875,3816.71044921875,3827.82275390625
owt12l_100m,paper_block4,2024,mainconf_reference_lr001_owt12l_100m_paper_block4_seed2024,cuda/memory_allocated_mib,wandb_export_2026-07-18T13_41_29.938+08_00.csv,611,611,0.0,True,3823.71044921875,3828.96044921875,3823.71044921875,3832.94775390625
wikitext12l_100m,diag_cproj_k,2026,mainconf_reference_lr001_wikitext12l_100m_diag_cproj_k_seed2026,lr/adamw,wandb_export_2026-07-18T12_23_03.453+08_00.csv,25,25,0.0,True,0.0,0.0001006551770792,0.0,0.0009975785943348
owt18l_3k,diag_cproj_k,2026,mainconf_reference_lr001_owt18l_3k_diag_cproj_k_seed2026,lr/adamw,wandb_export_2026-07-18T12_29_58.214+08_00.csv,6,6,0.0,True,0.0,0.0001644142707245,0.0,0.0009584089388519
owt18l_3k,diag_cproj_k,2025,mainconf_reference_lr001_owt18l_3k_diag_cproj_k_seed2025,lr/adamw,wandb_export_2026-07-18T12_29_58.214+08_00.csv,6,6,0.0,True,0.0,0.0001644142707245,0.0,0.0009584089388519
owt18l_3k,diag_cproj_k,2024,mainconf_reference_lr001_owt18l_3k_diag_cproj_k_seed2024,lr/adamw,wandb_export_2026-07-18T12_38_02.875+08_00.csv,6,6,0.0,True,0.0,0.0001644142707245,0.0,0.0009584089388519
wikitext24l_12k_lr001,diag_cproj_k,2026,mainconf_reference_lr001_wikitext24l_12k_lr001_diag_cproj_k_seed2026,lr/adamw,wandb_export_2026-07-18T13_17_01.525+08_00.csv,24,24,0.0,True,0.0,0.0001,0.0,0.0009584089388519
wikitext24l_12k_lr001,diag_cproj_k,2025,mainconf_reference_lr001_wikitext24l_12k_lr001_diag_cproj_k_seed2025,lr/adamw,wandb_export_2026-07-18T13_17_01.525+08_00.csv,24,24,0.0,True,0.0,0.0001,0.0,0.0009584089388519
wikitext24l_12k_lr001,diag_cproj_k,2024,mainconf_reference_lr001_wikitext24l_12k_lr001_diag_cproj_k_seed2024,lr/adamw,wandb_export_2026-07-18T13_17_01.525+08_00.csv,24,24,0.0,True,0.0,0.0001,0.0,0.0009584089388519
owt24l_12k,diag_cproj_k,2026,mainconf_reference_lr001_owt24l_12k_diag_cproj_k_seed2026,lr/adamw,wandb_export_2026-07-18T13_17_01.525+08_00.csv,24,24,0.0,True,0.0,0.0001,0.0,0.0009584089388519
owt24l_12k,diag_cproj_k,2025,mainconf_reference_lr001_owt24l_12k_diag_cproj_k_seed2025,lr/adamw,wandb_export_2026-07-18T13_17_01.525+08_00.csv,24,24,0.0,True,0.0,0.0001,0.0,0.0009584089388519
owt24l_12k,diag_cproj_k,2024,mainconf_reference_lr001_owt24l_12k_diag_cproj_k_seed2024,lr/adamw,wandb_export_2026-07-18T13_17_01.525+08_00.csv,24,24,0.0,True,0.0,0.0001,0.0,0.0009584089388519
wikitext12l_100m,diag_cproj_k,2025,mainconf_reference_lr001_wikitext12l_100m_diag_cproj_k_seed2025,lr/adamw,wandb_export_2026-07-18T13_41_39.737+08_00.csv,25,25,0.0,True,0.0,0.0001006551770792,0.0,0.0009975785943348
wikitext12l_100m,diag_cproj_k,2024,mainconf_reference_lr001_wikitext12l_100m_diag_cproj_k_seed2024,lr/adamw,wandb_export_2026-07-18T13_41_39.737+08_00.csv,25,25,0.0,True,0.0,0.0001006551770792,0.0,0.0009975785943348
owt12l_100m,diag_cproj_k,2026,mainconf_reference_lr001_owt12l_100m_diag_cproj_k_seed2026,lr/adamw,wandb_export_2026-07-18T13_41_39.737+08_00.csv,25,25,0.0,True,0.0,0.0001006551770792,0.0,0.0009975785943348
owt12l_100m,diag_cproj_k,2025,mainconf_reference_lr001_owt12l_100m_diag_cproj_k_seed2025,lr/adamw,wandb_export_2026-07-18T13_41_39.737+08_00.csv,25,25,0.0,True,0.0,0.0001006551770792,0.0,0.0009975785943348
owt12l_100m,diag_cproj_k,2024,mainconf_reference_lr001_owt12l_100m_diag_cproj_k_seed2024,lr/adamw,wandb_export_2026-07-18T13_41_39.737+08_00.csv,25,25,0.0,True,0.0,0.0001006551770792,0.0,0.0009975785943348
wikitext12l_100m,muon_blog,2026,mainconf_reference_lr001_wikitext12l_100m_muon_blog_seed2026,lr/adamw,wandb_export_2026-07-18T12_23_03.453+08_00.csv,25,25,0.0,True,0.0,0.0001006551770792,0.0,0.0009975785943348
owt18l_3k,muon_blog,2026,mainconf_reference_lr001_owt18l_3k_muon_blog_seed2026,lr/adamw,wandb_export_2026-07-18T12_29_58.214+08_00.csv,6,6,0.0,True,0.0,0.0001644142707245,0.0,0.0009584089388519
owt18l_3k,muon_blog,2025,mainconf_reference_lr001_owt18l_3k_muon_blog_seed2025,lr/adamw,wandb_export_2026-07-18T12_29_58.214+08_00.csv,6,6,0.0,True,0.0,0.0001644142707245,0.0,0.0009584089388519
owt18l_3k,muon_blog,2024,mainconf_reference_lr001_owt18l_3k_muon_blog_seed2024,lr/adamw,wandb_export_2026-07-18T12_38_02.875+08_00.csv,6,6,0.0,True,0.0,0.0001644142707245,0.0,0.0009584089388519
wikitext24l_12k_lr001,muon_blog,2026,mainconf_reference_lr001_wikitext24l_12k_lr001_muon_blog_seed2026,lr/adamw,wandb_export_2026-07-18T13_17_01.525+08_00.csv,24,24,0.0,True,0.0,0.0001,0.0,0.0009584089388519
wikitext24l_12k_lr001,muon_blog,2025,mainconf_reference_lr001_wikitext24l_12k_lr001_muon_blog_seed2025,lr/adamw,wandb_export_2026-07-18T13_17_01.525+08_00.csv,24,24,0.0,True,0.0,0.0001,0.0,0.0009584089388519
wikitext24l_12k_lr001,muon_blog,2024,mainconf_reference_lr001_wikitext24l_12k_lr001_muon_blog_seed2024,lr/adamw,wandb_export_2026-07-18T13_17_01.525+08_00.csv,24,24,0.0,True,0.0,0.0001,0.0,0.0009584089388519
owt24l_12k,muon_blog,2026,mainconf_reference_lr001_owt24l_12k_muon_blog_seed2026,lr/adamw,wandb_export_2026-07-18T13_17_01.525+08_00.csv,24,24,0.0,True,0.0,0.0001,0.0,0.0009584089388519
owt24l_12k,muon_blog,2025,mainconf_reference_lr001_owt24l_12k_muon_blog_seed2025,lr/adamw,wandb_export_2026-07-18T13_17_01.525+08_00.csv,24,24,0.0,True,0.0,0.0001,0.0,0.0009584089388519
owt24l_12k,muon_blog,2024,mainconf_reference_lr001_owt24l_12k_muon_blog_seed2024,lr/adamw,wandb_export_2026-07-18T13_17_01.525+08_00.csv,24,24,0.0,True,0.0,0.0001,0.0,0.0009584089388519
wikitext12l_100m,muon_blog,2025,mainconf_reference_lr001_wikitext12l_100m_muon_blog_seed2025,lr/adamw,wandb_export_2026-07-18T13_41_39.737+08_00.csv,25,25,0.0,True,0.0,0.0001006551770792,0.0,0.0009975785943348
wikitext12l_100m,muon_blog,2024,mainconf_reference_lr001_wikitext12l_100m_muon_blog_seed2024,lr/adamw,wandb_export_2026-07-18T13_41_39.737+08_00.csv,25,25,0.0,True,0.0,0.0001006551770792,0.0,0.0009975785943348
owt12l_100m,muon_blog,2026,mainconf_reference_lr001_owt12l_100m_muon_blog_seed2026,lr/adamw,wandb_export_2026-07-18T13_41_39.737+08_00.csv,25,25,0.0,True,0.0,0.0001006551770792,0.0,0.0009975785943348
owt12l_100m,muon_blog,2025,mainconf_reference_lr001_owt12l_100m_muon_blog_seed2025,lr/adamw,wandb_export_2026-07-18T13_41_39.737+08_00.csv,25,25,0.0,True,0.0,0.0001006551770792,0.0,0.0009975785943348
owt12l_100m,muon_blog,2024,mainconf_reference_lr001_owt12l_100m_muon_blog_seed2024,lr/adamw,wandb_export_2026-07-18T13_41_39.737+08_00.csv,25,25,0.0,True,0.0,0.0001006551770792,0.0,0.0009975785943348
wikitext12l_100m,no_cproj_k,2026,mainconf_reference_lr001_wikitext12l_100m_no_cproj_k_seed2026,lr/adamw,wandb_export_2026-07-18T12_23_03.453+08_00.csv,25,25,0.0,True,0.0,0.0001006551770792,0.0,0.0009975785943348
owt18l_3k,no_cproj_k,2026,mainconf_reference_lr001_owt18l_3k_no_cproj_k_seed2026,lr/adamw,wandb_export_2026-07-18T12_29_58.214+08_00.csv,6,6,0.0,True,0.0,0.0001644142707245,0.0,0.0009584089388519
owt18l_3k,no_cproj_k,2025,mainconf_reference_lr001_owt18l_3k_no_cproj_k_seed2025,lr/adamw,wandb_export_2026-07-18T12_29_58.214+08_00.csv,6,6,0.0,True,0.0,0.0001644142707245,0.0,0.0009584089388519
owt18l_3k,no_cproj_k,2024,mainconf_reference_lr001_owt18l_3k_no_cproj_k_seed2024,lr/adamw,wandb_export_2026-07-18T12_38_02.875+08_00.csv,6,6,0.0,True,0.0,0.0001644142707245,0.0,0.0009584089388519
wikitext24l_12k_lr001,no_cproj_k,2026,mainconf_reference_lr001_wikitext24l_12k_lr001_no_cproj_k_seed2026,lr/adamw,wandb_export_2026-07-18T13_17_01.525+08_00.csv,24,24,0.0,True,0.0,0.0001,0.0,0.0009584089388519
wikitext24l_12k_lr001,no_cproj_k,2025,mainconf_reference_lr001_wikitext24l_12k_lr001_no_cproj_k_seed2025,lr/adamw,wandb_export_2026-07-18T13_17_01.525+08_00.csv,24,24,0.0,True,0.0,0.0001,0.0,0.0009584089388519
wikitext24l_12k_lr001,no_cproj_k,2024,mainconf_reference_lr001_wikitext24l_12k_lr001_no_cproj_k_seed2024,lr/adamw,wandb_export_2026-07-18T13_17_01.525+08_00.csv,24,24,0.0,True,0.0,0.0001,0.0,0.0009584089388519
owt24l_12k,no_cproj_k,2026,mainconf_reference_lr001_owt24l_12k_no_cproj_k_seed2026,lr/adamw,wandb_export_2026-07-18T13_17_01.525+08_00.csv,24,24,0.0,True,0.0,0.0001,0.0,0.0009584089388519
owt24l_12k,no_cproj_k,2025,mainconf_reference_lr001_owt24l_12k_no_cproj_k_seed2025,lr/adamw,wandb_export_2026-07-18T13_17_01.525+08_00.csv,24,24,0.0,True,0.0,0.0001,0.0,0.0009584089388519
owt24l_12k,no_cproj_k,2024,mainconf_reference_lr001_owt24l_12k_no_cproj_k_seed2024,lr/adamw,wandb_export_2026-07-18T13_17_01.525+08_00.csv,24,24,0.0,True,0.0,0.0001,0.0,0.0009584089388519
wikitext12l_100m,no_cproj_k,2025,mainconf_reference_lr001_wikitext12l_100m_no_cproj_k_seed2025,lr/adamw,wandb_export_2026-07-18T13_41_39.737+08_00.csv,25,25,0.0,True,0.0,0.0001006551770792,0.0,0.0009975785943348
wikitext12l_100m,no_cproj_k,2024,mainconf_reference_lr001_wikitext12l_100m_no_cproj_k_seed2024,lr/adamw,wandb_export_2026-07-18T13_41_39.737+08_00.csv,25,25,0.0,True,0.0,0.0001006551770792,0.0,0.0009975785943348
owt12l_100m,no_cproj_k,2026,mainconf_reference_lr001_owt12l_100m_no_cproj_k_seed2026,lr/adamw,wandb_export_2026-07-18T13_41_39.737+08_00.csv,25,25,0.0,True,0.0,0.0001006551770792,0.0,0.0009975785943348
owt12l_100m,no_cproj_k,2025,mainconf_reference_lr001_owt12l_100m_no_cproj_k_seed2025,lr/adamw,wandb_export_2026-07-18T13_41_39.737+08_00.csv,25,25,0.0,True,0.0,0.0001006551770792,0.0,0.0009975785943348
owt12l_100m,no_cproj_k,2024,mainconf_reference_lr001_owt12l_100m_no_cproj_k_seed2024,lr/adamw,wandb_export_2026-07-18T13_41_39.737+08_00.csv,25,25,0.0,True,0.0,0.0001006551770792,0.0,0.0009975785943348
wikitext12l_100m,paper_block4,2026,mainconf_reference_lr001_wikitext12l_100m_paper_block4_seed2026,lr/adamw,wandb_export_2026-07-18T12_23_03.453+08_00.csv,25,25,0.0,True,0.0,0.0001006551770792,0.0,0.0009975785943348
owt18l_3k,paper_block4,2026,mainconf_reference_lr001_owt18l_3k_paper_block4_seed2026,lr/adamw,wandb_export_2026-07-18T12_29_58.214+08_00.csv,6,6,0.0,True,0.0,0.0001644142707245,0.0,0.0009584089388519
owt18l_3k,paper_block4,2025,mainconf_reference_lr001_owt18l_3k_paper_block4_seed2025,lr/adamw,wandb_export_2026-07-18T12_29_58.214+08_00.csv,6,6,0.0,True,0.0,0.0001644142707245,0.0,0.0009584089388519
owt18l_3k,paper_block4,2024,mainconf_reference_lr001_owt18l_3k_paper_block4_seed2024,lr/adamw,wandb_export_2026-07-18T12_38_02.875+08_00.csv,6,6,0.0,True,0.0,0.0001644142707245,0.0,0.0009584089388519
wikitext24l_12k_lr001,paper_block4,2026,mainconf_reference_lr001_wikitext24l_12k_lr001_paper_block4_seed2026,lr/adamw,wandb_export_2026-07-18T13_17_01.525+08_00.csv,24,24,0.0,True,0.0,0.0001,0.0,0.0009584089388519
wikitext24l_12k_lr001,paper_block4,2025,mainconf_reference_lr001_wikitext24l_12k_lr001_paper_block4_seed2025,lr/adamw,wandb_export_2026-07-18T13_17_01.525+08_00.csv,24,24,0.0,True,0.0,0.0001,0.0,0.0009584089388519
wikitext24l_12k_lr001,paper_block4,2024,mainconf_reference_lr001_wikitext24l_12k_lr001_paper_block4_seed2024,lr/adamw,wandb_export_2026-07-18T13_17_01.525+08_00.csv,24,24,0.0,True,0.0,0.0001,0.0,0.0009584089388519
owt24l_12k,paper_block4,2026,mainconf_reference_lr001_owt24l_12k_paper_block4_seed2026,lr/adamw,wandb_export_2026-07-18T13_17_01.525+08_00.csv,24,24,0.0,True,0.0,0.0001,0.0,0.0009584089388519
owt24l_12k,paper_block4,2025,mainconf_reference_lr001_owt24l_12k_paper_block4_seed2025,lr/adamw,wandb_export_2026-07-18T13_17_01.525+08_00.csv,24,24,0.0,True,0.0,0.0001,0.0,0.0009584089388519
owt24l_12k,paper_block4,2024,mainconf_reference_lr001_owt24l_12k_paper_block4_seed2024,lr/adamw,wandb_export_2026-07-18T13_17_01.525+08_00.csv,24,24,0.0,True,0.0,0.0001,0.0,0.0009584089388519
wikitext12l_100m,paper_block4,2025,mainconf_reference_lr001_wikitext12l_100m_paper_block4_seed2025,lr/adamw,wandb_export_2026-07-18T13_41_39.737+08_00.csv,25,25,0.0,True,0.0,0.0001006551770792,0.0,0.0009975785943348
wikitext12l_100m,paper_block4,2024,mainconf_reference_lr001_wikitext12l_100m_paper_block4_seed2024,lr/adamw,wandb_export_2026-07-18T13_41_39.737+08_00.csv,25,25,0.0,True,0.0,0.0001006551770792,0.0,0.0009975785943348
owt12l_100m,paper_block4,2026,mainconf_reference_lr001_owt12l_100m_paper_block4_seed2026,lr/adamw,wandb_export_2026-07-18T13_41_39.737+08_00.csv,25,25,0.0,True,0.0,0.0001006551770792,0.0,0.0009975785943348
owt12l_100m,paper_block4,2025,mainconf_reference_lr001_owt12l_100m_paper_block4_seed2025,lr/adamw,wandb_export_2026-07-18T13_41_39.737+08_00.csv,25,25,0.0,True,0.0,0.0001006551770792,0.0,0.0009975785943348
owt12l_100m,paper_block4,2024,mainconf_reference_lr001_owt12l_100m_paper_block4_seed2024,lr/adamw,wandb_export_2026-07-18T13_41_39.737+08_00.csv,25,25,0.0,True,0.0,0.0001006551770792,0.0,0.0009975785943348
wikitext12l_100m,diag_cproj_k,2026,mainconf_reference_lr001_wikitext12l_100m_diag_cproj_k_seed2026,lr/matrix,wandb_export_2026-07-18T12_22_59.444+08_00.csv,25,25,0.0,True,0.01,0.01,0.01,0.01
owt18l_3k,diag_cproj_k,2026,mainconf_reference_lr001_owt18l_3k_diag_cproj_k_seed2026,lr/matrix,wandb_export_2026-07-18T12_29_54.293+08_00.csv,6,6,0.0,True,0.01,0.01,0.01,0.01
owt18l_3k,diag_cproj_k,2025,mainconf_reference_lr001_owt18l_3k_diag_cproj_k_seed2025,lr/matrix,wandb_export_2026-07-18T12_29_54.293+08_00.csv,6,6,0.0,True,0.01,0.01,0.01,0.01
owt18l_3k,diag_cproj_k,2024,mainconf_reference_lr001_owt18l_3k_diag_cproj_k_seed2024,lr/matrix,wandb_export_2026-07-18T12_37_59.438+08_00.csv,6,6,0.0,True,0.01,0.01,0.01,0.01
wikitext24l_12k_lr001,diag_cproj_k,2026,mainconf_reference_lr001_wikitext24l_12k_lr001_diag_cproj_k_seed2026,lr/matrix,wandb_export_2026-07-18T13_16_57.852+08_00.csv,24,24,0.0,True,0.01,0.01,0.01,0.01
wikitext24l_12k_lr001,diag_cproj_k,2025,mainconf_reference_lr001_wikitext24l_12k_lr001_diag_cproj_k_seed2025,lr/matrix,wandb_export_2026-07-18T13_16_57.852+08_00.csv,24,24,0.0,True,0.01,0.01,0.01,0.01
wikitext24l_12k_lr001,diag_cproj_k,2024,mainconf_reference_lr001_wikitext24l_12k_lr001_diag_cproj_k_seed2024,lr/matrix,wandb_export_2026-07-18T13_16_57.852+08_00.csv,24,24,0.0,True,0.01,0.01,0.01,0.01
owt24l_12k,diag_cproj_k,2026,mainconf_reference_lr001_owt24l_12k_diag_cproj_k_seed2026,lr/matrix,wandb_export_2026-07-18T13_16_57.852+08_00.csv,24,24,0.0,True,0.01,0.01,0.01,0.01
owt24l_12k,diag_cproj_k,2025,mainconf_reference_lr001_owt24l_12k_diag_cproj_k_seed2025,lr/matrix,wandb_export_2026-07-18T13_16_57.852+08_00.csv,24,24,0.0,True,0.01,0.01,0.01,0.01
owt24l_12k,diag_cproj_k,2024,mainconf_reference_lr001_owt24l_12k_diag_cproj_k_seed2024,lr/matrix,wandb_export_2026-07-18T13_16_57.852+08_00.csv,24,24,0.0,True,0.01,0.01,0.01,0.01
wikitext12l_100m,diag_cproj_k,2025,mainconf_reference_lr001_wikitext12l_100m_diag_cproj_k_seed2025,lr/matrix,wandb_export_2026-07-18T13_41_36.300+08_00.csv,25,25,0.0,True,0.01,0.01,0.01,0.01
wikitext12l_100m,diag_cproj_k,2024,mainconf_reference_lr001_wikitext12l_100m_diag_cproj_k_seed2024,lr/matrix,wandb_export_2026-07-18T13_41_36.300+08_00.csv,25,25,0.0,True,0.01,0.01,0.01,0.01
owt12l_100m,diag_cproj_k,2026,mainconf_reference_lr001_owt12l_100m_diag_cproj_k_seed2026,lr/matrix,wandb_export_2026-07-18T13_41_36.300+08_00.csv,25,25,0.0,True,0.01,0.01,0.01,0.01
owt12l_100m,diag_cproj_k,2025,mainconf_reference_lr001_owt12l_100m_diag_cproj_k_seed2025,lr/matrix,wandb_export_2026-07-18T13_41_36.300+08_00.csv,25,25,0.0,True,0.01,0.01,0.01,0.01
owt12l_100m,diag_cproj_k,2024,mainconf_reference_lr001_owt12l_100m_diag_cproj_k_seed2024,lr/matrix,wandb_export_2026-07-18T13_41_36.300+08_00.csv,25,25,0.0,True,0.01,0.01,0.01,0.01
wikitext12l_100m,muon_blog,2026,mainconf_reference_lr001_wikitext12l_100m_muon_blog_seed2026,lr/matrix,wandb_export_2026-07-18T12_22_59.444+08_00.csv,25,25,0.0,True,0.01,0.01,0.01,0.01
owt18l_3k,muon_blog,2026,mainconf_reference_lr001_owt18l_3k_muon_blog_seed2026,lr/matrix,wandb_export_2026-07-18T12_29_54.293+08_00.csv,6,6,0.0,True,0.01,0.01,0.01,0.01
owt18l_3k,muon_blog,2025,mainconf_reference_lr001_owt18l_3k_muon_blog_seed2025,lr/matrix,wandb_export_2026-07-18T12_29_54.293+08_00.csv,6,6,0.0,True,0.01,0.01,0.01,0.01
owt18l_3k,muon_blog,2024,mainconf_reference_lr001_owt18l_3k_muon_blog_seed2024,lr/matrix,wandb_export_2026-07-18T12_37_59.438+08_00.csv,6,6,0.0,True,0.01,0.01,0.01,0.01
wikitext24l_12k_lr001,muon_blog,2026,mainconf_reference_lr001_wikitext24l_12k_lr001_muon_blog_seed2026,lr/matrix,wandb_export_2026-07-18T13_16_57.852+08_00.csv,24,24,0.0,True,0.01,0.01,0.01,0.01
wikitext24l_12k_lr001,muon_blog,2025,mainconf_reference_lr001_wikitext24l_12k_lr001_muon_blog_seed2025,lr/matrix,wandb_export_2026-07-18T13_16_57.852+08_00.csv,24,24,0.0,True,0.01,0.01,0.01,0.01
wikitext24l_12k_lr001,muon_blog,2024,mainconf_reference_lr001_wikitext24l_12k_lr001_muon_blog_seed2024,lr/matrix,wandb_export_2026-07-18T13_16_57.852+08_00.csv,24,24,0.0,True,0.01,0.01,0.01,0.01
owt24l_12k,muon_blog,2026,mainconf_reference_lr001_owt24l_12k_muon_blog_seed2026,lr/matrix,wandb_export_2026-07-18T13_16_57.852+08_00.csv,24,24,0.0,True,0.01,0.01,0.01,0.01
owt24l_12k,muon_blog,2025,mainconf_reference_lr001_owt24l_12k_muon_blog_seed2025,lr/matrix,wandb_export_2026-07-18T13_16_57.852+08_00.csv,24,24,0.0,True,0.01,0.01,0.01,0.01
owt24l_12k,muon_blog,2024,mainconf_reference_lr001_owt24l_12k_muon_blog_seed2024,lr/matrix,wandb_export_2026-07-18T13_16_57.852+08_00.csv,24,24,0.0,True,0.01,0.01,0.01,0.01
wikitext12l_100m,muon_blog,2025,mainconf_reference_lr001_wikitext12l_100m_muon_blog_seed2025,lr/matrix,wandb_export_2026-07-18T13_41_36.300+08_00.csv,25,25,0.0,True,0.01,0.01,0.01,0.01
wikitext12l_100m,muon_blog,2024,mainconf_reference_lr001_wikitext12l_100m_muon_blog_seed2024,lr/matrix,wandb_export_2026-07-18T13_41_36.300+08_00.csv,25,25,0.0,True,0.01,0.01,0.01,0.01
owt12l_100m,muon_blog,2026,mainconf_reference_lr001_owt12l_100m_muon_blog_seed2026,lr/matrix,wandb_export_2026-07-18T13_41_36.300+08_00.csv,25,25,0.0,True,0.01,0.01,0.01,0.01
owt12l_100m,muon_blog,2025,mainconf_reference_lr001_owt12l_100m_muon_blog_seed2025,lr/matrix,wandb_export_2026-07-18T13_41_36.300+08_00.csv,25,25,0.0,True,0.01,0.01,0.01,0.01
owt12l_100m,muon_blog,2024,mainconf_reference_lr001_owt12l_100m_muon_blog_seed2024,lr/matrix,wandb_export_2026-07-18T13_41_36.300+08_00.csv,25,25,0.0,True,0.01,0.01,0.01,0.01
wikitext12l_100m,no_cproj_k,2026,mainconf_reference_lr001_wikitext12l_100m_no_cproj_k_seed2026,lr/matrix,wandb_export_2026-07-18T12_22_59.444+08_00.csv,25,25,0.0,True,0.01,0.01,0.01,0.01
owt18l_3k,no_cproj_k,2026,mainconf_reference_lr001_owt18l_3k_no_cproj_k_seed2026,lr/matrix,wandb_export_2026-07-18T12_29_54.293+08_00.csv,6,6,0.0,True,0.01,0.01,0.01,0.01
owt18l_3k,no_cproj_k,2025,mainconf_reference_lr001_owt18l_3k_no_cproj_k_seed2025,lr/matrix,wandb_export_2026-07-18T12_29_54.293+08_00.csv,6,6,0.0,True,0.01,0.01,0.01,0.01
owt18l_3k,no_cproj_k,2024,mainconf_reference_lr001_owt18l_3k_no_cproj_k_seed2024,lr/matrix,wandb_export_2026-07-18T12_37_59.438+08_00.csv,6,6,0.0,True,0.01,0.01,0.01,0.01
wikitext24l_12k_lr001,no_cproj_k,2026,mainconf_reference_lr001_wikitext24l_12k_lr001_no_cproj_k_seed2026,lr/matrix,wandb_export_2026-07-18T13_16_57.852+08_00.csv,24,24,0.0,True,0.01,0.01,0.01,0.01
wikitext24l_12k_lr001,no_cproj_k,2025,mainconf_reference_lr001_wikitext24l_12k_lr001_no_cproj_k_seed2025,lr/matrix,wandb_export_2026-07-18T13_16_57.852+08_00.csv,24,24,0.0,True,0.01,0.01,0.01,0.01
wikitext24l_12k_lr001,no_cproj_k,2024,mainconf_reference_lr001_wikitext24l_12k_lr001_no_cproj_k_seed2024,lr/matrix,wandb_export_2026-07-18T13_16_57.852+08_00.csv,24,24,0.0,True,0.01,0.01,0.01,0.01
owt24l_12k,no_cproj_k,2026,mainconf_reference_lr001_owt24l_12k_no_cproj_k_seed2026,lr/matrix,wandb_export_2026-07-18T13_16_57.852+08_00.csv,24,24,0.0,True,0.01,0.01,0.01,0.01
owt24l_12k,no_cproj_k,2025,mainconf_reference_lr001_owt24l_12k_no_cproj_k_seed2025,lr/matrix,wandb_export_2026-07-18T13_16_57.852+08_00.csv,24,24,0.0,True,0.01,0.01,0.01,0.01
owt24l_12k,no_cproj_k,2024,mainconf_reference_lr001_owt24l_12k_no_cproj_k_seed2024,lr/matrix,wandb_export_2026-07-18T13_16_57.852+08_00.csv,24,24,0.0,True,0.01,0.01,0.01,0.01
wikitext12l_100m,no_cproj_k,2025,mainconf_reference_lr001_wikitext12l_100m_no_cproj_k_seed2025,lr/matrix,wandb_export_2026-07-18T13_41_36.300+08_00.csv,25,25,0.0,True,0.01,0.01,0.01,0.01
wikitext12l_100m,no_cproj_k,2024,mainconf_reference_lr001_wikitext12l_100m_no_cproj_k_seed2024,lr/matrix,wandb_export_2026-07-18T13_41_36.300+08_00.csv,25,25,0.0,True,0.01,0.01,0.01,0.01
owt12l_100m,no_cproj_k,2026,mainconf_reference_lr001_owt12l_100m_no_cproj_k_seed2026,lr/matrix,wandb_export_2026-07-18T13_41_36.300+08_00.csv,25,25,0.0,True,0.01,0.01,0.01,0.01
owt12l_100m,no_cproj_k,2025,mainconf_reference_lr001_owt12l_100m_no_cproj_k_seed2025,lr/matrix,wandb_export_2026-07-18T13_41_36.300+08_00.csv,25,25,0.0,True,0.01,0.01,0.01,0.01
owt12l_100m,no_cproj_k,2024,mainconf_reference_lr001_owt12l_100m_no_cproj_k_seed2024,lr/matrix,wandb_export_2026-07-18T13_41_36.300+08_00.csv,25,25,0.0,True,0.01,0.01,0.01,0.01
wikitext12l_100m,paper_block4,2026,mainconf_reference_lr001_wikitext12l_100m_paper_block4_seed2026,lr/matrix,wandb_export_2026-07-18T12_22_59.444+08_00.csv,25,25,0.0,True,0.01,0.01,0.01,0.01
owt18l_3k,paper_block4,2026,mainconf_reference_lr001_owt18l_3k_paper_block4_seed2026,lr/matrix,wandb_export_2026-07-18T12_29_54.293+08_00.csv,6,6,0.0,True,0.01,0.01,0.01,0.01
owt18l_3k,paper_block4,2025,mainconf_reference_lr001_owt18l_3k_paper_block4_seed2025,lr/matrix,wandb_export_2026-07-18T12_29_54.293+08_00.csv,6,6,0.0,True,0.01,0.01,0.01,0.01
owt18l_3k,paper_block4,2024,mainconf_reference_lr001_owt18l_3k_paper_block4_seed2024,lr/matrix,wandb_export_2026-07-18T12_37_59.438+08_00.csv,6,6,0.0,True,0.01,0.01,0.01,0.01
wikitext24l_12k_lr001,paper_block4,2026,mainconf_reference_lr001_wikitext24l_12k_lr001_paper_block4_seed2026,lr/matrix,wandb_export_2026-07-18T13_16_57.852+08_00.csv,24,24,0.0,True,0.01,0.01,0.01,0.01
wikitext24l_12k_lr001,paper_block4,2025,mainconf_reference_lr001_wikitext24l_12k_lr001_paper_block4_seed2025,lr/matrix,wandb_export_2026-07-18T13_16_57.852+08_00.csv,24,24,0.0,True,0.01,0.01,0.01,0.01
wikitext24l_12k_lr001,paper_block4,2024,mainconf_reference_lr001_wikitext24l_12k_lr001_paper_block4_seed2024,lr/matrix,wandb_export_2026-07-18T13_16_57.852+08_00.csv,24,24,0.0,True,0.01,0.01,0.01,0.01
owt24l_12k,paper_block4,2026,mainconf_reference_lr001_owt24l_12k_paper_block4_seed2026,lr/matrix,wandb_export_2026-07-18T13_16_57.852+08_00.csv,24,24,0.0,True,0.01,0.01,0.01,0.01
owt24l_12k,paper_block4,2025,mainconf_reference_lr001_owt24l_12k_paper_block4_seed2025,lr/matrix,wandb_export_2026-07-18T13_16_57.852+08_00.csv,24,24,0.0,True,0.01,0.01,0.01,0.01
owt24l_12k,paper_block4,2024,mainconf_reference_lr001_owt24l_12k_paper_block4_seed2024,lr/matrix,wandb_export_2026-07-18T13_16_57.852+08_00.csv,24,24,0.0,True,0.01,0.01,0.01,0.01
wikitext12l_100m,paper_block4,2025,mainconf_reference_lr001_wikitext12l_100m_paper_block4_seed2025,lr/matrix,wandb_export_2026-07-18T13_41_36.300+08_00.csv,25,25,0.0,True,0.01,0.01,0.01,0.01
wikitext12l_100m,paper_block4,2024,mainconf_reference_lr001_wikitext12l_100m_paper_block4_seed2024,lr/matrix,wandb_export_2026-07-18T13_41_36.300+08_00.csv,25,25,0.0,True,0.01,0.01,0.01,0.01
owt12l_100m,paper_block4,2026,mainconf_reference_lr001_owt12l_100m_paper_block4_seed2026,lr/matrix,wandb_export_2026-07-18T13_41_36.300+08_00.csv,25,25,0.0,True,0.01,0.01,0.01,0.01
owt12l_100m,paper_block4,2025,mainconf_reference_lr001_owt12l_100m_paper_block4_seed2025,lr/matrix,wandb_export_2026-07-18T13_41_36.300+08_00.csv,25,25,0.0,True,0.01,0.01,0.01,0.01
owt12l_100m,paper_block4,2024,mainconf_reference_lr001_owt12l_100m_paper_block4_seed2024,lr/matrix,wandb_export_2026-07-18T13_41_36.300+08_00.csv,25,25,0.0,True,0.01,0.01,0.01,0.01
wikitext12l_100m,diag_cproj_k,2026,mainconf_reference_lr001_wikitext12l_100m_diag_cproj_k_seed2026,matrix/cproj_k_state_bytes,wandb_export_2026-07-18T12_23_16.684+08_00.csv,611,611,0.0,True,294912.0,294912.0,294912.0,294912.0
owt18l_3k,diag_cproj_k,2026,mainconf_reference_lr001_owt18l_3k_diag_cproj_k_seed2026,matrix/cproj_k_state_bytes,wandb_export_2026-07-18T12_30_12.955+08_00.csv,150,150,0.0,True,442368.0,442368.0,442368.0,442368.0
owt18l_3k,diag_cproj_k,2025,mainconf_reference_lr001_owt18l_3k_diag_cproj_k_seed2025,matrix/cproj_k_state_bytes,wandb_export_2026-07-18T12_30_12.955+08_00.csv,150,150,0.0,True,442368.0,442368.0,442368.0,442368.0
owt18l_3k,diag_cproj_k,2024,mainconf_reference_lr001_owt18l_3k_diag_cproj_k_seed2024,matrix/cproj_k_state_bytes,wandb_export_2026-07-18T12_38_17.727+08_00.csv,150,150,0.0,True,442368.0,442368.0,442368.0,442368.0
wikitext24l_12k_lr001,diag_cproj_k,2026,mainconf_reference_lr001_wikitext24l_12k_lr001_diag_cproj_k_seed2026,matrix/cproj_k_state_bytes,wandb_export_2026-07-18T13_17_16.443+08_00.csv,600,600,0.0,True,786432.0,786432.0,786432.0,786432.0
wikitext24l_12k_lr001,diag_cproj_k,2025,mainconf_reference_lr001_wikitext24l_12k_lr001_diag_cproj_k_seed2025,matrix/cproj_k_state_bytes,wandb_export_2026-07-18T13_17_16.443+08_00.csv,600,600,0.0,True,786432.0,786432.0,786432.0,786432.0
wikitext24l_12k_lr001,diag_cproj_k,2024,mainconf_reference_lr001_wikitext24l_12k_lr001_diag_cproj_k_seed2024,matrix/cproj_k_state_bytes,wandb_export_2026-07-18T13_17_16.443+08_00.csv,600,600,0.0,True,786432.0,786432.0,786432.0,786432.0
owt24l_12k,diag_cproj_k,2026,mainconf_reference_lr001_owt24l_12k_diag_cproj_k_seed2026,matrix/cproj_k_state_bytes,wandb_export_2026-07-18T13_17_16.443+08_00.csv,600,600,0.0,True,786432.0,786432.0,786432.0,786432.0
owt24l_12k,diag_cproj_k,2025,mainconf_reference_lr001_owt24l_12k_diag_cproj_k_seed2025,matrix/cproj_k_state_bytes,wandb_export_2026-07-18T13_17_16.443+08_00.csv,600,600,0.0,True,786432.0,786432.0,786432.0,786432.0
owt24l_12k,diag_cproj_k,2024,mainconf_reference_lr001_owt24l_12k_diag_cproj_k_seed2024,matrix/cproj_k_state_bytes,wandb_export_2026-07-18T13_17_16.443+08_00.csv,600,600,0.0,True,786432.0,786432.0,786432.0,786432.0
wikitext12l_100m,diag_cproj_k,2025,mainconf_reference_lr001_wikitext12l_100m_diag_cproj_k_seed2025,matrix/cproj_k_state_bytes,wandb_export_2026-07-18T13_41_54.451+08_00.csv,611,611,0.0,True,294912.0,294912.0,294912.0,294912.0
wikitext12l_100m,diag_cproj_k,2024,mainconf_reference_lr001_wikitext12l_100m_diag_cproj_k_seed2024,matrix/cproj_k_state_bytes,wandb_export_2026-07-18T13_41_54.451+08_00.csv,611,611,0.0,True,294912.0,294912.0,294912.0,294912.0
owt12l_100m,diag_cproj_k,2026,mainconf_reference_lr001_owt12l_100m_diag_cproj_k_seed2026,matrix/cproj_k_state_bytes,wandb_export_2026-07-18T13_41_54.451+08_00.csv,611,611,0.0,True,294912.0,294912.0,294912.0,294912.0
owt12l_100m,diag_cproj_k,2025,mainconf_reference_lr001_owt12l_100m_diag_cproj_k_seed2025,matrix/cproj_k_state_bytes,wandb_export_2026-07-18T13_41_54.451+08_00.csv,611,611,0.0,True,294912.0,294912.0,294912.0,294912.0
owt12l_100m,diag_cproj_k,2024,mainconf_reference_lr001_owt12l_100m_diag_cproj_k_seed2024,matrix/cproj_k_state_bytes,wandb_export_2026-07-18T13_41_54.451+08_00.csv,611,611,0.0,True,294912.0,294912.0,294912.0,294912.0
wikitext12l_100m,no_cproj_k,2026,mainconf_reference_lr001_wikitext12l_100m_no_cproj_k_seed2026,matrix/cproj_k_state_bytes,wandb_export_2026-07-18T12_23_16.684+08_00.csv,611,611,0.0,True,0.0,0.0,0.0,0.0
owt18l_3k,no_cproj_k,2026,mainconf_reference_lr001_owt18l_3k_no_cproj_k_seed2026,matrix/cproj_k_state_bytes,wandb_export_2026-07-18T12_30_12.955+08_00.csv,150,150,0.0,True,0.0,0.0,0.0,0.0
owt18l_3k,no_cproj_k,2025,mainconf_reference_lr001_owt18l_3k_no_cproj_k_seed2025,matrix/cproj_k_state_bytes,wandb_export_2026-07-18T12_30_12.955+08_00.csv,150,150,0.0,True,0.0,0.0,0.0,0.0
owt18l_3k,no_cproj_k,2024,mainconf_reference_lr001_owt18l_3k_no_cproj_k_seed2024,matrix/cproj_k_state_bytes,wandb_export_2026-07-18T12_38_17.727+08_00.csv,150,150,0.0,True,0.0,0.0,0.0,0.0
wikitext24l_12k_lr001,no_cproj_k,2026,mainconf_reference_lr001_wikitext24l_12k_lr001_no_cproj_k_seed2026,matrix/cproj_k_state_bytes,wandb_export_2026-07-18T13_17_16.443+08_00.csv,600,600,0.0,True,0.0,0.0,0.0,0.0
wikitext24l_12k_lr001,no_cproj_k,2025,mainconf_reference_lr001_wikitext24l_12k_lr001_no_cproj_k_seed2025,matrix/cproj_k_state_bytes,wandb_export_2026-07-18T13_17_16.443+08_00.csv,600,600,0.0,True,0.0,0.0,0.0,0.0
wikitext24l_12k_lr001,no_cproj_k,2024,mainconf_reference_lr001_wikitext24l_12k_lr001_no_cproj_k_seed2024,matrix/cproj_k_state_bytes,wandb_export_2026-07-18T13_17_16.443+08_00.csv,600,600,0.0,True,0.0,0.0,0.0,0.0
owt24l_12k,no_cproj_k,2026,mainconf_reference_lr001_owt24l_12k_no_cproj_k_seed2026,matrix/cproj_k_state_bytes,wandb_export_2026-07-18T13_17_16.443+08_00.csv,600,600,0.0,True,0.0,0.0,0.0,0.0
owt24l_12k,no_cproj_k,2025,mainconf_reference_lr001_owt24l_12k_no_cproj_k_seed2025,matrix/cproj_k_state_bytes,wandb_export_2026-07-18T13_17_16.443+08_00.csv,600,600,0.0,True,0.0,0.0,0.0,0.0
owt24l_12k,no_cproj_k,2024,mainconf_reference_lr001_owt24l_12k_no_cproj_k_seed2024,matrix/cproj_k_state_bytes,wandb_export_2026-07-18T13_17_16.443+08_00.csv,600,600,0.0,True,0.0,0.0,0.0,0.0
wikitext12l_100m,no_cproj_k,2025,mainconf_reference_lr001_wikitext12l_100m_no_cproj_k_seed2025,matrix/cproj_k_state_bytes,wandb_export_2026-07-18T13_41_54.451+08_00.csv,611,611,0.0,True,0.0,0.0,0.0,0.0
wikitext12l_100m,no_cproj_k,2024,mainconf_reference_lr001_wikitext12l_100m_no_cproj_k_seed2024,matrix/cproj_k_state_bytes,wandb_export_2026-07-18T13_41_54.451+08_00.csv,611,611,0.0,True,0.0,0.0,0.0,0.0
owt12l_100m,no_cproj_k,2026,mainconf_reference_lr001_owt12l_100m_no_cproj_k_seed2026,matrix/cproj_k_state_bytes,wandb_export_2026-07-18T13_41_54.451+08_00.csv,611,611,0.0,True,0.0,0.0,0.0,0.0
owt12l_100m,no_cproj_k,2025,mainconf_reference_lr001_owt12l_100m_no_cproj_k_seed2025,matrix/cproj_k_state_bytes,wandb_export_2026-07-18T13_41_54.451+08_00.csv,611,611,0.0,True,0.0,0.0,0.0,0.0
owt12l_100m,no_cproj_k,2024,mainconf_reference_lr001_owt12l_100m_no_cproj_k_seed2024,matrix/cproj_k_state_bytes,wandb_export_2026-07-18T13_41_54.451+08_00.csv,611,611,0.0,True,0.0,0.0,0.0,0.0
wikitext12l_100m,paper_block4,2026,mainconf_reference_lr001_wikitext12l_100m_paper_block4_seed2026,matrix/cproj_k_state_bytes,wandb_export_2026-07-18T12_23_16.684+08_00.csv,611,611,0.0,True,339738624.0,339738624.0,339738624.0,339738624.0
owt18l_3k,paper_block4,2026,mainconf_reference_lr001_owt18l_3k_paper_block4_seed2026,matrix/cproj_k_state_bytes,wandb_export_2026-07-18T12_30_12.955+08_00.csv,150,150,0.0,True,509607936.0,509607936.0,509607936.0,509607936.0
owt18l_3k,paper_block4,2025,mainconf_reference_lr001_owt18l_3k_paper_block4_seed2025,matrix/cproj_k_state_bytes,wandb_export_2026-07-18T12_30_12.955+08_00.csv,150,150,0.0,True,509607936.0,509607936.0,509607936.0,509607936.0
owt18l_3k,paper_block4,2024,mainconf_reference_lr001_owt18l_3k_paper_block4_seed2024,matrix/cproj_k_state_bytes,wandb_export_2026-07-18T12_38_17.727+08_00.csv,150,150,0.0,True,509607936.0,509607936.0,509607936.0,509607936.0
wikitext24l_12k_lr001,paper_block4,2026,mainconf_reference_lr001_wikitext24l_12k_lr001_paper_block4_seed2026,matrix/cproj_k_state_bytes,wandb_export_2026-07-18T13_17_16.443+08_00.csv,600,600,0.0,True,1207959552.0,1207959552.0,1207959552.0,1207959552.0
wikitext24l_12k_lr001,paper_block4,2025,mainconf_reference_lr001_wikitext24l_12k_lr001_paper_block4_seed2025,matrix/cproj_k_state_bytes,wandb_export_2026-07-18T13_17_16.443+08_00.csv,600,600,0.0,True,1207959552.0,1207959552.0,1207959552.0,1207959552.0
wikitext24l_12k_lr001,paper_block4,2024,mainconf_reference_lr001_wikitext24l_12k_lr001_paper_block4_seed2024,matrix/cproj_k_state_bytes,wandb_export_2026-07-18T13_17_16.443+08_00.csv,600,600,0.0,True,1207959552.0,1207959552.0,1207959552.0,1207959552.0
owt24l_12k,paper_block4,2026,mainconf_reference_lr001_owt24l_12k_paper_block4_seed2026,matrix/cproj_k_state_bytes,wandb_export_2026-07-18T13_17_16.443+08_00.csv,600,600,0.0,True,1207959552.0,1207959552.0,1207959552.0,1207959552.0
owt24l_12k,paper_block4,2025,mainconf_reference_lr001_owt24l_12k_paper_block4_seed2025,matrix/cproj_k_state_bytes,wandb_export_2026-07-18T13_17_16.443+08_00.csv,600,600,0.0,True,1207959552.0,1207959552.0,1207959552.0,1207959552.0
owt24l_12k,paper_block4,2024,mainconf_reference_lr001_owt24l_12k_paper_block4_seed2024,matrix/cproj_k_state_bytes,wandb_export_2026-07-18T13_17_16.443+08_00.csv,600,600,0.0,True,1207959552.0,1207959552.0,1207959552.0,1207959552.0
wikitext12l_100m,paper_block4,2025,mainconf_reference_lr001_wikitext12l_100m_paper_block4_seed2025,matrix/cproj_k_state_bytes,wandb_export_2026-07-18T13_41_54.451+08_00.csv,611,611,0.0,True,339738624.0,339738624.0,339738624.0,339738624.0
wikitext12l_100m,paper_block4,2024,mainconf_reference_lr001_wikitext12l_100m_paper_block4_seed2024,matrix/cproj_k_state_bytes,wandb_export_2026-07-18T13_41_54.451+08_00.csv,611,611,0.0,True,339738624.0,339738624.0,339738624.0,339738624.0
owt12l_100m,paper_block4,2026,mainconf_reference_lr001_owt12l_100m_paper_block4_seed2026,matrix/cproj_k_state_bytes,wandb_export_2026-07-18T13_41_54.451+08_00.csv,611,611,0.0,True,339738624.0,339738624.0,339738624.0,339738624.0
owt12l_100m,paper_block4,2025,mainconf_reference_lr001_owt12l_100m_paper_block4_seed2025,matrix/cproj_k_state_bytes,wandb_export_2026-07-18T13_41_54.451+08_00.csv,611,611,0.0,True,339738624.0,339738624.0,339738624.0,339738624.0
owt12l_100m,paper_block4,2024,mainconf_reference_lr001_owt12l_100m_paper_block4_seed2024,matrix/cproj_k_state_bytes,wandb_export_2026-07-18T13_41_54.451+08_00.csv,611,611,0.0,True,339738624.0,339738624.0,339738624.0,339738624.0
wikitext12l_100m,diag_cproj_k,2026,mainconf_reference_lr001_wikitext12l_100m_diag_cproj_k_seed2026,matrix/k_state_bytes,wandb_export_2026-07-18T12_23_13.487+08_00.csv,611,611,0.0,True,255098880.0,255098880.0,255098880.0,255098880.0
owt18l_3k,diag_cproj_k,2026,mainconf_reference_lr001_owt18l_3k_diag_cproj_k_seed2026,matrix/k_state_bytes,wandb_export_2026-07-18T12_30_09.633+08_00.csv,150,150,0.0,True,382648320.0,382648320.0,382648320.0,382648320.0
owt18l_3k,diag_cproj_k,2025,mainconf_reference_lr001_owt18l_3k_diag_cproj_k_seed2025,matrix/k_state_bytes,wandb_export_2026-07-18T12_30_09.633+08_00.csv,150,150,0.0,True,382648320.0,382648320.0,382648320.0,382648320.0
owt18l_3k,diag_cproj_k,2024,mainconf_reference_lr001_owt18l_3k_diag_cproj_k_seed2024,matrix/k_state_bytes,wandb_export_2026-07-18T12_38_14.506+08_00.csv,150,150,0.0,True,382648320.0,382648320.0,382648320.0,382648320.0
wikitext24l_12k_lr001,diag_cproj_k,2026,mainconf_reference_lr001_wikitext24l_12k_lr001_diag_cproj_k_seed2026,matrix/k_state_bytes,wandb_export_2026-07-18T13_17_13.187+08_00.csv,600,600,0.0,True,906756096.0,906756096.0,906756096.0,906756096.0
wikitext24l_12k_lr001,diag_cproj_k,2025,mainconf_reference_lr001_wikitext24l_12k_lr001_diag_cproj_k_seed2025,matrix/k_state_bytes,wandb_export_2026-07-18T13_17_13.187+08_00.csv,600,600,0.0,True,906756096.0,906756096.0,906756096.0,906756096.0
wikitext24l_12k_lr001,diag_cproj_k,2024,mainconf_reference_lr001_wikitext24l_12k_lr001_diag_cproj_k_seed2024,matrix/k_state_bytes,wandb_export_2026-07-18T13_17_13.187+08_00.csv,600,600,0.0,True,906756096.0,906756096.0,906756096.0,906756096.0
owt24l_12k,diag_cproj_k,2026,mainconf_reference_lr001_owt24l_12k_diag_cproj_k_seed2026,matrix/k_state_bytes,wandb_export_2026-07-18T13_17_13.187+08_00.csv,600,600,0.0,True,906756096.0,906756096.0,906756096.0,906756096.0
owt24l_12k,diag_cproj_k,2025,mainconf_reference_lr001_owt24l_12k_diag_cproj_k_seed2025,matrix/k_state_bytes,wandb_export_2026-07-18T13_17_13.187+08_00.csv,600,600,0.0,True,906756096.0,906756096.0,906756096.0,906756096.0
owt24l_12k,diag_cproj_k,2024,mainconf_reference_lr001_owt24l_12k_diag_cproj_k_seed2024,matrix/k_state_bytes,wandb_export_2026-07-18T13_17_13.187+08_00.csv,600,600,0.0,True,906756096.0,906756096.0,906756096.0,906756096.0
wikitext12l_100m,diag_cproj_k,2025,mainconf_reference_lr001_wikitext12l_100m_diag_cproj_k_seed2025,matrix/k_state_bytes,wandb_export_2026-07-18T13_41_50.871+08_00.csv,611,611,0.0,True,255098880.0,255098880.0,255098880.0,255098880.0
wikitext12l_100m,diag_cproj_k,2024,mainconf_reference_lr001_wikitext12l_100m_diag_cproj_k_seed2024,matrix/k_state_bytes,wandb_export_2026-07-18T13_41_50.871+08_00.csv,611,611,0.0,True,255098880.0,255098880.0,255098880.0,255098880.0
owt12l_100m,diag_cproj_k,2026,mainconf_reference_lr001_owt12l_100m_diag_cproj_k_seed2026,matrix/k_state_bytes,wandb_export_2026-07-18T13_41_50.871+08_00.csv,611,611,0.0,True,255098880.0,255098880.0,255098880.0,255098880.0
owt12l_100m,diag_cproj_k,2025,mainconf_reference_lr001_owt12l_100m_diag_cproj_k_seed2025,matrix/k_state_bytes,wandb_export_2026-07-18T13_41_50.871+08_00.csv,611,611,0.0,True,255098880.0,255098880.0,255098880.0,255098880.0
owt12l_100m,diag_cproj_k,2024,mainconf_reference_lr001_owt12l_100m_diag_cproj_k_seed2024,matrix/k_state_bytes,wandb_export_2026-07-18T13_41_50.871+08_00.csv,611,611,0.0,True,255098880.0,255098880.0,255098880.0,255098880.0
wikitext12l_100m,muon_blog,2026,mainconf_reference_lr001_wikitext12l_100m_muon_blog_seed2026,matrix/k_state_bytes,wandb_export_2026-07-18T12_23_13.487+08_00.csv,611,611,0.0,True,0.0,0.0,0.0,0.0
owt18l_3k,muon_blog,2026,mainconf_reference_lr001_owt18l_3k_muon_blog_seed2026,matrix/k_state_bytes,wandb_export_2026-07-18T12_30_09.633+08_00.csv,150,150,0.0,True,0.0,0.0,0.0,0.0
owt18l_3k,muon_blog,2025,mainconf_reference_lr001_owt18l_3k_muon_blog_seed2025,matrix/k_state_bytes,wandb_export_2026-07-18T12_30_09.633+08_00.csv,150,150,0.0,True,0.0,0.0,0.0,0.0
owt18l_3k,muon_blog,2024,mainconf_reference_lr001_owt18l_3k_muon_blog_seed2024,matrix/k_state_bytes,wandb_export_2026-07-18T12_38_14.506+08_00.csv,150,150,0.0,True,0.0,0.0,0.0,0.0
wikitext24l_12k_lr001,muon_blog,2026,mainconf_reference_lr001_wikitext24l_12k_lr001_muon_blog_seed2026,matrix/k_state_bytes,wandb_export_2026-07-18T13_17_13.187+08_00.csv,600,600,0.0,True,0.0,0.0,0.0,0.0
wikitext24l_12k_lr001,muon_blog,2025,mainconf_reference_lr001_wikitext24l_12k_lr001_muon_blog_seed2025,matrix/k_state_bytes,wandb_export_2026-07-18T13_17_13.187+08_00.csv,600,600,0.0,True,0.0,0.0,0.0,0.0
wikitext24l_12k_lr001,muon_blog,2024,mainconf_reference_lr001_wikitext24l_12k_lr001_muon_blog_seed2024,matrix/k_state_bytes,wandb_export_2026-07-18T13_17_13.187+08_00.csv,600,600,0.0,True,0.0,0.0,0.0,0.0
owt24l_12k,muon_blog,2026,mainconf_reference_lr001_owt24l_12k_muon_blog_seed2026,matrix/k_state_bytes,wandb_export_2026-07-18T13_17_13.187+08_00.csv,600,600,0.0,True,0.0,0.0,0.0,0.0
owt24l_12k,muon_blog,2025,mainconf_reference_lr001_owt24l_12k_muon_blog_seed2025,matrix/k_state_bytes,wandb_export_2026-07-18T13_17_13.187+08_00.csv,600,600,0.0,True,0.0,0.0,0.0,0.0
owt24l_12k,muon_blog,2024,mainconf_reference_lr001_owt24l_12k_muon_blog_seed2024,matrix/k_state_bytes,wandb_export_2026-07-18T13_17_13.187+08_00.csv,600,600,0.0,True,0.0,0.0,0.0,0.0
wikitext12l_100m,muon_blog,2025,mainconf_reference_lr001_wikitext12l_100m_muon_blog_seed2025,matrix/k_state_bytes,wandb_export_2026-07-18T13_41_50.871+08_00.csv,611,611,0.0,True,0.0,0.0,0.0,0.0
wikitext12l_100m,muon_blog,2024,mainconf_reference_lr001_wikitext12l_100m_muon_blog_seed2024,matrix/k_state_bytes,wandb_export_2026-07-18T13_41_50.871+08_00.csv,611,611,0.0,True,0.0,0.0,0.0,0.0
owt12l_100m,muon_blog,2026,mainconf_reference_lr001_owt12l_100m_muon_blog_seed2026,matrix/k_state_bytes,wandb_export_2026-07-18T13_41_50.871+08_00.csv,611,611,0.0,True,0.0,0.0,0.0,0.0
owt12l_100m,muon_blog,2025,mainconf_reference_lr001_owt12l_100m_muon_blog_seed2025,matrix/k_state_bytes,wandb_export_2026-07-18T13_41_50.871+08_00.csv,611,611,0.0,True,0.0,0.0,0.0,0.0
owt12l_100m,muon_blog,2024,mainconf_reference_lr001_owt12l_100m_muon_blog_seed2024,matrix/k_state_bytes,wandb_export_2026-07-18T13_41_50.871+08_00.csv,611,611,0.0,True,0.0,0.0,0.0,0.0
wikitext12l_100m,no_cproj_k,2026,mainconf_reference_lr001_wikitext12l_100m_no_cproj_k_seed2026,matrix/k_state_bytes,wandb_export_2026-07-18T12_23_13.487+08_00.csv,611,611,0.0,True,254803968.0,254803968.0,254803968.0,254803968.0
owt18l_3k,no_cproj_k,2026,mainconf_reference_lr001_owt18l_3k_no_cproj_k_seed2026,matrix/k_state_bytes,wandb_export_2026-07-18T12_30_09.633+08_00.csv,150,150,0.0,True,382205952.0,382205952.0,382205952.0,382205952.0
owt18l_3k,no_cproj_k,2025,mainconf_reference_lr001_owt18l_3k_no_cproj_k_seed2025,matrix/k_state_bytes,wandb_export_2026-07-18T12_30_09.633+08_00.csv,150,150,0.0,True,382205952.0,382205952.0,382205952.0,382205952.0
owt18l_3k,no_cproj_k,2024,mainconf_reference_lr001_owt18l_3k_no_cproj_k_seed2024,matrix/k_state_bytes,wandb_export_2026-07-18T12_38_14.506+08_00.csv,150,150,0.0,True,382205952.0,382205952.0,382205952.0,382205952.0
wikitext24l_12k_lr001,no_cproj_k,2026,mainconf_reference_lr001_wikitext24l_12k_lr001_no_cproj_k_seed2026,matrix/k_state_bytes,wandb_export_2026-07-18T13_17_13.187+08_00.csv,600,600,0.0,True,905969664.0,905969664.0,905969664.0,905969664.0
wikitext24l_12k_lr001,no_cproj_k,2025,mainconf_reference_lr001_wikitext24l_12k_lr001_no_cproj_k_seed2025,matrix/k_state_bytes,wandb_export_2026-07-18T13_17_13.187+08_00.csv,600,600,0.0,True,905969664.0,905969664.0,905969664.0,905969664.0
wikitext24l_12k_lr001,no_cproj_k,2024,mainconf_reference_lr001_wikitext24l_12k_lr001_no_cproj_k_seed2024,matrix/k_state_bytes,wandb_export_2026-07-18T13_17_13.187+08_00.csv,600,600,0.0,True,905969664.0,905969664.0,905969664.0,905969664.0
owt24l_12k,no_cproj_k,2026,mainconf_reference_lr001_owt24l_12k_no_cproj_k_seed2026,matrix/k_state_bytes,wandb_export_2026-07-18T13_17_13.187+08_00.csv,600,600,0.0,True,905969664.0,905969664.0,905969664.0,905969664.0
owt24l_12k,no_cproj_k,2025,mainconf_reference_lr001_owt24l_12k_no_cproj_k_seed2025,matrix/k_state_bytes,wandb_export_2026-07-18T13_17_13.187+08_00.csv,600,600,0.0,True,905969664.0,905969664.0,905969664.0,905969664.0
owt24l_12k,no_cproj_k,2024,mainconf_reference_lr001_owt24l_12k_no_cproj_k_seed2024,matrix/k_state_bytes,wandb_export_2026-07-18T13_17_13.187+08_00.csv,600,600,0.0,True,905969664.0,905969664.0,905969664.0,905969664.0
wikitext12l_100m,no_cproj_k,2025,mainconf_reference_lr001_wikitext12l_100m_no_cproj_k_seed2025,matrix/k_state_bytes,wandb_export_2026-07-18T13_41_50.871+08_00.csv,611,611,0.0,True,254803968.0,254803968.0,254803968.0,254803968.0
wikitext12l_100m,no_cproj_k,2024,mainconf_reference_lr001_wikitext12l_100m_no_cproj_k_seed2024,matrix/k_state_bytes,wandb_export_2026-07-18T13_41_50.871+08_00.csv,611,611,0.0,True,254803968.0,254803968.0,254803968.0,254803968.0
owt12l_100m,no_cproj_k,2026,mainconf_reference_lr001_owt12l_100m_no_cproj_k_seed2026,matrix/k_state_bytes,wandb_export_2026-07-18T13_41_50.871+08_00.csv,611,611,0.0,True,254803968.0,254803968.0,254803968.0,254803968.0
owt12l_100m,no_cproj_k,2025,mainconf_reference_lr001_owt12l_100m_no_cproj_k_seed2025,matrix/k_state_bytes,wandb_export_2026-07-18T13_41_50.871+08_00.csv,611,611,0.0,True,254803968.0,254803968.0,254803968.0,254803968.0
owt12l_100m,no_cproj_k,2024,mainconf_reference_lr001_owt12l_100m_no_cproj_k_seed2024,matrix/k_state_bytes,wandb_export_2026-07-18T13_41_50.871+08_00.csv,611,611,0.0,True,254803968.0,254803968.0,254803968.0,254803968.0
wikitext12l_100m,paper_block4,2026,mainconf_reference_lr001_wikitext12l_100m_paper_block4_seed2026,matrix/k_state_bytes,wandb_export_2026-07-18T12_23_13.487+08_00.csv,611,611,0.0,True,594542592.0,594542592.0,594542592.0,594542592.0
owt18l_3k,paper_block4,2026,mainconf_reference_lr001_owt18l_3k_paper_block4_seed2026,matrix/k_state_bytes,wandb_export_2026-07-18T12_30_09.633+08_00.csv,150,150,0.0,True,891813888.0,891813888.0,891813888.0,891813888.0
owt18l_3k,paper_block4,2025,mainconf_reference_lr001_owt18l_3k_paper_block4_seed2025,matrix/k_state_bytes,wandb_export_2026-07-18T12_30_09.633+08_00.csv,150,150,0.0,True,891813888.0,891813888.0,891813888.0,891813888.0
owt18l_3k,paper_block4,2024,mainconf_reference_lr001_owt18l_3k_paper_block4_seed2024,matrix/k_state_bytes,wandb_export_2026-07-18T12_38_14.506+08_00.csv,150,150,0.0,True,891813888.0,891813888.0,891813888.0,891813888.0
wikitext24l_12k_lr001,paper_block4,2026,mainconf_reference_lr001_wikitext24l_12k_lr001_paper_block4_seed2026,matrix/k_state_bytes,wandb_export_2026-07-18T13_17_13.187+08_00.csv,600,600,0.0,True,2113929216.0,2113929216.0,2113929216.0,2113929216.0
wikitext24l_12k_lr001,paper_block4,2025,mainconf_reference_lr001_wikitext24l_12k_lr001_paper_block4_seed2025,matrix/k_state_bytes,wandb_export_2026-07-18T13_17_13.187+08_00.csv,600,600,0.0,True,2113929216.0,2113929216.0,2113929216.0,2113929216.0
wikitext24l_12k_lr001,paper_block4,2024,mainconf_reference_lr001_wikitext24l_12k_lr001_paper_block4_seed2024,matrix/k_state_bytes,wandb_export_2026-07-18T13_17_13.187+08_00.csv,600,600,0.0,True,2113929216.0,2113929216.0,2113929216.0,2113929216.0
owt24l_12k,paper_block4,2026,mainconf_reference_lr001_owt24l_12k_paper_block4_seed2026,matrix/k_state_bytes,wandb_export_2026-07-18T13_17_13.187+08_00.csv,600,600,0.0,True,2113929216.0,2113929216.0,2113929216.0,2113929216.0
owt24l_12k,paper_block4,2025,mainconf_reference_lr001_owt24l_12k_paper_block4_seed2025,matrix/k_state_bytes,wandb_export_2026-07-18T13_17_13.187+08_00.csv,600,600,0.0,True,2113929216.0,2113929216.0,2113929216.0,2113929216.0
owt24l_12k,paper_block4,2024,mainconf_reference_lr001_owt24l_12k_paper_block4_seed2024,matrix/k_state_bytes,wandb_export_2026-07-18T13_17_13.187+08_00.csv,600,600,0.0,True,2113929216.0,2113929216.0,2113929216.0,2113929216.0
wikitext12l_100m,paper_block4,2025,mainconf_reference_lr001_wikitext12l_100m_paper_block4_seed2025,matrix/k_state_bytes,wandb_export_2026-07-18T13_41_50.871+08_00.csv,611,611,0.0,True,594542592.0,594542592.0,594542592.0,594542592.0
wikitext12l_100m,paper_block4,2024,mainconf_reference_lr001_wikitext12l_100m_paper_block4_seed2024,matrix/k_state_bytes,wandb_export_2026-07-18T13_41_50.871+08_00.csv,611,611,0.0,True,594542592.0,594542592.0,594542592.0,594542592.0
owt12l_100m,paper_block4,2026,mainconf_reference_lr001_owt12l_100m_paper_block4_seed2026,matrix/k_state_bytes,wandb_export_2026-07-18T13_41_50.871+08_00.csv,611,611,0.0,True,594542592.0,594542592.0,594542592.0,594542592.0
owt12l_100m,paper_block4,2025,mainconf_reference_lr001_owt12l_100m_paper_block4_seed2025,matrix/k_state_bytes,wandb_export_2026-07-18T13_41_50.871+08_00.csv,611,611,0.0,True,594542592.0,594542592.0,594542592.0,594542592.0
owt12l_100m,paper_block4,2024,mainconf_reference_lr001_owt12l_100m_paper_block4_seed2024,matrix/k_state_bytes,wandb_export_2026-07-18T13_41_50.871+08_00.csv,611,611,0.0,True,594542592.0,594542592.0,594542592.0,594542592.0
wikitext12l_100m,diag_cproj_k,2026,mainconf_reference_lr001_wikitext12l_100m_diag_cproj_k_seed2026,matrix/k_state_released_fraction,wandb_export_2026-07-18T12_23_10.103+08_00.csv,611,611,0.0,True,0.5709325396825397,0.5709325396825397,0.5709325396825397,0.5709325396825397
owt18l_3k,diag_cproj_k,2026,mainconf_reference_lr001_owt18l_3k_diag_cproj_k_seed2026,matrix/k_state_released_fraction,wandb_export_2026-07-18T12_30_05.072+08_00.csv,150,150,0.0,True,0.5709325396825397,0.5709325396825397,0.5709325396825397,0.5709325396825397
owt18l_3k,diag_cproj_k,2025,mainconf_reference_lr001_owt18l_3k_diag_cproj_k_seed2025,matrix/k_state_released_fraction,wandb_export_2026-07-18T12_30_05.072+08_00.csv,150,150,0.0,True,0.5709325396825397,0.5709325396825397,0.5709325396825397,0.5709325396825397
owt18l_3k,diag_cproj_k,2024,mainconf_reference_lr001_owt18l_3k_diag_cproj_k_seed2024,matrix/k_state_released_fraction,wandb_export_2026-07-18T12_38_10.989+08_00.csv,150,150,0.0,True,0.5709325396825397,0.5709325396825397,0.5709325396825397,0.5709325396825397
wikitext24l_12k_lr001,diag_cproj_k,2026,mainconf_reference_lr001_wikitext24l_12k_lr001_diag_cproj_k_seed2026,matrix/k_state_released_fraction,wandb_export_2026-07-18T13_17_09.621+08_00.csv,600,600,0.0,True,0.5710565476190477,0.5710565476190477,0.5710565476190477,0.5710565476190477
wikitext24l_12k_lr001,diag_cproj_k,2025,mainconf_reference_lr001_wikitext24l_12k_lr001_diag_cproj_k_seed2025,matrix/k_state_released_fraction,wandb_export_2026-07-18T13_17_09.621+08_00.csv,600,600,0.0,True,0.5710565476190477,0.5710565476190477,0.5710565476190477,0.5710565476190477
wikitext24l_12k_lr001,diag_cproj_k,2024,mainconf_reference_lr001_wikitext24l_12k_lr001_diag_cproj_k_seed2024,matrix/k_state_released_fraction,wandb_export_2026-07-18T13_17_09.621+08_00.csv,600,600,0.0,True,0.5710565476190477,0.5710565476190477,0.5710565476190477,0.5710565476190477
owt24l_12k,diag_cproj_k,2026,mainconf_reference_lr001_owt24l_12k_diag_cproj_k_seed2026,matrix/k_state_released_fraction,wandb_export_2026-07-18T13_17_09.621+08_00.csv,600,600,0.0,True,0.5710565476190477,0.5710565476190477,0.5710565476190477,0.5710565476190477
owt24l_12k,diag_cproj_k,2025,mainconf_reference_lr001_owt24l_12k_diag_cproj_k_seed2025,matrix/k_state_released_fraction,wandb_export_2026-07-18T13_17_09.621+08_00.csv,600,600,0.0,True,0.5710565476190477,0.5710565476190477,0.5710565476190477,0.5710565476190477
owt24l_12k,diag_cproj_k,2024,mainconf_reference_lr001_owt24l_12k_diag_cproj_k_seed2024,matrix/k_state_released_fraction,wandb_export_2026-07-18T13_17_09.621+08_00.csv,600,600,0.0,True,0.5710565476190477,0.5710565476190477,0.5710565476190477,0.5710565476190477
wikitext12l_100m,diag_cproj_k,2025,mainconf_reference_lr001_wikitext12l_100m_diag_cproj_k_seed2025,matrix/k_state_released_fraction,wandb_export_2026-07-18T13_41_47.276+08_00.csv,611,611,0.0,True,0.5709325396825397,0.5709325396825397,0.5709325396825397,0.5709325396825397
wikitext12l_100m,diag_cproj_k,2024,mainconf_reference_lr001_wikitext12l_100m_diag_cproj_k_seed2024,matrix/k_state_released_fraction,wandb_export_2026-07-18T13_41_47.276+08_00.csv,611,611,0.0,True,0.5709325396825397,0.5709325396825397,0.5709325396825397,0.5709325396825397
owt12l_100m,diag_cproj_k,2026,mainconf_reference_lr001_owt12l_100m_diag_cproj_k_seed2026,matrix/k_state_released_fraction,wandb_export_2026-07-18T13_41_47.276+08_00.csv,611,611,0.0,True,0.5709325396825397,0.5709325396825397,0.5709325396825397,0.5709325396825397
owt12l_100m,diag_cproj_k,2025,mainconf_reference_lr001_owt12l_100m_diag_cproj_k_seed2025,matrix/k_state_released_fraction,wandb_export_2026-07-18T13_41_47.276+08_00.csv,611,611,0.0,True,0.5709325396825397,0.5709325396825397,0.5709325396825397,0.5709325396825397
owt12l_100m,diag_cproj_k,2024,mainconf_reference_lr001_owt12l_100m_diag_cproj_k_seed2024,matrix/k_state_released_fraction,wandb_export_2026-07-18T13_41_47.276+08_00.csv,611,611,0.0,True,0.5709325396825397,0.5709325396825397,0.5709325396825397,0.5709325396825397
wikitext12l_100m,no_cproj_k,2026,mainconf_reference_lr001_wikitext12l_100m_no_cproj_k_seed2026,matrix/k_state_released_fraction,wandb_export_2026-07-18T12_23_10.103+08_00.csv,611,611,0.0,True,0.5714285714285714,0.5714285714285714,0.5714285714285714,0.5714285714285714
owt18l_3k,no_cproj_k,2026,mainconf_reference_lr001_owt18l_3k_no_cproj_k_seed2026,matrix/k_state_released_fraction,wandb_export_2026-07-18T12_30_05.072+08_00.csv,150,150,0.0,True,0.5714285714285714,0.5714285714285714,0.5714285714285714,0.5714285714285714
owt18l_3k,no_cproj_k,2025,mainconf_reference_lr001_owt18l_3k_no_cproj_k_seed2025,matrix/k_state_released_fraction,wandb_export_2026-07-18T12_30_05.072+08_00.csv,150,150,0.0,True,0.5714285714285714,0.5714285714285714,0.5714285714285714,0.5714285714285714
owt18l_3k,no_cproj_k,2024,mainconf_reference_lr001_owt18l_3k_no_cproj_k_seed2024,matrix/k_state_released_fraction,wandb_export_2026-07-18T12_38_10.989+08_00.csv,150,150,0.0,True,0.5714285714285714,0.5714285714285714,0.5714285714285714,0.5714285714285714
wikitext24l_12k_lr001,no_cproj_k,2026,mainconf_reference_lr001_wikitext24l_12k_lr001_no_cproj_k_seed2026,matrix/k_state_released_fraction,wandb_export_2026-07-18T13_17_09.621+08_00.csv,600,600,0.0,True,0.5714285714285714,0.5714285714285714,0.5714285714285714,0.5714285714285714
wikitext24l_12k_lr001,no_cproj_k,2025,mainconf_reference_lr001_wikitext24l_12k_lr001_no_cproj_k_seed2025,matrix/k_state_released_fraction,wandb_export_2026-07-18T13_17_09.621+08_00.csv,600,600,0.0,True,0.5714285714285714,0.5714285714285714,0.5714285714285714,0.5714285714285714
wikitext24l_12k_lr001,no_cproj_k,2024,mainconf_reference_lr001_wikitext24l_12k_lr001_no_cproj_k_seed2024,matrix/k_state_released_fraction,wandb_export_2026-07-18T13_17_09.621+08_00.csv,600,600,0.0,True,0.5714285714285714,0.5714285714285714,0.5714285714285714,0.5714285714285714
owt24l_12k,no_cproj_k,2026,mainconf_reference_lr001_owt24l_12k_no_cproj_k_seed2026,matrix/k_state_released_fraction,wandb_export_2026-07-18T13_17_09.621+08_00.csv,600,600,0.0,True,0.5714285714285714,0.5714285714285714,0.5714285714285714,0.5714285714285714
owt24l_12k,no_cproj_k,2025,mainconf_reference_lr001_owt24l_12k_no_cproj_k_seed2025,matrix/k_state_released_fraction,wandb_export_2026-07-18T13_17_09.621+08_00.csv,600,600,0.0,True,0.5714285714285714,0.5714285714285714,0.5714285714285714,0.5714285714285714
owt24l_12k,no_cproj_k,2024,mainconf_reference_lr001_owt24l_12k_no_cproj_k_seed2024,matrix/k_state_released_fraction,wandb_export_2026-07-18T13_17_09.621+08_00.csv,600,600,0.0,True,0.5714285714285714,0.5714285714285714,0.5714285714285714,0.5714285714285714
wikitext12l_100m,no_cproj_k,2025,mainconf_reference_lr001_wikitext12l_100m_no_cproj_k_seed2025,matrix/k_state_released_fraction,wandb_export_2026-07-18T13_41_47.276+08_00.csv,611,611,0.0,True,0.5714285714285714,0.5714285714285714,0.5714285714285714,0.5714285714285714
wikitext12l_100m,no_cproj_k,2024,mainconf_reference_lr001_wikitext12l_100m_no_cproj_k_seed2024,matrix/k_state_released_fraction,wandb_export_2026-07-18T13_41_47.276+08_00.csv,611,611,0.0,True,0.5714285714285714,0.5714285714285714,0.5714285714285714,0.5714285714285714
owt12l_100m,no_cproj_k,2026,mainconf_reference_lr001_owt12l_100m_no_cproj_k_seed2026,matrix/k_state_released_fraction,wandb_export_2026-07-18T13_41_47.276+08_00.csv,611,611,0.0,True,0.5714285714285714,0.5714285714285714,0.5714285714285714,0.5714285714285714
owt12l_100m,no_cproj_k,2025,mainconf_reference_lr001_owt12l_100m_no_cproj_k_seed2025,matrix/k_state_released_fraction,wandb_export_2026-07-18T13_41_47.276+08_00.csv,611,611,0.0,True,0.5714285714285714,0.5714285714285714,0.5714285714285714,0.5714285714285714
owt12l_100m,no_cproj_k,2024,mainconf_reference_lr001_owt12l_100m_no_cproj_k_seed2024,matrix/k_state_released_fraction,wandb_export_2026-07-18T13_41_47.276+08_00.csv,611,611,0.0,True,0.5714285714285714,0.5714285714285714,0.5714285714285714,0.5714285714285714
wikitext12l_100m,paper_block4,2026,mainconf_reference_lr001_wikitext12l_100m_paper_block4_seed2026,matrix/k_state_released_fraction,wandb_export_2026-07-18T12_23_10.103+08_00.csv,611,611,0.0,True,0.0,0.0,0.0,0.0
owt18l_3k,paper_block4,2026,mainconf_reference_lr001_owt18l_3k_paper_block4_seed2026,matrix/k_state_released_fraction,wandb_export_2026-07-18T12_30_05.072+08_00.csv,150,150,0.0,True,0.0,0.0,0.0,0.0
owt18l_3k,paper_block4,2025,mainconf_reference_lr001_owt18l_3k_paper_block4_seed2025,matrix/k_state_released_fraction,wandb_export_2026-07-18T12_30_05.072+08_00.csv,150,150,0.0,True,0.0,0.0,0.0,0.0
owt18l_3k,paper_block4,2024,mainconf_reference_lr001_owt18l_3k_paper_block4_seed2024,matrix/k_state_released_fraction,wandb_export_2026-07-18T12_38_10.989+08_00.csv,150,150,0.0,True,0.0,0.0,0.0,0.0
wikitext24l_12k_lr001,paper_block4,2026,mainconf_reference_lr001_wikitext24l_12k_lr001_paper_block4_seed2026,matrix/k_state_released_fraction,wandb_export_2026-07-18T13_17_09.621+08_00.csv,600,600,0.0,True,0.0,0.0,0.0,0.0
wikitext24l_12k_lr001,paper_block4,2025,mainconf_reference_lr001_wikitext24l_12k_lr001_paper_block4_seed2025,matrix/k_state_released_fraction,wandb_export_2026-07-18T13_17_09.621+08_00.csv,600,600,0.0,True,0.0,0.0,0.0,0.0
wikitext24l_12k_lr001,paper_block4,2024,mainconf_reference_lr001_wikitext24l_12k_lr001_paper_block4_seed2024,matrix/k_state_released_fraction,wandb_export_2026-07-18T13_17_09.621+08_00.csv,600,600,0.0,True,0.0,0.0,0.0,0.0
owt24l_12k,paper_block4,2026,mainconf_reference_lr001_owt24l_12k_paper_block4_seed2026,matrix/k_state_released_fraction,wandb_export_2026-07-18T13_17_09.621+08_00.csv,600,600,0.0,True,0.0,0.0,0.0,0.0
owt24l_12k,paper_block4,2025,mainconf_reference_lr001_owt24l_12k_paper_block4_seed2025,matrix/k_state_released_fraction,wandb_export_2026-07-18T13_17_09.621+08_00.csv,600,600,0.0,True,0.0,0.0,0.0,0.0
owt24l_12k,paper_block4,2024,mainconf_reference_lr001_owt24l_12k_paper_block4_seed2024,matrix/k_state_released_fraction,wandb_export_2026-07-18T13_17_09.621+08_00.csv,600,600,0.0,True,0.0,0.0,0.0,0.0
wikitext12l_100m,paper_block4,2025,mainconf_reference_lr001_wikitext12l_100m_paper_block4_seed2025,matrix/k_state_released_fraction,wandb_export_2026-07-18T13_41_47.276+08_00.csv,611,611,0.0,True,0.0,0.0,0.0,0.0
wikitext12l_100m,paper_block4,2024,mainconf_reference_lr001_wikitext12l_100m_paper_block4_seed2024,matrix/k_state_released_fraction,wandb_export_2026-07-18T13_41_47.276+08_00.csv,611,611,0.0,True,0.0,0.0,0.0,0.0
owt12l_100m,paper_block4,2026,mainconf_reference_lr001_owt12l_100m_paper_block4_seed2026,matrix/k_state_released_fraction,wandb_export_2026-07-18T13_41_47.276+08_00.csv,611,611,0.0,True,0.0,0.0,0.0,0.0
owt12l_100m,paper_block4,2025,mainconf_reference_lr001_owt12l_100m_paper_block4_seed2025,matrix/k_state_released_fraction,wandb_export_2026-07-18T13_41_47.276+08_00.csv,611,611,0.0,True,0.0,0.0,0.0,0.0
owt12l_100m,paper_block4,2024,mainconf_reference_lr001_owt12l_100m_paper_block4_seed2024,matrix/k_state_released_fraction,wandb_export_2026-07-18T13_41_47.276+08_00.csv,611,611,0.0,True,0.0,0.0,0.0,0.0
wikitext12l_100m,diag_cproj_k,2026,mainconf_reference_lr001_wikitext12l_100m_diag_cproj_k_seed2026,matrix/non_cproj_k_state_bytes,wandb_export_2026-07-18T12_23_06.760+08_00.csv,611,611,0.0,True,254803968.0,254803968.0,254803968.0,254803968.0
owt18l_3k,diag_cproj_k,2026,mainconf_reference_lr001_owt18l_3k_diag_cproj_k_seed2026,matrix/non_cproj_k_state_bytes,wandb_export_2026-07-18T12_30_01.451+08_00.csv,150,150,0.0,True,382205952.0,382205952.0,382205952.0,382205952.0
owt18l_3k,diag_cproj_k,2025,mainconf_reference_lr001_owt18l_3k_diag_cproj_k_seed2025,matrix/non_cproj_k_state_bytes,wandb_export_2026-07-18T12_30_01.451+08_00.csv,150,150,0.0,True,382205952.0,382205952.0,382205952.0,382205952.0
owt18l_3k,diag_cproj_k,2024,mainconf_reference_lr001_owt18l_3k_diag_cproj_k_seed2024,matrix/non_cproj_k_state_bytes,wandb_export_2026-07-18T12_38_07.441+08_00.csv,150,150,0.0,True,382205952.0,382205952.0,382205952.0,382205952.0
wikitext24l_12k_lr001,diag_cproj_k,2026,mainconf_reference_lr001_wikitext24l_12k_lr001_diag_cproj_k_seed2026,matrix/non_cproj_k_state_bytes,wandb_export_2026-07-18T13_17_05.823+08_00.csv,600,600,0.0,True,905969664.0,905969664.0,905969664.0,905969664.0
wikitext24l_12k_lr001,diag_cproj_k,2025,mainconf_reference_lr001_wikitext24l_12k_lr001_diag_cproj_k_seed2025,matrix/non_cproj_k_state_bytes,wandb_export_2026-07-18T13_17_05.823+08_00.csv,600,600,0.0,True,905969664.0,905969664.0,905969664.0,905969664.0
wikitext24l_12k_lr001,diag_cproj_k,2024,mainconf_reference_lr001_wikitext24l_12k_lr001_diag_cproj_k_seed2024,matrix/non_cproj_k_state_bytes,wandb_export_2026-07-18T13_17_05.823+08_00.csv,600,600,0.0,True,905969664.0,905969664.0,905969664.0,905969664.0
owt24l_12k,diag_cproj_k,2026,mainconf_reference_lr001_owt24l_12k_diag_cproj_k_seed2026,matrix/non_cproj_k_state_bytes,wandb_export_2026-07-18T13_17_05.823+08_00.csv,600,600,0.0,True,905969664.0,905969664.0,905969664.0,905969664.0
owt24l_12k,diag_cproj_k,2025,mainconf_reference_lr001_owt24l_12k_diag_cproj_k_seed2025,matrix/non_cproj_k_state_bytes,wandb_export_2026-07-18T13_17_05.823+08_00.csv,600,600,0.0,True,905969664.0,905969664.0,905969664.0,905969664.0
owt24l_12k,diag_cproj_k,2024,mainconf_reference_lr001_owt24l_12k_diag_cproj_k_seed2024,matrix/non_cproj_k_state_bytes,wandb_export_2026-07-18T13_17_05.823+08_00.csv,600,600,0.0,True,905969664.0,905969664.0,905969664.0,905969664.0
wikitext12l_100m,diag_cproj_k,2025,mainconf_reference_lr001_wikitext12l_100m_diag_cproj_k_seed2025,matrix/non_cproj_k_state_bytes,wandb_export_2026-07-18T13_41_43.491+08_00.csv,611,611,0.0,True,254803968.0,254803968.0,254803968.0,254803968.0
wikitext12l_100m,diag_cproj_k,2024,mainconf_reference_lr001_wikitext12l_100m_diag_cproj_k_seed2024,matrix/non_cproj_k_state_bytes,wandb_export_2026-07-18T13_41_43.491+08_00.csv,611,611,0.0,True,254803968.0,254803968.0,254803968.0,254803968.0
owt12l_100m,diag_cproj_k,2026,mainconf_reference_lr001_owt12l_100m_diag_cproj_k_seed2026,matrix/non_cproj_k_state_bytes,wandb_export_2026-07-18T13_41_43.491+08_00.csv,611,611,0.0,True,254803968.0,254803968.0,254803968.0,254803968.0
owt12l_100m,diag_cproj_k,2025,mainconf_reference_lr001_owt12l_100m_diag_cproj_k_seed2025,matrix/non_cproj_k_state_bytes,wandb_export_2026-07-18T13_41_43.491+08_00.csv,611,611,0.0,True,254803968.0,254803968.0,254803968.0,254803968.0
owt12l_100m,diag_cproj_k,2024,mainconf_reference_lr001_owt12l_100m_diag_cproj_k_seed2024,matrix/non_cproj_k_state_bytes,wandb_export_2026-07-18T13_41_43.491+08_00.csv,611,611,0.0,True,254803968.0,254803968.0,254803968.0,254803968.0
wikitext12l_100m,no_cproj_k,2026,mainconf_reference_lr001_wikitext12l_100m_no_cproj_k_seed2026,matrix/non_cproj_k_state_bytes,wandb_export_2026-07-18T12_23_06.760+08_00.csv,611,611,0.0,True,254803968.0,254803968.0,254803968.0,254803968.0
owt18l_3k,no_cproj_k,2026,mainconf_reference_lr001_owt18l_3k_no_cproj_k_seed2026,matrix/non_cproj_k_state_bytes,wandb_export_2026-07-18T12_30_01.451+08_00.csv,150,150,0.0,True,382205952.0,382205952.0,382205952.0,382205952.0
owt18l_3k,no_cproj_k,2025,mainconf_reference_lr001_owt18l_3k_no_cproj_k_seed2025,matrix/non_cproj_k_state_bytes,wandb_export_2026-07-18T12_30_01.451+08_00.csv,150,150,0.0,True,382205952.0,382205952.0,382205952.0,382205952.0
owt18l_3k,no_cproj_k,2024,mainconf_reference_lr001_owt18l_3k_no_cproj_k_seed2024,matrix/non_cproj_k_state_bytes,wandb_export_2026-07-18T12_38_07.441+08_00.csv,150,150,0.0,True,382205952.0,382205952.0,382205952.0,382205952.0
wikitext24l_12k_lr001,no_cproj_k,2026,mainconf_reference_lr001_wikitext24l_12k_lr001_no_cproj_k_seed2026,matrix/non_cproj_k_state_bytes,wandb_export_2026-07-18T13_17_05.823+08_00.csv,600,600,0.0,True,905969664.0,905969664.0,905969664.0,905969664.0
wikitext24l_12k_lr001,no_cproj_k,2025,mainconf_reference_lr001_wikitext24l_12k_lr001_no_cproj_k_seed2025,matrix/non_cproj_k_state_bytes,wandb_export_2026-07-18T13_17_05.823+08_00.csv,600,600,0.0,True,905969664.0,905969664.0,905969664.0,905969664.0
wikitext24l_12k_lr001,no_cproj_k,2024,mainconf_reference_lr001_wikitext24l_12k_lr001_no_cproj_k_seed2024,matrix/non_cproj_k_state_bytes,wandb_export_2026-07-18T13_17_05.823+08_00.csv,600,600,0.0,True,905969664.0,905969664.0,905969664.0,905969664.0
owt24l_12k,no_cproj_k,2026,mainconf_reference_lr001_owt24l_12k_no_cproj_k_seed2026,matrix/non_cproj_k_state_bytes,wandb_export_2026-07-18T13_17_05.823+08_00.csv,600,600,0.0,True,905969664.0,905969664.0,905969664.0,905969664.0
owt24l_12k,no_cproj_k,2025,mainconf_reference_lr001_owt24l_12k_no_cproj_k_seed2025,matrix/non_cproj_k_state_bytes,wandb_export_2026-07-18T13_17_05.823+08_00.csv,600,600,0.0,True,905969664.0,905969664.0,905969664.0,905969664.0
owt24l_12k,no_cproj_k,2024,mainconf_reference_lr001_owt24l_12k_no_cproj_k_seed2024,matrix/non_cproj_k_state_bytes,wandb_export_2026-07-18T13_17_05.823+08_00.csv,600,600,0.0,True,905969664.0,905969664.0,905969664.0,905969664.0
wikitext12l_100m,no_cproj_k,2025,mainconf_reference_lr001_wikitext12l_100m_no_cproj_k_seed2025,matrix/non_cproj_k_state_bytes,wandb_export_2026-07-18T13_41_43.491+08_00.csv,611,611,0.0,True,254803968.0,254803968.0,254803968.0,254803968.0
wikitext12l_100m,no_cproj_k,2024,mainconf_reference_lr001_wikitext12l_100m_no_cproj_k_seed2024,matrix/non_cproj_k_state_bytes,wandb_export_2026-07-18T13_41_43.491+08_00.csv,611,611,0.0,True,254803968.0,254803968.0,254803968.0,254803968.0
owt12l_100m,no_cproj_k,2026,mainconf_reference_lr001_owt12l_100m_no_cproj_k_seed2026,matrix/non_cproj_k_state_bytes,wandb_export_2026-07-18T13_41_43.491+08_00.csv,611,611,0.0,True,254803968.0,254803968.0,254803968.0,254803968.0
owt12l_100m,no_cproj_k,2025,mainconf_reference_lr001_owt12l_100m_no_cproj_k_seed2025,matrix/non_cproj_k_state_bytes,wandb_export_2026-07-18T13_41_43.491+08_00.csv,611,611,0.0,True,254803968.0,254803968.0,254803968.0,254803968.0
owt12l_100m,no_cproj_k,2024,mainconf_reference_lr001_owt12l_100m_no_cproj_k_seed2024,matrix/non_cproj_k_state_bytes,wandb_export_2026-07-18T13_41_43.491+08_00.csv,611,611,0.0,True,254803968.0,254803968.0,254803968.0,254803968.0
wikitext12l_100m,paper_block4,2026,mainconf_reference_lr001_wikitext12l_100m_paper_block4_seed2026,matrix/non_cproj_k_state_bytes,wandb_export_2026-07-18T12_23_06.760+08_00.csv,611,611,0.0,True,254803968.0,254803968.0,254803968.0,254803968.0
owt18l_3k,paper_block4,2026,mainconf_reference_lr001_owt18l_3k_paper_block4_seed2026,matrix/non_cproj_k_state_bytes,wandb_export_2026-07-18T12_30_01.451+08_00.csv,150,150,0.0,True,382205952.0,382205952.0,382205952.0,382205952.0
owt18l_3k,paper_block4,2025,mainconf_reference_lr001_owt18l_3k_paper_block4_seed2025,matrix/non_cproj_k_state_bytes,wandb_export_2026-07-18T12_30_01.451+08_00.csv,150,150,0.0,True,382205952.0,382205952.0,382205952.0,382205952.0
owt18l_3k,paper_block4,2024,mainconf_reference_lr001_owt18l_3k_paper_block4_seed2024,matrix/non_cproj_k_state_bytes,wandb_export_2026-07-18T12_38_07.441+08_00.csv,150,150,0.0,True,382205952.0,382205952.0,382205952.0,382205952.0
wikitext24l_12k_lr001,paper_block4,2026,mainconf_reference_lr001_wikitext24l_12k_lr001_paper_block4_seed2026,matrix/non_cproj_k_state_bytes,wandb_export_2026-07-18T13_17_05.823+08_00.csv,600,600,0.0,True,905969664.0,905969664.0,905969664.0,905969664.0
wikitext24l_12k_lr001,paper_block4,2025,mainconf_reference_lr001_wikitext24l_12k_lr001_paper_block4_seed2025,matrix/non_cproj_k_state_bytes,wandb_export_2026-07-18T13_17_05.823+08_00.csv,600,600,0.0,True,905969664.0,905969664.0,905969664.0,905969664.0
wikitext24l_12k_lr001,paper_block4,2024,mainconf_reference_lr001_wikitext24l_12k_lr001_paper_block4_seed2024,matrix/non_cproj_k_state_bytes,wandb_export_2026-07-18T13_17_05.823+08_00.csv,600,600,0.0,True,905969664.0,905969664.0,905969664.0,905969664.0
owt24l_12k,paper_block4,2026,mainconf_reference_lr001_owt24l_12k_paper_block4_seed2026,matrix/non_cproj_k_state_bytes,wandb_export_2026-07-18T13_17_05.823+08_00.csv,600,600,0.0,True,905969664.0,905969664.0,905969664.0,905969664.0
owt24l_12k,paper_block4,2025,mainconf_reference_lr001_owt24l_12k_paper_block4_seed2025,matrix/non_cproj_k_state_bytes,wandb_export_2026-07-18T13_17_05.823+08_00.csv,600,600,0.0,True,905969664.0,905969664.0,905969664.0,905969664.0
owt24l_12k,paper_block4,2024,mainconf_reference_lr001_owt24l_12k_paper_block4_seed2024,matrix/non_cproj_k_state_bytes,wandb_export_2026-07-18T13_17_05.823+08_00.csv,600,600,0.0,True,905969664.0,905969664.0,905969664.0,905969664.0
wikitext12l_100m,paper_block4,2025,mainconf_reference_lr001_wikitext12l_100m_paper_block4_seed2025,matrix/non_cproj_k_state_bytes,wandb_export_2026-07-18T13_41_43.491+08_00.csv,611,611,0.0,True,254803968.0,254803968.0,254803968.0,254803968.0
wikitext12l_100m,paper_block4,2024,mainconf_reference_lr001_wikitext12l_100m_paper_block4_seed2024,matrix/non_cproj_k_state_bytes,wandb_export_2026-07-18T13_41_43.491+08_00.csv,611,611,0.0,True,254803968.0,254803968.0,254803968.0,254803968.0
owt12l_100m,paper_block4,2026,mainconf_reference_lr001_owt12l_100m_paper_block4_seed2026,matrix/non_cproj_k_state_bytes,wandb_export_2026-07-18T13_41_43.491+08_00.csv,611,611,0.0,True,254803968.0,254803968.0,254803968.0,254803968.0
owt12l_100m,paper_block4,2025,mainconf_reference_lr001_owt12l_100m_paper_block4_seed2025,matrix/non_cproj_k_state_bytes,wandb_export_2026-07-18T13_41_43.491+08_00.csv,611,611,0.0,True,254803968.0,254803968.0,254803968.0,254803968.0
owt12l_100m,paper_block4,2024,mainconf_reference_lr001_owt12l_100m_paper_block4_seed2024,matrix/non_cproj_k_state_bytes,wandb_export_2026-07-18T13_41_43.491+08_00.csv,611,611,0.0,True,254803968.0,254803968.0,254803968.0,254803968.0
wikitext12l_100m,diag_cproj_k,2026,mainconf_reference_lr001_wikitext12l_100m_diag_cproj_k_seed2026,time_elapsed,wandb_export_2026-07-18T12_22_48.996+08_00.csv,611,611,0.0,True,2.257476568222046,853.7275824546814,2.257476568222046,853.7275824546814
owt18l_3k,diag_cproj_k,2026,mainconf_reference_lr001_owt18l_3k_diag_cproj_k_seed2026,time_elapsed,wandb_export_2026-07-18T12_29_43.946+08_00.csv,150,150,0.0,True,2.106816053390503,258.0392019748688,2.106816053390503,258.0392019748688
owt18l_3k,diag_cproj_k,2025,mainconf_reference_lr001_owt18l_3k_diag_cproj_k_seed2025,time_elapsed,wandb_export_2026-07-18T12_29_43.946+08_00.csv,150,150,0.0,True,1.8609867095947263,240.98739743232727,1.8609867095947263,240.98739743232727
owt18l_3k,diag_cproj_k,2024,mainconf_reference_lr001_owt18l_3k_diag_cproj_k_seed2024,time_elapsed,wandb_export_2026-07-18T12_37_48.729+08_00.csv,150,150,0.0,True,1.843233108520508,246.72589874267575,1.843233108520508,246.72589874267575
wikitext24l_12k_lr001,diag_cproj_k,2026,mainconf_reference_lr001_wikitext24l_12k_lr001_diag_cproj_k_seed2026,time_elapsed,wandb_export_2026-07-18T13_16_46.450+08_00.csv,600,600,0.0,True,1.809408187866211,1193.6253657341003,1.809408187866211,1193.6253657341003
wikitext24l_12k_lr001,diag_cproj_k,2025,mainconf_reference_lr001_wikitext24l_12k_lr001_diag_cproj_k_seed2025,time_elapsed,wandb_export_2026-07-18T13_16_46.450+08_00.csv,600,600,0.0,True,1.82376766204834,1229.3153612613678,1.82376766204834,1229.3153612613678
wikitext24l_12k_lr001,diag_cproj_k,2024,mainconf_reference_lr001_wikitext24l_12k_lr001_diag_cproj_k_seed2024,time_elapsed,wandb_export_2026-07-18T13_16_46.450+08_00.csv,600,600,0.0,True,1.8614213466644287,1293.39963722229,1.8614213466644287,1293.39963722229
owt24l_12k,diag_cproj_k,2026,mainconf_reference_lr001_owt24l_12k_diag_cproj_k_seed2026,time_elapsed,wandb_export_2026-07-18T13_16_46.450+08_00.csv,600,600,0.0,True,1.7734425067901611,1284.4802265167236,1.7734425067901611,1284.4802265167236
owt24l_12k,diag_cproj_k,2025,mainconf_reference_lr001_owt24l_12k_diag_cproj_k_seed2025,time_elapsed,wandb_export_2026-07-18T13_16_46.450+08_00.csv,600,600,0.0,True,2.096956968307495,1405.7573268413544,2.096956968307495,1405.7573268413544
owt24l_12k,diag_cproj_k,2024,mainconf_reference_lr001_owt24l_12k_diag_cproj_k_seed2024,time_elapsed,wandb_export_2026-07-18T13_16_46.450+08_00.csv,600,600,0.0,True,1.8762414455413816,1383.4922025203705,1.8762414455413816,1383.4922025203705
wikitext12l_100m,diag_cproj_k,2025,mainconf_reference_lr001_wikitext12l_100m_diag_cproj_k_seed2025,time_elapsed,wandb_export_2026-07-18T13_41_26.890+08_00.csv,611,611,0.0,True,2.318856000900269,864.2621545791626,2.318856000900269,864.2621545791626
wikitext12l_100m,diag_cproj_k,2024,mainconf_reference_lr001_wikitext12l_100m_diag_cproj_k_seed2024,time_elapsed,wandb_export_2026-07-18T13_41_26.890+08_00.csv,611,611,0.0,True,2.6254708766937256,853.7819192409515,2.6254708766937256,853.7819192409515
owt12l_100m,diag_cproj_k,2026,mainconf_reference_lr001_owt12l_100m_diag_cproj_k_seed2026,time_elapsed,wandb_export_2026-07-18T13_41_26.890+08_00.csv,611,611,0.0,True,1.9765949249267576,855.925021648407,1.9765949249267576,855.925021648407
owt12l_100m,diag_cproj_k,2025,mainconf_reference_lr001_owt12l_100m_diag_cproj_k_seed2025,time_elapsed,wandb_export_2026-07-18T13_41_26.890+08_00.csv,611,611,0.0,True,1.874077320098877,840.1500105857849,1.874077320098877,840.1500105857849
owt12l_100m,diag_cproj_k,2024,mainconf_reference_lr001_owt12l_100m_diag_cproj_k_seed2024,time_elapsed,wandb_export_2026-07-18T13_41_26.890+08_00.csv,611,611,0.0,True,1.8074936866760252,856.7544112205505,1.8074936866760252,856.7544112205505
wikitext12l_100m,muon_blog,2026,mainconf_reference_lr001_wikitext12l_100m_muon_blog_seed2026,time_elapsed,wandb_export_2026-07-18T12_22_48.996+08_00.csv,611,611,0.0,True,2.105279922485352,796.8888170719147,2.105279922485352,796.8888170719147
owt18l_3k,muon_blog,2026,mainconf_reference_lr001_owt18l_3k_muon_blog_seed2026,time_elapsed,wandb_export_2026-07-18T12_29_43.946+08_00.csv,150,150,0.0,True,2.727487087249756,221.8948516845703,2.727487087249756,221.8948516845703
owt18l_3k,muon_blog,2025,mainconf_reference_lr001_owt18l_3k_muon_blog_seed2025,time_elapsed,wandb_export_2026-07-18T12_29_43.946+08_00.csv,150,150,0.0,True,1.7311222553253174,210.57645845413208,1.7311222553253174,210.57645845413208
owt18l_3k,muon_blog,2024,mainconf_reference_lr001_owt18l_3k_muon_blog_seed2024,time_elapsed,wandb_export_2026-07-18T12_37_48.729+08_00.csv,150,150,0.0,True,1.8895127773284912,209.3973355293274,1.8895127773284912,209.3973355293274
wikitext24l_12k_lr001,muon_blog,2026,mainconf_reference_lr001_wikitext24l_12k_lr001_muon_blog_seed2026,time_elapsed,wandb_export_2026-07-18T13_16_46.450+08_00.csv,600,600,0.0,True,2.33912992477417,1045.0248384475708,2.33912992477417,1045.0248384475708
wikitext24l_12k_lr001,muon_blog,2025,mainconf_reference_lr001_wikitext24l_12k_lr001_muon_blog_seed2025,time_elapsed,wandb_export_2026-07-18T13_16_46.450+08_00.csv,600,600,0.0,True,1.693147897720337,1115.739501953125,1.693147897720337,1115.739501953125
wikitext24l_12k_lr001,muon_blog,2024,mainconf_reference_lr001_wikitext24l_12k_lr001_muon_blog_seed2024,time_elapsed,wandb_export_2026-07-18T13_16_46.450+08_00.csv,600,600,0.0,True,1.669435977935791,1117.173236370087,1.669435977935791,1117.173236370087
owt24l_12k,muon_blog,2026,mainconf_reference_lr001_owt24l_12k_muon_blog_seed2026,time_elapsed,wandb_export_2026-07-18T13_16_46.450+08_00.csv,600,600,0.0,True,1.8542046546936035,1148.3076701164246,1.8542046546936035,1148.3076701164246
owt24l_12k,muon_blog,2025,mainconf_reference_lr001_owt24l_12k_muon_blog_seed2025,time_elapsed,wandb_export_2026-07-18T13_16_46.450+08_00.csv,600,600,0.0,True,1.8612849712371824,1282.459576845169,1.8612849712371824,1282.459576845169
owt24l_12k,muon_blog,2024,mainconf_reference_lr001_owt24l_12k_muon_blog_seed2024,time_elapsed,wandb_export_2026-07-18T13_16_46.450+08_00.csv,600,600,0.0,True,1.967520236968994,1237.042274236679,1.967520236968994,1237.042274236679
wikitext12l_100m,muon_blog,2025,mainconf_reference_lr001_wikitext12l_100m_muon_blog_seed2025,time_elapsed,wandb_export_2026-07-18T13_41_26.890+08_00.csv,611,611,0.0,True,2.123084545135498,797.1716930866241,2.123084545135498,797.1716930866241
wikitext12l_100m,muon_blog,2024,mainconf_reference_lr001_wikitext12l_100m_muon_blog_seed2024,time_elapsed,wandb_export_2026-07-18T13_41_26.890+08_00.csv,611,611,0.0,True,2.1839730739593506,834.9238929748535,2.1839730739593506,834.9238929748535
owt12l_100m,muon_blog,2026,mainconf_reference_lr001_owt12l_100m_muon_blog_seed2026,time_elapsed,wandb_export_2026-07-18T13_41_26.890+08_00.csv,611,611,0.0,True,1.907193660736084,797.3954033851624,1.907193660736084,797.3954033851624
owt12l_100m,muon_blog,2025,mainconf_reference_lr001_owt12l_100m_muon_blog_seed2025,time_elapsed,wandb_export_2026-07-18T13_41_26.890+08_00.csv,611,611,0.0,True,1.7020652294158936,805.6822998523712,1.7020652294158936,805.6822998523712
owt12l_100m,muon_blog,2024,mainconf_reference_lr001_owt12l_100m_muon_blog_seed2024,time_elapsed,wandb_export_2026-07-18T13_41_26.890+08_00.csv,611,611,0.0,True,2.1554195880889893,806.2915210723877,2.1554195880889893,806.2915210723877
wikitext12l_100m,no_cproj_k,2026,mainconf_reference_lr001_wikitext12l_100m_no_cproj_k_seed2026,time_elapsed,wandb_export_2026-07-18T12_22_48.996+08_00.csv,611,611,0.0,True,2.29436993598938,846.6378104686737,2.29436993598938,846.6378104686737
owt18l_3k,no_cproj_k,2026,mainconf_reference_lr001_owt18l_3k_no_cproj_k_seed2026,time_elapsed,wandb_export_2026-07-18T12_29_43.946+08_00.csv,150,150,0.0,True,2.068930149078369,253.529358625412,2.068930149078369,253.529358625412
owt18l_3k,no_cproj_k,2025,mainconf_reference_lr001_owt18l_3k_no_cproj_k_seed2025,time_elapsed,wandb_export_2026-07-18T12_29_43.946+08_00.csv,150,150,0.0,True,1.944964408874512,232.51203989982605,1.944964408874512,232.51203989982605
owt18l_3k,no_cproj_k,2024,mainconf_reference_lr001_owt18l_3k_no_cproj_k_seed2024,time_elapsed,wandb_export_2026-07-18T12_37_48.729+08_00.csv,150,150,0.0,True,1.91765570640564,233.6063551902771,1.91765570640564,233.6063551902771
wikitext24l_12k_lr001,no_cproj_k,2026,mainconf_reference_lr001_wikitext24l_12k_lr001_no_cproj_k_seed2026,time_elapsed,wandb_export_2026-07-18T13_16_46.450+08_00.csv,600,600,0.0,True,1.91715669631958,1207.9082250595093,1.91715669631958,1207.9082250595093
wikitext24l_12k_lr001,no_cproj_k,2025,mainconf_reference_lr001_wikitext24l_12k_lr001_no_cproj_k_seed2025,time_elapsed,wandb_export_2026-07-18T13_16_46.450+08_00.csv,600,600,0.0,True,1.8130347728729248,1218.2756206989288,1.8130347728729248,1218.2756206989288
wikitext24l_12k_lr001,no_cproj_k,2024,mainconf_reference_lr001_wikitext24l_12k_lr001_no_cproj_k_seed2024,time_elapsed,wandb_export_2026-07-18T13_16_46.450+08_00.csv,600,600,0.0,True,1.687321424484253,1213.8184559345243,1.687321424484253,1213.8184559345243
owt24l_12k,no_cproj_k,2026,mainconf_reference_lr001_owt24l_12k_no_cproj_k_seed2026,time_elapsed,wandb_export_2026-07-18T13_16_46.450+08_00.csv,600,600,0.0,True,1.8645899295806885,1292.1771421432495,1.8645899295806885,1292.1771421432495
owt24l_12k,no_cproj_k,2025,mainconf_reference_lr001_owt24l_12k_no_cproj_k_seed2025,time_elapsed,wandb_export_2026-07-18T13_16_46.450+08_00.csv,600,600,0.0,True,2.0916459560394287,1353.4244813919067,2.0916459560394287,1353.4244813919067
owt24l_12k,no_cproj_k,2024,mainconf_reference_lr001_owt24l_12k_no_cproj_k_seed2024,time_elapsed,wandb_export_2026-07-18T13_16_46.450+08_00.csv,600,600,0.0,True,2.0384714603424072,1389.7096865177157,2.0384714603424072,1389.7096865177157
wikitext12l_100m,no_cproj_k,2025,mainconf_reference_lr001_wikitext12l_100m_no_cproj_k_seed2025,time_elapsed,wandb_export_2026-07-18T13_41_26.890+08_00.csv,611,611,0.0,True,2.20981502532959,844.9192805290222,2.20981502532959,844.9192805290222
wikitext12l_100m,no_cproj_k,2024,mainconf_reference_lr001_wikitext12l_100m_no_cproj_k_seed2024,time_elapsed,wandb_export_2026-07-18T13_41_26.890+08_00.csv,611,611,0.0,True,2.2868685722351074,875.8173141479492,2.2868685722351074,875.8173141479492
owt12l_100m,no_cproj_k,2026,mainconf_reference_lr001_owt12l_100m_no_cproj_k_seed2026,time_elapsed,wandb_export_2026-07-18T13_41_26.890+08_00.csv,611,611,0.0,True,1.986760139465332,879.0884122848511,1.986760139465332,879.0884122848511
owt12l_100m,no_cproj_k,2025,mainconf_reference_lr001_owt12l_100m_no_cproj_k_seed2025,time_elapsed,wandb_export_2026-07-18T13_41_26.890+08_00.csv,611,611,0.0,True,1.6988847255706787,845.2858257293701,1.6988847255706787,845.2858257293701
owt12l_100m,no_cproj_k,2024,mainconf_reference_lr001_owt12l_100m_no_cproj_k_seed2024,time_elapsed,wandb_export_2026-07-18T13_41_26.890+08_00.csv,611,611,0.0,True,1.714233160018921,851.1666712760925,1.714233160018921,851.1666712760925
wikitext12l_100m,paper_block4,2026,mainconf_reference_lr001_wikitext12l_100m_paper_block4_seed2026,time_elapsed,wandb_export_2026-07-18T12_22_48.996+08_00.csv,611,611,0.0,True,2.2865452766418457,892.2552433013916,2.2865452766418457,892.2552433013916
owt18l_3k,paper_block4,2026,mainconf_reference_lr001_owt18l_3k_paper_block4_seed2026,time_elapsed,wandb_export_2026-07-18T12_29_43.946+08_00.csv,150,150,0.0,True,2.164879083633423,296.87140798568726,2.164879083633423,296.87140798568726
owt18l_3k,paper_block4,2025,mainconf_reference_lr001_owt18l_3k_paper_block4_seed2025,time_elapsed,wandb_export_2026-07-18T12_29_43.946+08_00.csv,150,150,0.0,True,1.8686935901641848,251.2152054309845,1.8686935901641848,251.2152054309845
owt18l_3k,paper_block4,2024,mainconf_reference_lr001_owt18l_3k_paper_block4_seed2024,time_elapsed,wandb_export_2026-07-18T12_37_48.729+08_00.csv,150,150,0.0,True,1.886652946472168,244.26650285720825,1.886652946472168,244.26650285720825
wikitext24l_12k_lr001,paper_block4,2026,mainconf_reference_lr001_wikitext24l_12k_lr001_paper_block4_seed2026,time_elapsed,wandb_export_2026-07-18T13_16_46.450+08_00.csv,600,600,0.0,True,1.904235601425171,1281.101310491562,1.904235601425171,1281.101310491562
wikitext24l_12k_lr001,paper_block4,2025,mainconf_reference_lr001_wikitext24l_12k_lr001_paper_block4_seed2025,time_elapsed,wandb_export_2026-07-18T13_16_46.450+08_00.csv,600,600,0.0,True,1.8275799751281736,1298.533523797989,1.8275799751281736,1298.533523797989
wikitext24l_12k_lr001,paper_block4,2024,mainconf_reference_lr001_wikitext24l_12k_lr001_paper_block4_seed2024,time_elapsed,wandb_export_2026-07-18T13_16_46.450+08_00.csv,600,600,0.0,True,1.8574745655059812,1384.63969707489,1.8574745655059812,1384.63969707489
owt24l_12k,paper_block4,2026,mainconf_reference_lr001_owt24l_12k_paper_block4_seed2026,time_elapsed,wandb_export_2026-07-18T13_16_46.450+08_00.csv,600,600,0.0,True,1.774538278579712,1279.5693645477295,1.774538278579712,1279.5693645477295
owt24l_12k,paper_block4,2025,mainconf_reference_lr001_owt24l_12k_paper_block4_seed2025,time_elapsed,wandb_export_2026-07-18T13_16_46.450+08_00.csv,600,600,0.0,True,2.0101490020751958,1455.965658903122,2.0101490020751958,1455.965658903122
owt24l_12k,paper_block4,2024,mainconf_reference_lr001_owt24l_12k_paper_block4_seed2024,time_elapsed,wandb_export_2026-07-18T13_16_46.450+08_00.csv,600,600,0.0,True,1.956964492797852,1417.7592496871948,1.956964492797852,1417.7592496871948
wikitext12l_100m,paper_block4,2025,mainconf_reference_lr001_wikitext12l_100m_paper_block4_seed2025,time_elapsed,wandb_export_2026-07-18T13_41_26.890+08_00.csv,611,611,0.0,True,2.2862062454223637,907.0704939365388,2.2862062454223637,907.0704939365388
wikitext12l_100m,paper_block4,2024,mainconf_reference_lr001_wikitext12l_100m_paper_block4_seed2024,time_elapsed,wandb_export_2026-07-18T13_41_26.890+08_00.csv,611,611,0.0,True,2.290982723236084,908.7705550193788,2.290982723236084,908.7705550193788
owt12l_100m,paper_block4,2026,mainconf_reference_lr001_owt12l_100m_paper_block4_seed2026,time_elapsed,wandb_export_2026-07-18T13_41_26.890+08_00.csv,611,611,0.0,True,1.685281753540039,917.6201930046082,1.685281753540039,917.6201930046082
owt12l_100m,paper_block4,2025,mainconf_reference_lr001_owt12l_100m_paper_block4_seed2025,time_elapsed,wandb_export_2026-07-18T13_41_26.890+08_00.csv,611,611,0.0,True,1.709160327911377,888.1508042812347,1.709160327911377,888.1508042812347
owt12l_100m,paper_block4,2024,mainconf_reference_lr001_owt12l_100m_paper_block4_seed2024,time_elapsed,wandb_export_2026-07-18T13_41_26.890+08_00.csv,611,611,0.0,True,1.7849528789520264,925.9739601612092,1.7849528789520264,925.9739601612092
wikitext12l_100m,diag_cproj_k,2026,mainconf_reference_lr001_wikitext12l_100m_diag_cproj_k_seed2026,train/loss_step,wandb_export_2026-07-18T12_23_19.823+08_00.csv,611,611,0.0,True,10.959465026855469,3.4960923194885254,3.189535140991211,10.959465026855469
owt18l_3k,diag_cproj_k,2026,mainconf_reference_lr001_owt18l_3k_diag_cproj_k_seed2026,train/loss_step,wandb_export_2026-07-18T12_30_16.886+08_00.csv,150,150,0.0,True,10.931777954101562,5.197831153869629,4.720381259918213,10.931777954101562
owt18l_3k,diag_cproj_k,2025,mainconf_reference_lr001_owt18l_3k_diag_cproj_k_seed2025,train/loss_step,wandb_export_2026-07-18T12_30_16.886+08_00.csv,150,150,0.0,True,10.94482421875,5.366106033325195,4.652552127838135,10.94482421875
owt18l_3k,diag_cproj_k,2024,mainconf_reference_lr001_owt18l_3k_diag_cproj_k_seed2024,train/loss_step,wandb_export_2026-07-18T12_38_21.152+08_00.csv,150,150,0.0,True,11.0289306640625,4.92165470123291,4.610102653503418,11.0289306640625
wikitext24l_12k_lr001,diag_cproj_k,2026,mainconf_reference_lr001_wikitext24l_12k_lr001_diag_cproj_k_seed2026,train/loss_step,wandb_export_2026-07-18T13_17_19.940+08_00.csv,600,600,0.0,True,11.066162109375,5.3813676834106445,4.24960994720459,11.066162109375
wikitext24l_12k_lr001,diag_cproj_k,2025,mainconf_reference_lr001_wikitext24l_12k_lr001_diag_cproj_k_seed2025,train/loss_step,wandb_export_2026-07-18T13_17_19.940+08_00.csv,600,600,0.0,True,11.03692626953125,5.006404876708984,3.6560378074646,11.03692626953125
wikitext24l_12k_lr001,diag_cproj_k,2024,mainconf_reference_lr001_wikitext24l_12k_lr001_diag_cproj_k_seed2024,train/loss_step,wandb_export_2026-07-18T13_17_19.940+08_00.csv,600,600,0.0,True,11.0081787109375,5.21849536895752,4.037998199462891,11.0081787109375
owt24l_12k,diag_cproj_k,2026,mainconf_reference_lr001_owt24l_12k_diag_cproj_k_seed2026,train/loss_step,wandb_export_2026-07-18T13_17_19.940+08_00.csv,600,600,0.0,True,11.0550537109375,5.841630935668945,4.182076454162598,11.0550537109375
owt24l_12k,diag_cproj_k,2025,mainconf_reference_lr001_owt24l_12k_diag_cproj_k_seed2025,train/loss_step,wandb_export_2026-07-18T13_17_19.940+08_00.csv,600,600,0.0,True,11.03857421875,5.167476177215576,4.572357177734375,11.03857421875
owt24l_12k,diag_cproj_k,2024,mainconf_reference_lr001_owt24l_12k_diag_cproj_k_seed2024,train/loss_step,wandb_export_2026-07-18T13_17_19.940+08_00.csv,600,600,0.0,True,10.97088623046875,5.696460723876953,4.622087478637695,10.97088623046875
wikitext12l_100m,diag_cproj_k,2025,mainconf_reference_lr001_wikitext12l_100m_diag_cproj_k_seed2025,train/loss_step,wandb_export_2026-07-18T13_41_58.546+08_00.csv,611,611,0.0,True,10.966033935546877,3.3627572059631348,3.0804224014282227,10.966033935546877
wikitext12l_100m,diag_cproj_k,2024,mainconf_reference_lr001_wikitext12l_100m_diag_cproj_k_seed2024,train/loss_step,wandb_export_2026-07-18T13_41_58.546+08_00.csv,611,611,0.0,True,10.975746154785156,3.609109401702881,3.1526241302490234,10.975746154785156
owt12l_100m,diag_cproj_k,2026,mainconf_reference_lr001_owt12l_100m_diag_cproj_k_seed2026,train/loss_step,wandb_export_2026-07-18T13_41_58.546+08_00.csv,611,611,0.0,True,10.933692932128906,4.242812156677246,3.638987302780152,10.933692932128906
owt12l_100m,diag_cproj_k,2025,mainconf_reference_lr001_owt12l_100m_diag_cproj_k_seed2025,train/loss_step,wandb_export_2026-07-18T13_41_58.546+08_00.csv,611,611,0.0,True,10.9659423828125,4.172983169555664,3.7548980712890634,10.9659423828125
owt12l_100m,diag_cproj_k,2024,mainconf_reference_lr001_owt12l_100m_diag_cproj_k_seed2024,train/loss_step,wandb_export_2026-07-18T13_41_58.546+08_00.csv,611,611,0.0,True,10.96746063232422,3.960762023925781,3.697733402252197,10.96746063232422
wikitext12l_100m,muon_blog,2026,mainconf_reference_lr001_wikitext12l_100m_muon_blog_seed2026,train/loss_step,wandb_export_2026-07-18T12_23_19.823+08_00.csv,611,611,0.0,True,10.959465026855469,3.398836135864258,3.117678642272949,10.959465026855469
owt18l_3k,muon_blog,2026,mainconf_reference_lr001_owt18l_3k_muon_blog_seed2026,train/loss_step,wandb_export_2026-07-18T12_30_16.886+08_00.csv,150,150,0.0,True,10.931777954101562,5.207359313964844,4.72039794921875,10.931777954101562
owt18l_3k,muon_blog,2025,mainconf_reference_lr001_owt18l_3k_muon_blog_seed2025,train/loss_step,wandb_export_2026-07-18T12_30_16.886+08_00.csv,150,150,0.0,True,10.94482421875,5.398876190185547,4.680684566497803,10.94482421875
owt18l_3k,muon_blog,2024,mainconf_reference_lr001_owt18l_3k_muon_blog_seed2024,train/loss_step,wandb_export_2026-07-18T12_38_21.152+08_00.csv,150,150,0.0,True,11.0289306640625,4.957846641540527,4.620911598205566,11.0289306640625
wikitext24l_12k_lr001,muon_blog,2026,mainconf_reference_lr001_wikitext24l_12k_lr001_muon_blog_seed2026,train/loss_step,wandb_export_2026-07-18T13_17_19.940+08_00.csv,600,600,0.0,True,11.066162109375,5.882388114929199,4.572943210601807,11.066162109375
wikitext24l_12k_lr001,muon_blog,2025,mainconf_reference_lr001_wikitext24l_12k_lr001_muon_blog_seed2025,train/loss_step,wandb_export_2026-07-18T13_17_19.940+08_00.csv,600,600,0.0,True,11.03692626953125,5.530539512634277,4.12055778503418,11.03692626953125
wikitext24l_12k_lr001,muon_blog,2024,mainconf_reference_lr001_wikitext24l_12k_lr001_muon_blog_seed2024,train/loss_step,wandb_export_2026-07-18T13_17_19.940+08_00.csv,600,600,0.0,True,11.0081787109375,5.790982246398926,4.57298469543457,11.0081787109375
owt24l_12k,muon_blog,2026,mainconf_reference_lr001_owt24l_12k_muon_blog_seed2026,train/loss_step,wandb_export_2026-07-18T13_17_19.940+08_00.csv,600,600,0.0,True,11.0550537109375,6.436139106750488,4.687546730041504,11.0550537109375
owt24l_12k,muon_blog,2025,mainconf_reference_lr001_owt24l_12k_muon_blog_seed2025,train/loss_step,wandb_export_2026-07-18T13_17_19.940+08_00.csv,600,600,0.0,True,11.03857421875,5.666086196899414,4.941302299499512,11.03857421875
owt24l_12k,muon_blog,2024,mainconf_reference_lr001_owt24l_12k_muon_blog_seed2024,train/loss_step,wandb_export_2026-07-18T13_17_19.940+08_00.csv,600,600,0.0,True,10.97088623046875,6.122370719909668,4.964077949523926,10.97088623046875
wikitext12l_100m,muon_blog,2025,mainconf_reference_lr001_wikitext12l_100m_muon_blog_seed2025,train/loss_step,wandb_export_2026-07-18T13_41_58.546+08_00.csv,611,611,0.0,True,10.966033935546877,3.313273429870605,3.008693218231201,10.966033935546877
wikitext12l_100m,muon_blog,2024,mainconf_reference_lr001_wikitext12l_100m_muon_blog_seed2024,train/loss_step,wandb_export_2026-07-18T13_41_58.546+08_00.csv,611,611,0.0,True,10.975746154785156,3.525276899337769,3.079713821411133,10.975746154785156
owt12l_100m,muon_blog,2026,mainconf_reference_lr001_owt12l_100m_muon_blog_seed2026,train/loss_step,wandb_export_2026-07-18T13_41_58.546+08_00.csv,611,611,0.0,True,10.933692932128906,4.201401710510254,3.612195730209351,10.933692932128906
owt12l_100m,muon_blog,2025,mainconf_reference_lr001_owt12l_100m_muon_blog_seed2025,train/loss_step,wandb_export_2026-07-18T13_41_58.546+08_00.csv,611,611,0.0,True,10.9659423828125,4.103116035461426,3.68465256690979,10.9659423828125
owt12l_100m,muon_blog,2024,mainconf_reference_lr001_owt12l_100m_muon_blog_seed2024,train/loss_step,wandb_export_2026-07-18T13_41_58.546+08_00.csv,611,611,0.0,True,10.96746063232422,3.907674551010132,3.644198894500733,10.96746063232422
wikitext12l_100m,no_cproj_k,2026,mainconf_reference_lr001_wikitext12l_100m_no_cproj_k_seed2026,train/loss_step,wandb_export_2026-07-18T12_23_19.823+08_00.csv,611,611,0.0,True,10.959465026855469,3.4918031692504883,3.180964469909668,10.959465026855469
owt18l_3k,no_cproj_k,2026,mainconf_reference_lr001_owt18l_3k_no_cproj_k_seed2026,train/loss_step,wandb_export_2026-07-18T12_30_16.886+08_00.csv,150,150,0.0,True,10.931777954101562,5.235640048980713,4.730360984802246,10.931777954101562
owt18l_3k,no_cproj_k,2025,mainconf_reference_lr001_owt18l_3k_no_cproj_k_seed2025,train/loss_step,wandb_export_2026-07-18T12_30_16.886+08_00.csv,150,150,0.0,True,10.94482421875,5.372715473175049,4.673218250274658,10.94482421875
owt18l_3k,no_cproj_k,2024,mainconf_reference_lr001_owt18l_3k_no_cproj_k_seed2024,train/loss_step,wandb_export_2026-07-18T12_38_21.152+08_00.csv,150,150,0.0,True,11.0289306640625,4.947317600250244,4.610761642456055,11.0289306640625
wikitext24l_12k_lr001,no_cproj_k,2026,mainconf_reference_lr001_wikitext24l_12k_lr001_no_cproj_k_seed2026,train/loss_step,wandb_export_2026-07-18T13_17_19.940+08_00.csv,600,600,0.0,True,11.066162109375,5.440700531005859,4.284400939941406,11.066162109375
wikitext24l_12k_lr001,no_cproj_k,2025,mainconf_reference_lr001_wikitext24l_12k_lr001_no_cproj_k_seed2025,train/loss_step,wandb_export_2026-07-18T13_17_19.940+08_00.csv,600,600,0.0,True,11.03692626953125,5.045530319213867,3.715239763259888,11.03692626953125
wikitext24l_12k_lr001,no_cproj_k,2024,mainconf_reference_lr001_wikitext24l_12k_lr001_no_cproj_k_seed2024,train/loss_step,wandb_export_2026-07-18T13_17_19.940+08_00.csv,600,600,0.0,True,11.0081787109375,5.2671637535095215,4.103407859802246,11.0081787109375
owt24l_12k,no_cproj_k,2026,mainconf_reference_lr001_owt24l_12k_no_cproj_k_seed2026,train/loss_step,wandb_export_2026-07-18T13_17_19.940+08_00.csv,600,600,0.0,True,11.0550537109375,5.898239612579346,4.226298332214356,11.0550537109375
owt24l_12k,no_cproj_k,2025,mainconf_reference_lr001_owt24l_12k_no_cproj_k_seed2025,train/loss_step,wandb_export_2026-07-18T13_17_19.940+08_00.csv,600,600,0.0,True,11.03857421875,5.1492438316345215,4.629331111907959,11.03857421875
owt24l_12k,no_cproj_k,2024,mainconf_reference_lr001_owt24l_12k_no_cproj_k_seed2024,train/loss_step,wandb_export_2026-07-18T13_17_19.940+08_00.csv,600,600,0.0,True,10.97088623046875,5.723431587219238,4.642142295837402,10.97088623046875
wikitext12l_100m,no_cproj_k,2025,mainconf_reference_lr001_wikitext12l_100m_no_cproj_k_seed2025,train/loss_step,wandb_export_2026-07-18T13_41_58.546+08_00.csv,611,611,0.0,True,10.966033935546877,3.380406618118286,3.063694477081299,10.966033935546877
wikitext12l_100m,no_cproj_k,2024,mainconf_reference_lr001_wikitext12l_100m_no_cproj_k_seed2024,train/loss_step,wandb_export_2026-07-18T13_41_58.546+08_00.csv,611,611,0.0,True,10.975746154785156,3.613483667373657,3.156667232513428,10.975746154785156
owt12l_100m,no_cproj_k,2026,mainconf_reference_lr001_owt12l_100m_no_cproj_k_seed2026,train/loss_step,wandb_export_2026-07-18T13_41_58.546+08_00.csv,611,611,0.0,True,10.933692932128906,4.244723320007324,3.655296802520752,10.933692932128906
owt12l_100m,no_cproj_k,2025,mainconf_reference_lr001_owt12l_100m_no_cproj_k_seed2025,train/loss_step,wandb_export_2026-07-18T13_41_58.546+08_00.csv,611,611,0.0,True,10.9659423828125,4.182052612304688,3.752576351165772,10.9659423828125
owt12l_100m,no_cproj_k,2024,mainconf_reference_lr001_owt12l_100m_no_cproj_k_seed2024,train/loss_step,wandb_export_2026-07-18T13_41_58.546+08_00.csv,611,611,0.0,True,10.96746063232422,3.956475973129273,3.703880786895752,10.96746063232422
wikitext12l_100m,paper_block4,2026,mainconf_reference_lr001_wikitext12l_100m_paper_block4_seed2026,train/loss_step,wandb_export_2026-07-18T12_23_19.823+08_00.csv,611,611,0.0,True,10.959465026855469,3.4850199222564697,3.175953865051269,10.959465026855469
owt18l_3k,paper_block4,2026,mainconf_reference_lr001_owt18l_3k_paper_block4_seed2026,train/loss_step,wandb_export_2026-07-18T12_30_16.886+08_00.csv,150,150,0.0,True,10.931777954101562,5.191814422607422,4.744891166687012,10.931777954101562
owt18l_3k,paper_block4,2025,mainconf_reference_lr001_owt18l_3k_paper_block4_seed2025,train/loss_step,wandb_export_2026-07-18T12_30_16.886+08_00.csv,150,150,0.0,True,10.94482421875,5.3700385093688965,4.6676130294799805,10.94482421875
owt18l_3k,paper_block4,2024,mainconf_reference_lr001_owt18l_3k_paper_block4_seed2024,train/loss_step,wandb_export_2026-07-18T12_38_21.152+08_00.csv,150,150,0.0,True,11.0289306640625,4.929929733276367,4.58871603012085,11.0289306640625
wikitext24l_12k_lr001,paper_block4,2026,mainconf_reference_lr001_wikitext24l_12k_lr001_paper_block4_seed2026,train/loss_step,wandb_export_2026-07-18T13_17_19.940+08_00.csv,600,600,0.0,True,11.066162109375,5.838870525360107,4.4228105545043945,11.066162109375
wikitext24l_12k_lr001,paper_block4,2025,mainconf_reference_lr001_wikitext24l_12k_lr001_paper_block4_seed2025,train/loss_step,wandb_export_2026-07-18T13_17_19.940+08_00.csv,600,600,0.0,True,11.03692626953125,5.39930534362793,3.896053791046143,11.03692626953125
wikitext24l_12k_lr001,paper_block4,2024,mainconf_reference_lr001_wikitext24l_12k_lr001_paper_block4_seed2024,train/loss_step,wandb_export_2026-07-18T13_17_19.940+08_00.csv,600,600,0.0,True,11.0081787109375,5.7027435302734375,4.280719757080078,11.0081787109375
owt24l_12k,paper_block4,2026,mainconf_reference_lr001_owt24l_12k_paper_block4_seed2026,train/loss_step,wandb_export_2026-07-18T13_17_19.940+08_00.csv,600,600,0.0,True,11.0550537109375,6.466083526611328,4.446203231811523,11.0550537109375
owt24l_12k,paper_block4,2025,mainconf_reference_lr001_owt24l_12k_paper_block4_seed2025,train/loss_step,wandb_export_2026-07-18T13_17_19.940+08_00.csv,600,600,0.0,True,11.03857421875,5.613212585449219,4.769058227539063,11.03857421875
owt24l_12k,paper_block4,2024,mainconf_reference_lr001_owt24l_12k_paper_block4_seed2024,train/loss_step,wandb_export_2026-07-18T13_17_19.940+08_00.csv,600,600,0.0,True,10.97088623046875,6.098417282104492,4.769416809082031,10.97088623046875
wikitext12l_100m,paper_block4,2025,mainconf_reference_lr001_wikitext12l_100m_paper_block4_seed2025,train/loss_step,wandb_export_2026-07-18T13_41_58.546+08_00.csv,611,611,0.0,True,10.966033935546877,3.366456985473633,3.063713550567627,10.966033935546877
wikitext12l_100m,paper_block4,2024,mainconf_reference_lr001_wikitext12l_100m_paper_block4_seed2024,train/loss_step,wandb_export_2026-07-18T13_41_58.546+08_00.csv,611,611,0.0,True,10.975746154785156,3.6260886192321777,3.149078130722046,10.975746154785156
owt12l_100m,paper_block4,2026,mainconf_reference_lr001_owt12l_100m_paper_block4_seed2026,train/loss_step,wandb_export_2026-07-18T13_41_58.546+08_00.csv,611,611,0.0,True,10.933692932128906,4.234311103820801,3.661031723022461,10.933692932128906
owt12l_100m,paper_block4,2025,mainconf_reference_lr001_owt12l_100m_paper_block4_seed2025,train/loss_step,wandb_export_2026-07-18T13_41_58.546+08_00.csv,611,611,0.0,True,10.9659423828125,4.170383930206299,3.747854232788086,10.9659423828125
owt12l_100m,paper_block4,2024,mainconf_reference_lr001_owt12l_100m_paper_block4_seed2024,train/loss_step,wandb_export_2026-07-18T13_41_58.546+08_00.csv,611,611,0.0,True,10.96746063232422,3.9602227210998535,3.70630407333374,10.96746063232422
wikitext12l_100m,diag_cproj_k,2026,mainconf_reference_lr001_wikitext12l_100m_diag_cproj_k_seed2026,val/loss,wandb_export_2026-07-18T12_23_23.265+08_00.csv,25,25,0.0,True,10.960702896118164,3.504709243774414,3.504709243774414,10.960702896118164
owt18l_3k,diag_cproj_k,2026,mainconf_reference_lr001_owt18l_3k_diag_cproj_k_seed2026,val/loss,wandb_export_2026-07-18T12_30_20.833+08_00.csv,6,6,0.0,True,10.940089225769045,5.0533552169799805,5.0533552169799805,10.940089225769045
owt18l_3k,diag_cproj_k,2025,mainconf_reference_lr001_owt18l_3k_diag_cproj_k_seed2025,val/loss,wandb_export_2026-07-18T12_30_20.833+08_00.csv,6,6,0.0,True,10.946428298950195,5.091165065765381,5.091165065765381,10.946428298950195
owt18l_3k,diag_cproj_k,2024,mainconf_reference_lr001_owt18l_3k_diag_cproj_k_seed2024,val/loss,wandb_export_2026-07-18T12_38_24.383+08_00.csv,6,6,0.0,True,11.029446601867676,5.112422466278076,5.112422466278076,11.029446601867676
wikitext24l_12k_lr001,diag_cproj_k,2026,mainconf_reference_lr001_wikitext24l_12k_lr001_diag_cproj_k_seed2026,val/loss,wandb_export_2026-07-18T13_17_23.394+08_00.csv,24,24,0.0,True,11.038858413696287,5.0979204177856445,4.949549674987793,11.038858413696287
wikitext24l_12k_lr001,diag_cproj_k,2025,mainconf_reference_lr001_wikitext24l_12k_lr001_diag_cproj_k_seed2025,val/loss,wandb_export_2026-07-18T13_17_23.394+08_00.csv,24,24,0.0,True,11.045639038085938,5.115849494934082,4.976571083068848,11.045639038085938
wikitext24l_12k_lr001,diag_cproj_k,2024,mainconf_reference_lr001_wikitext24l_12k_lr001_diag_cproj_k_seed2024,val/loss,wandb_export_2026-07-18T13_17_23.394+08_00.csv,24,24,0.0,True,11.014638900756836,4.986695289611816,4.963519096374512,11.014638900756836
owt24l_12k,diag_cproj_k,2026,mainconf_reference_lr001_owt24l_12k_diag_cproj_k_seed2026,val/loss,wandb_export_2026-07-18T13_17_23.394+08_00.csv,24,24,0.0,True,11.058505058288574,5.600942134857178,5.4220170974731445,11.058505058288574
owt24l_12k,diag_cproj_k,2025,mainconf_reference_lr001_owt24l_12k_diag_cproj_k_seed2025,val/loss,wandb_export_2026-07-18T13_17_23.394+08_00.csv,24,24,0.0,True,11.0159273147583,5.550970554351807,5.478737831115723,11.0159273147583
owt24l_12k,diag_cproj_k,2024,mainconf_reference_lr001_owt24l_12k_diag_cproj_k_seed2024,val/loss,wandb_export_2026-07-18T13_17_23.394+08_00.csv,24,24,0.0,True,10.978732109069824,5.633580684661865,5.486119747161865,10.978732109069824
wikitext12l_100m,diag_cproj_k,2025,mainconf_reference_lr001_wikitext12l_100m_diag_cproj_k_seed2025,val/loss,wandb_export_2026-07-18T13_42_02.264+08_00.csv,25,25,0.0,True,10.971673965454102,3.522264003753662,3.498608350753784,10.971673965454102
wikitext12l_100m,diag_cproj_k,2024,mainconf_reference_lr001_wikitext12l_100m_diag_cproj_k_seed2024,val/loss,wandb_export_2026-07-18T13_42_02.264+08_00.csv,25,25,0.0,True,10.971514701843262,3.5030109882354736,3.5030109882354736,10.971514701843262
owt12l_100m,diag_cproj_k,2026,mainconf_reference_lr001_owt12l_100m_diag_cproj_k_seed2026,val/loss,wandb_export_2026-07-18T13_42_02.264+08_00.csv,25,25,0.0,True,10.942121505737305,4.087272644042969,4.087272644042969,10.942121505737305
owt12l_100m,diag_cproj_k,2025,mainconf_reference_lr001_owt12l_100m_diag_cproj_k_seed2025,val/loss,wandb_export_2026-07-18T13_42_02.264+08_00.csv,25,25,0.0,True,10.968951225280762,4.123105049133301,4.122910499572754,10.968951225280762
owt12l_100m,diag_cproj_k,2024,mainconf_reference_lr001_owt12l_100m_diag_cproj_k_seed2024,val/loss,wandb_export_2026-07-18T13_42_02.264+08_00.csv,25,25,0.0,True,10.95478630065918,4.091794967651367,4.091794967651367,10.95478630065918
wikitext12l_100m,muon_blog,2026,mainconf_reference_lr001_wikitext12l_100m_muon_blog_seed2026,val/loss,wandb_export_2026-07-18T12_23_23.265+08_00.csv,25,25,0.0,True,10.960702896118164,3.4662399291992188,3.4662399291992188,10.960702896118164
owt18l_3k,muon_blog,2026,mainconf_reference_lr001_owt18l_3k_muon_blog_seed2026,val/loss,wandb_export_2026-07-18T12_30_20.833+08_00.csv,6,6,0.0,True,10.940089225769045,5.066880702972412,5.066880702972412,10.940089225769045
owt18l_3k,muon_blog,2025,mainconf_reference_lr001_owt18l_3k_muon_blog_seed2025,val/loss,wandb_export_2026-07-18T12_30_20.833+08_00.csv,6,6,0.0,True,10.946428298950195,5.106774806976318,5.106774806976318,10.946428298950195
owt18l_3k,muon_blog,2024,mainconf_reference_lr001_owt18l_3k_muon_blog_seed2024,val/loss,wandb_export_2026-07-18T12_38_24.383+08_00.csv,6,6,0.0,True,11.029446601867676,5.130826473236084,5.130826473236084,11.029446601867676
wikitext24l_12k_lr001,muon_blog,2026,mainconf_reference_lr001_wikitext24l_12k_lr001_muon_blog_seed2026,val/loss,wandb_export_2026-07-18T13_17_23.394+08_00.csv,24,24,0.0,True,11.038858413696287,5.602493762969971,5.318515777587891,11.038858413696287
wikitext24l_12k_lr001,muon_blog,2025,mainconf_reference_lr001_wikitext24l_12k_lr001_muon_blog_seed2025,val/loss,wandb_export_2026-07-18T13_17_23.394+08_00.csv,24,24,0.0,True,11.045639038085938,5.608878135681152,5.326611518859863,11.045639038085938
wikitext24l_12k_lr001,muon_blog,2024,mainconf_reference_lr001_wikitext24l_12k_lr001_muon_blog_seed2024,val/loss,wandb_export_2026-07-18T13_17_23.394+08_00.csv,24,24,0.0,True,11.014638900756836,5.538145065307617,5.381617546081543,11.014638900756836
owt24l_12k,muon_blog,2026,mainconf_reference_lr001_owt24l_12k_muon_blog_seed2026,val/loss,wandb_export_2026-07-18T13_17_23.394+08_00.csv,24,24,0.0,True,11.058505058288574,6.076502799987793,5.782532691955566,11.058505058288574
owt24l_12k,muon_blog,2025,mainconf_reference_lr001_owt24l_12k_muon_blog_seed2025,val/loss,wandb_export_2026-07-18T13_17_23.394+08_00.csv,24,24,0.0,True,11.0159273147583,6.051888465881348,5.883486747741699,11.0159273147583
owt24l_12k,muon_blog,2024,mainconf_reference_lr001_owt24l_12k_muon_blog_seed2024,val/loss,wandb_export_2026-07-18T13_17_23.394+08_00.csv,24,24,0.0,True,10.978732109069824,6.066084384918213,5.8878254890441895,10.978732109069824
wikitext12l_100m,muon_blog,2025,mainconf_reference_lr001_wikitext12l_100m_muon_blog_seed2025,val/loss,wandb_export_2026-07-18T13_42_02.264+08_00.csv,25,25,0.0,True,10.971673965454102,3.4879422187805176,3.462611675262451,10.971673965454102
wikitext12l_100m,muon_blog,2024,mainconf_reference_lr001_wikitext12l_100m_muon_blog_seed2024,val/loss,wandb_export_2026-07-18T13_42_02.264+08_00.csv,25,25,0.0,True,10.971514701843262,3.4694392681121826,3.4694392681121826,10.971514701843262
owt12l_100m,muon_blog,2026,mainconf_reference_lr001_owt12l_100m_muon_blog_seed2026,val/loss,wandb_export_2026-07-18T13_42_02.264+08_00.csv,25,25,0.0,True,10.942121505737305,4.066553592681885,4.066553592681885,10.942121505737305
owt12l_100m,muon_blog,2025,mainconf_reference_lr001_owt12l_100m_muon_blog_seed2025,val/loss,wandb_export_2026-07-18T13_42_02.264+08_00.csv,25,25,0.0,True,10.968951225280762,4.085742950439453,4.081681251525879,10.968951225280762
owt12l_100m,muon_blog,2024,mainconf_reference_lr001_owt12l_100m_muon_blog_seed2024,val/loss,wandb_export_2026-07-18T13_42_02.264+08_00.csv,25,25,0.0,True,10.95478630065918,4.062185287475586,4.062185287475586,10.95478630065918
wikitext12l_100m,no_cproj_k,2026,mainconf_reference_lr001_wikitext12l_100m_no_cproj_k_seed2026,val/loss,wandb_export_2026-07-18T12_23_23.265+08_00.csv,25,25,0.0,True,10.960702896118164,3.5068938732147217,3.5068938732147217,10.960702896118164
owt18l_3k,no_cproj_k,2026,mainconf_reference_lr001_owt18l_3k_no_cproj_k_seed2026,val/loss,wandb_export_2026-07-18T12_30_20.833+08_00.csv,6,6,0.0,True,10.940089225769045,5.070944309234619,5.070944309234619,10.940089225769045
owt18l_3k,no_cproj_k,2025,mainconf_reference_lr001_owt18l_3k_no_cproj_k_seed2025,val/loss,wandb_export_2026-07-18T12_30_20.833+08_00.csv,6,6,0.0,True,10.946428298950195,5.095600128173828,5.095600128173828,10.946428298950195
owt18l_3k,no_cproj_k,2024,mainconf_reference_lr001_owt18l_3k_no_cproj_k_seed2024,val/loss,wandb_export_2026-07-18T12_38_24.383+08_00.csv,6,6,0.0,True,11.029446601867676,5.119690895080566,5.119690895080566,11.029446601867676
wikitext24l_12k_lr001,no_cproj_k,2026,mainconf_reference_lr001_wikitext24l_12k_lr001_no_cproj_k_seed2026,val/loss,wandb_export_2026-07-18T13_17_23.394+08_00.csv,24,24,0.0,True,11.038858413696287,5.142044544219971,4.9972825050354,11.038858413696287
wikitext24l_12k_lr001,no_cproj_k,2025,mainconf_reference_lr001_wikitext24l_12k_lr001_no_cproj_k_seed2025,val/loss,wandb_export_2026-07-18T13_17_23.394+08_00.csv,24,24,0.0,True,11.045639038085938,5.156781196594238,5.006445407867432,11.045639038085938
wikitext24l_12k_lr001,no_cproj_k,2024,mainconf_reference_lr001_wikitext24l_12k_lr001_no_cproj_k_seed2024,val/loss,wandb_export_2026-07-18T13_17_23.394+08_00.csv,24,24,0.0,True,11.014638900756836,5.047360420227051,5.018650531768799,11.014638900756836
owt24l_12k,no_cproj_k,2026,mainconf_reference_lr001_owt24l_12k_no_cproj_k_seed2026,val/loss,wandb_export_2026-07-18T13_17_23.394+08_00.csv,24,24,0.0,True,11.058505058288574,5.638751983642578,5.466135501861572,11.058505058288574
owt24l_12k,no_cproj_k,2025,mainconf_reference_lr001_owt24l_12k_no_cproj_k_seed2025,val/loss,wandb_export_2026-07-18T13_17_23.394+08_00.csv,24,24,0.0,True,11.0159273147583,5.611176490783691,5.518998146057129,11.0159273147583
owt24l_12k,no_cproj_k,2024,mainconf_reference_lr001_owt24l_12k_no_cproj_k_seed2024,val/loss,wandb_export_2026-07-18T13_17_23.394+08_00.csv,24,24,0.0,True,10.978732109069824,5.677214622497559,5.528847694396973,10.978732109069824
wikitext12l_100m,no_cproj_k,2025,mainconf_reference_lr001_wikitext12l_100m_no_cproj_k_seed2025,val/loss,wandb_export_2026-07-18T13_42_02.264+08_00.csv,25,25,0.0,True,10.971673965454102,3.526801586151123,3.500471830368042,10.971673965454102
wikitext12l_100m,no_cproj_k,2024,mainconf_reference_lr001_wikitext12l_100m_no_cproj_k_seed2024,val/loss,wandb_export_2026-07-18T13_42_02.264+08_00.csv,25,25,0.0,True,10.971514701843262,3.508276462554932,3.508276462554932,10.971514701843262
owt12l_100m,no_cproj_k,2026,mainconf_reference_lr001_owt12l_100m_no_cproj_k_seed2026,val/loss,wandb_export_2026-07-18T13_42_02.264+08_00.csv,25,25,0.0,True,10.942121505737305,4.095493316650391,4.095493316650391,10.942121505737305
owt12l_100m,no_cproj_k,2025,mainconf_reference_lr001_owt12l_100m_no_cproj_k_seed2025,val/loss,wandb_export_2026-07-18T13_42_02.264+08_00.csv,25,25,0.0,True,10.968951225280762,4.129782676696777,4.12823486328125,10.968951225280762
owt12l_100m,no_cproj_k,2024,mainconf_reference_lr001_owt12l_100m_no_cproj_k_seed2024,val/loss,wandb_export_2026-07-18T13_42_02.264+08_00.csv,25,25,0.0,True,10.95478630065918,4.101787567138672,4.101787567138672,10.95478630065918
wikitext12l_100m,paper_block4,2026,mainconf_reference_lr001_wikitext12l_100m_paper_block4_seed2026,val/loss,wandb_export_2026-07-18T12_23_23.265+08_00.csv,25,25,0.0,True,10.960702896118164,3.5038325786590576,3.5038325786590576,10.960702896118164
owt18l_3k,paper_block4,2026,mainconf_reference_lr001_owt18l_3k_paper_block4_seed2026,val/loss,wandb_export_2026-07-18T12_30_20.833+08_00.csv,6,6,0.0,True,10.940089225769045,5.065767765045166,5.065767765045166,10.940089225769045
owt18l_3k,paper_block4,2025,mainconf_reference_lr001_owt18l_3k_paper_block4_seed2025,val/loss,wandb_export_2026-07-18T12_30_20.833+08_00.csv,6,6,0.0,True,10.946428298950195,5.087497711181641,5.087497711181641,10.946428298950195
owt18l_3k,paper_block4,2024,mainconf_reference_lr001_owt18l_3k_paper_block4_seed2024,val/loss,wandb_export_2026-07-18T12_38_24.383+08_00.csv,6,6,0.0,True,11.029446601867676,5.129712104797363,5.129712104797363,11.029446601867676
wikitext24l_12k_lr001,paper_block4,2026,mainconf_reference_lr001_wikitext24l_12k_lr001_paper_block4_seed2026,val/loss,wandb_export_2026-07-18T13_17_23.394+08_00.csv,24,24,0.0,True,11.038858413696287,5.419745445251465,5.132770538330078,11.038858413696287
wikitext24l_12k_lr001,paper_block4,2025,mainconf_reference_lr001_wikitext24l_12k_lr001_paper_block4_seed2025,val/loss,wandb_export_2026-07-18T13_17_23.394+08_00.csv,24,24,0.0,True,11.045639038085938,5.416583061218262,5.135567665100098,11.045639038085938
wikitext24l_12k_lr001,paper_block4,2024,mainconf_reference_lr001_wikitext24l_12k_lr001_paper_block4_seed2024,val/loss,wandb_export_2026-07-18T13_17_23.394+08_00.csv,24,24,0.0,True,11.014638900756836,5.3448686599731445,5.158006191253662,11.014638900756836
owt24l_12k,paper_block4,2026,mainconf_reference_lr001_owt24l_12k_paper_block4_seed2026,val/loss,wandb_export_2026-07-18T13_17_23.394+08_00.csv,24,24,0.0,True,11.058505058288574,5.977625370025635,5.602456092834473,11.058505058288574
owt24l_12k,paper_block4,2025,mainconf_reference_lr001_owt24l_12k_paper_block4_seed2025,val/loss,wandb_export_2026-07-18T13_17_23.394+08_00.csv,24,24,0.0,True,11.0159273147583,5.889735221862793,5.658401012420654,11.0159273147583
owt24l_12k,paper_block4,2024,mainconf_reference_lr001_owt24l_12k_paper_block4_seed2024,val/loss,wandb_export_2026-07-18T13_17_23.394+08_00.csv,24,24,0.0,True,10.978732109069824,5.893817901611328,5.697676658630371,10.978732109069824
wikitext12l_100m,paper_block4,2025,mainconf_reference_lr001_wikitext12l_100m_paper_block4_seed2025,val/loss,wandb_export_2026-07-18T13_42_02.264+08_00.csv,25,25,0.0,True,10.971673965454102,3.524022340774536,3.496787548065185,10.971673965454102
wikitext12l_100m,paper_block4,2024,mainconf_reference_lr001_wikitext12l_100m_paper_block4_seed2024,val/loss,wandb_export_2026-07-18T13_42_02.264+08_00.csv,25,25,0.0,True,10.971514701843262,3.5084128379821777,3.5084128379821777,10.971514701843262
owt12l_100m,paper_block4,2026,mainconf_reference_lr001_owt12l_100m_paper_block4_seed2026,val/loss,wandb_export_2026-07-18T13_42_02.264+08_00.csv,25,25,0.0,True,10.942121505737305,4.089134693145752,4.089134693145752,10.942121505737305
owt12l_100m,paper_block4,2025,mainconf_reference_lr001_owt12l_100m_paper_block4_seed2025,val/loss,wandb_export_2026-07-18T13_42_02.264+08_00.csv,25,25,0.0,True,10.968951225280762,4.128671169281006,4.124991893768311,10.968951225280762
owt12l_100m,paper_block4,2024,mainconf_reference_lr001_owt12l_100m_paper_block4_seed2024,val/loss,wandb_export_2026-07-18T13_42_02.264+08_00.csv,25,25,0.0,True,10.95478630065918,4.098400592803955,4.098400592803955,10.95478630065918
