checkpoint_cell,checkpoint_stage,checkpoint_method,data_replica,contrast,contrast_class,left,right,metric,optimizer_step,left_value,right_value,delta_left_minus_right
early_muon,early,muon,0,selective_diag_vs_muon,primary,selective_diag,muon,normalized_loss_auc,AUC_0_128,0.9946460665308616,0.9926632744879101,0.0019827920429514867
early_muon,early,muon,0,selective_diag_vs_muon,primary,selective_diag,muon,normalized_heldout_loss,0,1.0,1.0,0.0
early_muon,early,muon,0,selective_diag_vs_muon,primary,selective_diag,muon,normalized_heldout_loss,16,0.9914218205625707,0.9963719906941575,-0.0049501701315868285
early_muon,early,muon,0,selective_diag_vs_muon,primary,selective_diag,muon,normalized_heldout_loss,32,0.9908470535205278,0.9954542076717331,-0.004607154151205273
early_muon,early,muon,0,selective_diag_vs_muon,primary,selective_diag,muon,normalized_heldout_loss,48,0.9972519395760298,0.993735534204504,0.003516405371525755
early_muon,early,muon,0,selective_diag_vs_muon,primary,selective_diag,muon,normalized_heldout_loss,64,0.9962006522117649,0.991675811047352,0.004524841164412874
early_muon,early,muon,0,selective_diag_vs_muon,primary,selective_diag,muon,normalized_heldout_loss,80,0.9972755350615354,0.9910230026150307,0.006252532446504699
early_muon,early,muon,0,selective_diag_vs_muon,primary,selective_diag,muon,normalized_heldout_loss,96,0.9953358234254895,0.9903130361531656,0.00502278727232397
early_muon,early,muon,0,selective_diag_vs_muon,primary,selective_diag,muon,normalized_heldout_loss,112,0.9931363580395244,0.9883746127763858,0.00476174526313855
early_muon,early,muon,0,selective_diag_vs_muon,primary,selective_diag,muon,normalized_heldout_loss,128,0.9913986996988999,0.988716001481905,0.002682698216994961
early_muon,early,muon,0,selective_none_vs_muon,primary,selective_none,muon,normalized_loss_auc,AUC_0_128,0.9939444652788363,0.9926632744879101,0.0012811907909261455
early_muon,early,muon,0,selective_none_vs_muon,primary,selective_none,muon,normalized_heldout_loss,0,1.0,1.0,0.0
early_muon,early,muon,0,selective_none_vs_muon,primary,selective_none,muon,normalized_heldout_loss,16,0.992011843306449,0.9963719906941575,-0.004360147387708513
early_muon,early,muon,0,selective_none_vs_muon,primary,selective_none,muon,normalized_heldout_loss,32,0.9911196898631082,0.9954542076717331,-0.004334517808624927
early_muon,early,muon,0,selective_none_vs_muon,primary,selective_none,muon,normalized_heldout_loss,48,0.9955377411146724,0.993735534204504,0.0018022069101684135
early_muon,early,muon,0,selective_none_vs_muon,primary,selective_none,muon,normalized_heldout_loss,64,0.9947522419779418,0.991675811047352,0.0030764309305897353
early_muon,early,muon,0,selective_none_vs_muon,primary,selective_none,muon,normalized_heldout_loss,80,0.9958593991124843,0.9910230026150307,0.004836396497453599
early_muon,early,muon,0,selective_none_vs_muon,primary,selective_none,muon,normalized_heldout_loss,96,0.9944225154089369,0.9903130361531656,0.00410947925577132
early_muon,early,muon,0,selective_none_vs_muon,primary,selective_none,muon,normalized_heldout_loss,112,0.9923304501638937,0.9883746127763858,0.003955837387507821
early_muon,early,muon,0,selective_none_vs_muon,primary,selective_none,muon,normalized_heldout_loss,128,0.9910436825664077,0.988716001481905,0.002327681084502764
early_muon,early,muon,0,selective_diag_vs_original_newton_muon,primary,selective_diag,original_newton_muon,normalized_loss_auc,AUC_0_128,0.9946460665308616,0.9964808528398387,-0.0018347863089770433
early_muon,early,muon,0,selective_diag_vs_original_newton_muon,primary,selective_diag,original_newton_muon,normalized_heldout_loss,0,1.0,1.0,0.0
early_muon,early,muon,0,selective_diag_vs_original_newton_muon,primary,selective_diag,original_newton_muon,normalized_heldout_loss,16,0.9914218205625707,0.9914028356891753,1.8984873395355706e-05
early_muon,early,muon,0,selective_diag_vs_original_newton_muon,primary,selective_diag,original_newton_muon,normalized_heldout_loss,32,0.9908470535205278,0.9909657089792484,-0.00011865545872058458
early_muon,early,muon,0,selective_diag_vs_original_newton_muon,primary,selective_diag,original_newton_muon,normalized_heldout_loss,48,0.9972519395760298,1.0002917568222143,-0.0030398172461845174
early_muon,early,muon,0,selective_diag_vs_original_newton_muon,primary,selective_diag,original_newton_muon,normalized_heldout_loss,64,0.9962006522117649,0.9995603645746601,-0.0033597123628952286
early_muon,early,muon,0,selective_diag_vs_original_newton_muon,primary,selective_diag,original_newton_muon,normalized_heldout_loss,80,0.9972755350615354,1.0003926478636864,-0.0031171128021509897
early_muon,early,muon,0,selective_diag_vs_original_newton_muon,primary,selective_diag,original_newton_muon,normalized_heldout_loss,96,0.9953358234254895,0.9979194612852326,-0.0025836378597430265
early_muon,early,muon,0,selective_diag_vs_original_newton_muon,primary,selective_diag,original_newton_muon,normalized_heldout_loss,112,0.9931363580395244,0.995010978681072,-0.0018746206415476419
early_muon,early,muon,0,selective_diag_vs_original_newton_muon,primary,selective_diag,original_newton_muon,normalized_heldout_loss,128,0.9913986996988999,0.9926061376468412,-0.0012074379479413144
early_muon,early,muon,0,selective_none_vs_original_newton_muon,primary,selective_none,original_newton_muon,normalized_loss_auc,AUC_0_128,0.9939444652788363,0.9964808528398387,-0.0025363875610023845
early_muon,early,muon,0,selective_none_vs_original_newton_muon,primary,selective_none,original_newton_muon,normalized_heldout_loss,0,1.0,1.0,0.0
early_muon,early,muon,0,selective_none_vs_original_newton_muon,primary,selective_none,original_newton_muon,normalized_heldout_loss,16,0.992011843306449,0.9914028356891753,0.0006090076172736714
early_muon,early,muon,0,selective_none_vs_original_newton_muon,primary,selective_none,original_newton_muon,normalized_heldout_loss,32,0.9911196898631082,0.9909657089792484,0.00015398088385976116
early_muon,early,muon,0,selective_none_vs_original_newton_muon,primary,selective_none,original_newton_muon,normalized_heldout_loss,48,0.9955377411146724,1.0002917568222143,-0.004754015707541859
early_muon,early,muon,0,selective_none_vs_original_newton_muon,primary,selective_none,original_newton_muon,normalized_heldout_loss,64,0.9947522419779418,0.9995603645746601,-0.004808122596718367
early_muon,early,muon,0,selective_none_vs_original_newton_muon,primary,selective_none,original_newton_muon,normalized_heldout_loss,80,0.9958593991124843,1.0003926478636864,-0.00453324875120209
early_muon,early,muon,0,selective_none_vs_original_newton_muon,primary,selective_none,original_newton_muon,normalized_heldout_loss,96,0.9944225154089369,0.9979194612852326,-0.003496945876295676
early_muon,early,muon,0,selective_none_vs_original_newton_muon,primary,selective_none,original_newton_muon,normalized_heldout_loss,112,0.9923304501638937,0.995010978681072,-0.002680528517178371
early_muon,early,muon,0,selective_none_vs_original_newton_muon,primary,selective_none,original_newton_muon,normalized_heldout_loss,128,0.9910436825664077,0.9926061376468412,-0.0015624550804335113
early_muon,early,muon,0,original_newton_muon_vs_muon,baseline,original_newton_muon,muon,normalized_loss_auc,AUC_0_128,0.9964808528398387,0.9926632744879101,0.00381757835192853
early_muon,early,muon,0,original_newton_muon_vs_muon,baseline,original_newton_muon,muon,normalized_heldout_loss,0,1.0,1.0,0.0
early_muon,early,muon,0,original_newton_muon_vs_muon,baseline,original_newton_muon,muon,normalized_heldout_loss,16,0.9914028356891753,0.9963719906941575,-0.004969155004982184
early_muon,early,muon,0,original_newton_muon_vs_muon,baseline,original_newton_muon,muon,normalized_heldout_loss,32,0.9909657089792484,0.9954542076717331,-0.004488498692484688
early_muon,early,muon,0,original_newton_muon_vs_muon,baseline,original_newton_muon,muon,normalized_heldout_loss,48,1.0002917568222143,0.993735534204504,0.006556222617710272
early_muon,early,muon,0,original_newton_muon_vs_muon,baseline,original_newton_muon,muon,normalized_heldout_loss,64,0.9995603645746601,0.991675811047352,0.007884553527308102
early_muon,early,muon,0,original_newton_muon_vs_muon,baseline,original_newton_muon,muon,normalized_heldout_loss,80,1.0003926478636864,0.9910230026150307,0.00936964524865569
early_muon,early,muon,0,original_newton_muon_vs_muon,baseline,original_newton_muon,muon,normalized_heldout_loss,96,0.9979194612852326,0.9903130361531656,0.007606425132066996
early_muon,early,muon,0,original_newton_muon_vs_muon,baseline,original_newton_muon,muon,normalized_heldout_loss,112,0.995010978681072,0.9883746127763858,0.006636365904686192
early_muon,early,muon,0,original_newton_muon_vs_muon,baseline,original_newton_muon,muon,normalized_heldout_loss,128,0.9926061376468412,0.988716001481905,0.0038901361649362753
early_muon,early,muon,1,selective_diag_vs_muon,primary,selective_diag,muon,normalized_loss_auc,AUC_0_128,0.9989009181200188,0.9956349761175582,0.0032659420024605534
early_muon,early,muon,1,selective_diag_vs_muon,primary,selective_diag,muon,normalized_heldout_loss,0,1.0,1.0,0.0
early_muon,early,muon,1,selective_diag_vs_muon,primary,selective_diag,muon,normalized_heldout_loss,16,0.9948557355698066,0.9994993418235198,-0.004643606253713295
early_muon,early,muon,1,selective_diag_vs_muon,primary,selective_diag,muon,normalized_heldout_loss,32,0.9947833271559489,0.9982388620224337,-0.003455534866484866
early_muon,early,muon,1,selective_diag_vs_muon,primary,selective_diag,muon,normalized_heldout_loss,48,1.0022243251332472,0.9968303650217488,0.005393960111498397
early_muon,early,muon,1,selective_diag_vs_muon,primary,selective_diag,muon,normalized_heldout_loss,64,1.001348623376703,0.9945473664039761,0.006801256972726932
early_muon,early,muon,1,selective_diag_vs_muon,primary,selective_diag,muon,normalized_heldout_loss,80,1.0019566273600993,0.9941419192910216,0.007814708069077692
early_muon,early,muon,1,selective_diag_vs_muon,primary,selective_diag,muon,normalized_heldout_loss,96,0.9997331689942371,0.9934533726152313,0.006279796379005886
early_muon,early,muon,1,selective_diag_vs_muon,primary,selective_diag,muon,normalized_heldout_loss,112,0.9985188278878006,0.9927690931019518,0.005749734785848726
early_muon,early,muon,1,selective_diag_vs_muon,primary,selective_diag,muon,normalized_heldout_loss,128,0.995573418964617,0.9911989773211647,0.004374441643452354
early_muon,early,muon,1,selective_none_vs_muon,primary,selective_none,muon,normalized_loss_auc,AUC_0_128,0.9978464455903109,0.9956349761175582,0.0022114694727526363
early_muon,early,muon,1,selective_none_vs_muon,primary,selective_none,muon,normalized_heldout_loss,0,1.0,1.0,0.0
early_muon,early,muon,1,selective_none_vs_muon,primary,selective_none,muon,normalized_heldout_loss,16,0.9954348028574254,0.9994993418235198,-0.004064538966094489
early_muon,early,muon,1,selective_none_vs_muon,primary,selective_none,muon,normalized_heldout_loss,32,0.994889539497823,0.9982388620224337,-0.0033493225246107317
early_muon,early,muon,1,selective_none_vs_muon,primary,selective_none,muon,normalized_heldout_loss,48,0.9997600387831733,0.9968303650217488,0.0029296737614245005
early_muon,early,muon,1,selective_none_vs_muon,primary,selective_none,muon,normalized_heldout_loss,64,0.9992128418655581,0.9945473664039761,0.004665475461582025
early_muon,early,muon,1,selective_none_vs_muon,primary,selective_none,muon,normalized_heldout_loss,80,1.0000129348363613,0.9941419192910216,0.005871015545339753
early_muon,early,muon,1,selective_none_vs_muon,primary,selective_none,muon,normalized_heldout_loss,96,0.9984594876591326,0.9934533726152313,0.00500611504390136
early_muon,early,muon,1,selective_none_vs_muon,primary,selective_none,muon,normalized_heldout_loss,112,0.9975289128596743,0.9927690931019518,0.004759819757722439
early_muon,early,muon,1,selective_none_vs_muon,primary,selective_none,muon,normalized_heldout_loss,128,0.9949460127266788,0.9911989773211647,0.003747035405514132
early_muon,early,muon,1,selective_diag_vs_original_newton_muon,primary,selective_diag,original_newton_muon,normalized_loss_auc,AUC_0_128,0.9989009181200188,1.0009749716250362,-0.002074053505017437
early_muon,early,muon,1,selective_diag_vs_original_newton_muon,primary,selective_diag,original_newton_muon,normalized_heldout_loss,0,1.0,1.0,0.0
early_muon,early,muon,1,selective_diag_vs_original_newton_muon,primary,selective_diag,original_newton_muon,normalized_heldout_loss,16,0.9948557355698066,0.9948626697088868,-6.9341390802613034e-06
early_muon,early,muon,1,selective_diag_vs_original_newton_muon,primary,selective_diag,original_newton_muon,normalized_heldout_loss,32,0.9947833271559489,0.9950228216518759,-0.00023949449592708394
early_muon,early,muon,1,selective_diag_vs_original_newton_muon,primary,selective_diag,original_newton_muon,normalized_heldout_loss,48,1.0022243251332472,1.005484904012513,-0.0032605788792656742
early_muon,early,muon,1,selective_diag_vs_original_newton_muon,primary,selective_diag,original_newton_muon,normalized_heldout_loss,64,1.001348623376703,1.0050851908991825,-0.003736567522479417
early_muon,early,muon,1,selective_diag_vs_original_newton_muon,primary,selective_diag,original_newton_muon,normalized_heldout_loss,80,1.0019566273600993,1.0056201863989929,-0.0036635590388935935
early_muon,early,muon,1,selective_diag_vs_original_newton_muon,primary,selective_diag,original_newton_muon,normalized_heldout_loss,96,0.9997331689942371,1.002678644591835,-0.0029454755975978353
early_muon,early,muon,1,selective_diag_vs_original_newton_muon,primary,selective_diag,original_newton_muon,normalized_heldout_loss,112,0.9985188278878006,1.0005701329161114,-0.002051305028310857
early_muon,early,muon,1,selective_diag_vs_original_newton_muon,primary,selective_diag,original_newton_muon,normalized_heldout_loss,128,0.995573418964617,0.9969504456417836,-0.0013770266771665485
early_muon,early,muon,1,selective_none_vs_original_newton_muon,primary,selective_none,original_newton_muon,normalized_loss_auc,AUC_0_128,0.9978464455903109,1.0009749716250362,-0.003128526034725354
early_muon,early,muon,1,selective_none_vs_original_newton_muon,primary,selective_none,original_newton_muon,normalized_heldout_loss,0,1.0,1.0,0.0
early_muon,early,muon,1,selective_none_vs_original_newton_muon,primary,selective_none,original_newton_muon,normalized_heldout_loss,16,0.9954348028574254,0.9948626697088868,0.000572133148538545
early_muon,early,muon,1,selective_none_vs_original_newton_muon,primary,selective_none,original_newton_muon,normalized_heldout_loss,32,0.994889539497823,0.9950228216518759,-0.0001332821540529494
early_muon,early,muon,1,selective_none_vs_original_newton_muon,primary,selective_none,original_newton_muon,normalized_heldout_loss,48,0.9997600387831733,1.005484904012513,-0.005724865229339571
early_muon,early,muon,1,selective_none_vs_original_newton_muon,primary,selective_none,original_newton_muon,normalized_heldout_loss,64,0.9992128418655581,1.0050851908991825,-0.0058723490336243245
early_muon,early,muon,1,selective_none_vs_original_newton_muon,primary,selective_none,original_newton_muon,normalized_heldout_loss,80,1.0000129348363613,1.0056201863989929,-0.005607251562631532
early_muon,early,muon,1,selective_none_vs_original_newton_muon,primary,selective_none,original_newton_muon,normalized_heldout_loss,96,0.9984594876591326,1.002678644591835,-0.0042191569327023615
early_muon,early,muon,1,selective_none_vs_original_newton_muon,primary,selective_none,original_newton_muon,normalized_heldout_loss,112,0.9975289128596743,1.0005701329161114,-0.003041220056437144
early_muon,early,muon,1,selective_none_vs_original_newton_muon,primary,selective_none,original_newton_muon,normalized_heldout_loss,128,0.9949460127266788,0.9969504456417836,-0.00200443291510477
early_muon,early,muon,1,original_newton_muon_vs_muon,baseline,original_newton_muon,muon,normalized_loss_auc,AUC_0_128,1.0009749716250362,0.9956349761175582,0.00533999550747799
early_muon,early,muon,1,original_newton_muon_vs_muon,baseline,original_newton_muon,muon,normalized_heldout_loss,0,1.0,1.0,0.0
early_muon,early,muon,1,original_newton_muon_vs_muon,baseline,original_newton_muon,muon,normalized_heldout_loss,16,0.9948626697088868,0.9994993418235198,-0.004636672114633034
early_muon,early,muon,1,original_newton_muon_vs_muon,baseline,original_newton_muon,muon,normalized_heldout_loss,32,0.9950228216518759,0.9982388620224337,-0.0032160403705577822
early_muon,early,muon,1,original_newton_muon_vs_muon,baseline,original_newton_muon,muon,normalized_heldout_loss,48,1.005484904012513,0.9968303650217488,0.008654538990764071
early_muon,early,muon,1,original_newton_muon_vs_muon,baseline,original_newton_muon,muon,normalized_heldout_loss,64,1.0050851908991825,0.9945473664039761,0.01053782449520635
early_muon,early,muon,1,original_newton_muon_vs_muon,baseline,original_newton_muon,muon,normalized_heldout_loss,80,1.0056201863989929,0.9941419192910216,0.011478267107971285
early_muon,early,muon,1,original_newton_muon_vs_muon,baseline,original_newton_muon,muon,normalized_heldout_loss,96,1.002678644591835,0.9934533726152313,0.009225271976603722
early_muon,early,muon,1,original_newton_muon_vs_muon,baseline,original_newton_muon,muon,normalized_heldout_loss,112,1.0005701329161114,0.9927690931019518,0.007801039814159583
early_muon,early,muon,1,original_newton_muon_vs_muon,baseline,original_newton_muon,muon,normalized_heldout_loss,128,0.9969504456417836,0.9911989773211647,0.005751468320618902
early_muon,early,muon,2,selective_diag_vs_muon,primary,selective_diag,muon,normalized_loss_auc,AUC_0_128,0.9949797850649023,0.9928235493885571,0.002156235676345153
early_muon,early,muon,2,selective_diag_vs_muon,primary,selective_diag,muon,normalized_heldout_loss,0,1.0,1.0,0.0
early_muon,early,muon,2,selective_diag_vs_muon,primary,selective_diag,muon,normalized_heldout_loss,16,0.9926753266345488,0.9974956517248187,-0.004820325090269861
early_muon,early,muon,2,selective_diag_vs_muon,primary,selective_diag,muon,normalized_heldout_loss,32,0.9927954712021694,0.996650698357288,-0.0038552271551186568
early_muon,early,muon,2,selective_diag_vs_muon,primary,selective_diag,muon,normalized_heldout_loss,48,0.998619968394096,0.9944715830575773,0.004148385336518623
early_muon,early,muon,2,selective_diag_vs_muon,primary,selective_diag,muon,normalized_heldout_loss,64,0.9974288518888622,0.992212688503123,0.005216163385739159
early_muon,early,muon,2,selective_diag_vs_muon,primary,selective_diag,muon,normalized_heldout_loss,80,0.9967473984250053,0.9909616356242233,0.005785762800781913
early_muon,early,muon,2,selective_diag_vs_muon,primary,selective_diag,muon,normalized_heldout_loss,96,0.9943265669335376,0.9895338316025742,0.00479273533096336
early_muon,early,muon,2,selective_diag_vs_muon,primary,selective_diag,muon,normalized_heldout_loss,112,0.9928827255148531,0.9885445416617258,0.004338183853127342
early_muon,early,muon,2,selective_diag_vs_muon,primary,selective_diag,muon,normalized_heldout_loss,128,0.9887239430522904,0.9854355291542549,0.0032884138980354694
early_muon,early,muon,2,selective_none_vs_muon,primary,selective_none,muon,normalized_loss_auc,AUC_0_128,0.9941978515324379,0.9928235493885571,0.00137430214388079
early_muon,early,muon,2,selective_none_vs_muon,primary,selective_none,muon,normalized_heldout_loss,0,1.0,1.0,0.0
early_muon,early,muon,2,selective_none_vs_muon,primary,selective_none,muon,normalized_heldout_loss,16,0.9933536541650853,0.9974956517248187,-0.004141997559733435
early_muon,early,muon,2,selective_none_vs_muon,primary,selective_none,muon,normalized_heldout_loss,32,0.9929409630117144,0.996650698357288,-0.003709735345573617
early_muon,early,muon,2,selective_none_vs_muon,primary,selective_none,muon,normalized_heldout_loss,48,0.9967325842192692,0.9944715830575773,0.0022610011616919223
early_muon,early,muon,2,selective_none_vs_muon,primary,selective_none,muon,normalized_heldout_loss,64,0.9957564096073522,0.992212688503123,0.0035437211042291805
early_muon,early,muon,2,selective_none_vs_muon,primary,selective_none,muon,normalized_heldout_loss,80,0.9951886449792584,0.9909616356242233,0.004227009355035061
early_muon,early,muon,2,selective_none_vs_muon,primary,selective_none,muon,normalized_heldout_loss,96,0.9934260263169608,0.9895338316025742,0.00389219471438651
early_muon,early,muon,2,selective_none_vs_muon,primary,selective_none,muon,normalized_heldout_loss,112,0.9920538095443578,0.9885445416617258,0.003509267882632061
early_muon,early,muon,2,selective_none_vs_muon,primary,selective_none,muon,normalized_heldout_loss,128,0.988261440831009,0.9854355291542549,0.002825911676754056
early_muon,early,muon,2,selective_diag_vs_original_newton_muon,primary,selective_diag,original_newton_muon,normalized_loss_auc,AUC_0_128,0.9949797850649023,0.996917226644776,-0.0019374415798737443
early_muon,early,muon,2,selective_diag_vs_original_newton_muon,primary,selective_diag,original_newton_muon,normalized_heldout_loss,0,1.0,1.0,0.0
early_muon,early,muon,2,selective_diag_vs_original_newton_muon,primary,selective_diag,original_newton_muon,normalized_heldout_loss,16,0.9926753266345488,0.9926773652867144,-2.0386521655257894e-06
early_muon,early,muon,2,selective_diag_vs_original_newton_muon,primary,selective_diag,original_newton_muon,normalized_heldout_loss,32,0.9927954712021694,0.9929938320578733,-0.00019836085570390516
early_muon,early,muon,2,selective_diag_vs_original_newton_muon,primary,selective_diag,original_newton_muon,normalized_heldout_loss,48,0.998619968394096,1.0017857913419121,-0.0031658229478161992
early_muon,early,muon,2,selective_diag_vs_original_newton_muon,primary,selective_diag,original_newton_muon,normalized_heldout_loss,64,0.9974288518888622,1.00087729998189,-0.0034484480930278005
early_muon,early,muon,2,selective_diag_vs_original_newton_muon,primary,selective_diag,original_newton_muon,normalized_heldout_loss,80,0.9967473984250053,1.0001697517703145,-0.0034223533453092703
early_muon,early,muon,2,selective_diag_vs_original_newton_muon,primary,selective_diag,original_newton_muon,normalized_heldout_loss,96,0.9943265669335376,0.9969781738501408,-0.0026516069166031553
early_muon,early,muon,2,selective_diag_vs_original_newton_muon,primary,selective_diag,original_newton_muon,normalized_heldout_loss,112,0.9928827255148531,0.994915669454297,-0.0020329439394438653
early_muon,early,muon,2,selective_diag_vs_original_newton_muon,primary,selective_diag,original_newton_muon,normalized_heldout_loss,128,0.9887239430522904,0.9898798588301331,-0.0011559157778426865
early_muon,early,muon,2,selective_none_vs_original_newton_muon,primary,selective_none,original_newton_muon,normalized_loss_auc,AUC_0_128,0.9941978515324379,0.996917226644776,-0.002719375112338107
early_muon,early,muon,2,selective_none_vs_original_newton_muon,primary,selective_none,original_newton_muon,normalized_heldout_loss,0,1.0,1.0,0.0
early_muon,early,muon,2,selective_none_vs_original_newton_muon,primary,selective_none,original_newton_muon,normalized_heldout_loss,16,0.9933536541650853,0.9926773652867144,0.0006762888783709009
early_muon,early,muon,2,selective_none_vs_original_newton_muon,primary,selective_none,original_newton_muon,normalized_heldout_loss,32,0.9929409630117144,0.9929938320578733,-5.286904615886545e-05
early_muon,early,muon,2,selective_none_vs_original_newton_muon,primary,selective_none,original_newton_muon,normalized_heldout_loss,48,0.9967325842192692,1.0017857913419121,-0.0050532071226429
early_muon,early,muon,2,selective_none_vs_original_newton_muon,primary,selective_none,original_newton_muon,normalized_heldout_loss,64,0.9957564096073522,1.00087729998189,-0.005120890374537779
early_muon,early,muon,2,selective_none_vs_original_newton_muon,primary,selective_none,original_newton_muon,normalized_heldout_loss,80,0.9951886449792584,1.0001697517703145,-0.004981106791056122
early_muon,early,muon,2,selective_none_vs_original_newton_muon,primary,selective_none,original_newton_muon,normalized_heldout_loss,96,0.9934260263169608,0.9969781738501408,-0.0035521475331800056
early_muon,early,muon,2,selective_none_vs_original_newton_muon,primary,selective_none,original_newton_muon,normalized_heldout_loss,112,0.9920538095443578,0.994915669454297,-0.002861859909939146
early_muon,early,muon,2,selective_none_vs_original_newton_muon,primary,selective_none,original_newton_muon,normalized_heldout_loss,128,0.988261440831009,0.9898798588301331,-0.0016184179991241
early_muon,early,muon,2,original_newton_muon_vs_muon,baseline,original_newton_muon,muon,normalized_loss_auc,AUC_0_128,0.996917226644776,0.9928235493885571,0.004093677256218897
early_muon,early,muon,2,original_newton_muon_vs_muon,baseline,original_newton_muon,muon,normalized_heldout_loss,0,1.0,1.0,0.0
early_muon,early,muon,2,original_newton_muon_vs_muon,baseline,original_newton_muon,muon,normalized_heldout_loss,16,0.9926773652867144,0.9974956517248187,-0.0048182864381043355
early_muon,early,muon,2,original_newton_muon_vs_muon,baseline,original_newton_muon,muon,normalized_heldout_loss,32,0.9929938320578733,0.996650698357288,-0.0036568662994147516
early_muon,early,muon,2,original_newton_muon_vs_muon,baseline,original_newton_muon,muon,normalized_heldout_loss,48,1.0017857913419121,0.9944715830575773,0.007314208284334822
early_muon,early,muon,2,original_newton_muon_vs_muon,baseline,original_newton_muon,muon,normalized_heldout_loss,64,1.00087729998189,0.992212688503123,0.00866461147876696
early_muon,early,muon,2,original_newton_muon_vs_muon,baseline,original_newton_muon,muon,normalized_heldout_loss,80,1.0001697517703145,0.9909616356242233,0.009208116146091183
early_muon,early,muon,2,original_newton_muon_vs_muon,baseline,original_newton_muon,muon,normalized_heldout_loss,96,0.9969781738501408,0.9895338316025742,0.0074443422475665155
early_muon,early,muon,2,original_newton_muon_vs_muon,baseline,original_newton_muon,muon,normalized_heldout_loss,112,0.994915669454297,0.9885445416617258,0.006371127792571207
early_muon,early,muon,2,original_newton_muon_vs_muon,baseline,original_newton_muon,muon,normalized_heldout_loss,128,0.9898798588301331,0.9854355291542549,0.004444329675878156
early_newton_full,early,newton_full,0,selective_diag_vs_muon,primary,selective_diag,muon,normalized_loss_auc,AUC_0_128,0.9993359622402305,1.002383551157436,-0.003047588917205468
early_newton_full,early,newton_full,0,selective_diag_vs_muon,primary,selective_diag,muon,normalized_heldout_loss,0,1.0,1.0,0.0
early_newton_full,early,newton_full,0,selective_diag_vs_muon,primary,selective_diag,muon,normalized_heldout_loss,16,0.993720491266549,1.0068394454609404,-0.013118954194391352
early_newton_full,early,newton_full,0,selective_diag_vs_muon,primary,selective_diag,muon,normalized_heldout_loss,32,0.9947753726720181,1.006022596587897,-0.011247223915878957
early_newton_full,early,newton_full,0,selective_diag_vs_muon,primary,selective_diag,muon,normalized_heldout_loss,48,1.0029161531932556,1.004622720813035,-0.0017065676197793866
early_newton_full,early,newton_full,0,selective_diag_vs_muon,primary,selective_diag,muon,normalized_heldout_loss,64,1.001597160940824,1.0021836513687923,-0.0005864904279682115
early_newton_full,early,newton_full,0,selective_diag_vs_muon,primary,selective_diag,muon,normalized_heldout_loss,80,1.0028073577247973,1.000807680715589,0.001999677009208334
early_newton_full,early,newton_full,0,selective_diag_vs_muon,primary,selective_diag,muon,normalized_heldout_loss,96,1.0009227241135716,1.0004552159956774,0.00046750811789419977
early_newton_full,early,newton_full,0,selective_diag_vs_muon,primary,selective_diag,muon,normalized_heldout_loss,112,0.9995098091814411,0.9994958192522886,1.3989929152469216e-05
early_newton_full,early,newton_full,0,selective_diag_vs_muon,primary,selective_diag,muon,normalized_heldout_loss,128,0.9968772576587731,0.9972825581305326,-0.00040530047175946216
early_newton_full,early,newton_full,0,selective_none_vs_muon,primary,selective_none,muon,normalized_loss_auc,AUC_0_128,0.9990889695317,1.002383551157436,-0.003294581625735926
early_newton_full,early,newton_full,0,selective_none_vs_muon,primary,selective_none,muon,normalized_heldout_loss,0,1.0,1.0,0.0
early_newton_full,early,newton_full,0,selective_none_vs_muon,primary,selective_none,muon,normalized_heldout_loss,16,0.9949738802589739,1.0068394454609404,-0.011865565201966466
early_newton_full,early,newton_full,0,selective_none_vs_muon,primary,selective_none,muon,normalized_heldout_loss,32,0.9955030527247832,1.006022596587897,-0.010519543863113823
early_newton_full,early,newton_full,0,selective_none_vs_muon,primary,selective_none,muon,normalized_heldout_loss,48,1.0013129480597394,1.004622720813035,-0.003309772753295581
early_newton_full,early,newton_full,0,selective_none_vs_muon,primary,selective_none,muon,normalized_heldout_loss,64,1.00048061518744,1.0021836513687923,-0.0017030361813523687
early_newton_full,early,newton_full,0,selective_none_vs_muon,primary,selective_none,muon,normalized_heldout_loss,80,1.00179274829985,1.000807680715589,0.00098506758426109
early_newton_full,early,newton_full,0,selective_none_vs_muon,primary,selective_none,muon,normalized_heldout_loss,96,1.0005352166585013,1.0004552159956774,8.000066282387586e-05
early_newton_full,early,newton_full,0,selective_none_vs_muon,primary,selective_none,muon,normalized_heldout_loss,112,0.999445224605596,0.9994958192522886,-5.059464669254776e-05
early_newton_full,early,newton_full,0,selective_none_vs_muon,primary,selective_none,muon,normalized_heldout_loss,128,0.9973361409174324,0.9972825581305326,5.3582786899819546e-05
early_newton_full,early,newton_full,0,selective_diag_vs_original_newton_muon,primary,selective_diag,original_newton_muon,normalized_loss_auc,AUC_0_128,0.9993359622402305,1.0016536002878937,-0.002317638047663273
early_newton_full,early,newton_full,0,selective_diag_vs_original_newton_muon,primary,selective_diag,original_newton_muon,normalized_heldout_loss,0,1.0,1.0,0.0
early_newton_full,early,newton_full,0,selective_diag_vs_original_newton_muon,primary,selective_diag,original_newton_muon,normalized_heldout_loss,16,0.993720491266549,0.9935959401497249,0.00012455111682418973
early_newton_full,early,newton_full,0,selective_diag_vs_original_newton_muon,primary,selective_diag,original_newton_muon,normalized_heldout_loss,32,0.9947753726720181,0.9950061385907578,-0.00023076591873971708
early_newton_full,early,newton_full,0,selective_diag_vs_original_newton_muon,primary,selective_diag,original_newton_muon,normalized_heldout_loss,48,1.0029161531932556,1.0069129944574073,-0.003996841264151785
early_newton_full,early,newton_full,0,selective_diag_vs_original_newton_muon,primary,selective_diag,original_newton_muon,normalized_heldout_loss,64,1.001597160940824,1.0058929520502649,-0.004295791109440783
early_newton_full,early,newton_full,0,selective_diag_vs_original_newton_muon,primary,selective_diag,original_newton_muon,normalized_heldout_loss,80,1.0028073577247973,1.006821788268806,-0.004014430544008629
early_newton_full,early,newton_full,0,selective_diag_vs_original_newton_muon,primary,selective_diag,original_newton_muon,normalized_heldout_loss,96,1.0009227241135716,1.0040015951235726,-0.0030788710100009276
early_newton_full,early,newton_full,0,selective_diag_vs_original_newton_muon,primary,selective_diag,original_newton_muon,normalized_heldout_loss,112,0.9995098091814411,1.0017042586023464,-0.002194449420905298
early_newton_full,early,newton_full,0,selective_diag_vs_original_newton_muon,primary,selective_diag,original_newton_muon,normalized_heldout_loss,128,0.9968772576587731,0.9985862701205402,-0.0017090124617671343
early_newton_full,early,newton_full,0,selective_none_vs_original_newton_muon,primary,selective_none,original_newton_muon,normalized_loss_auc,AUC_0_128,0.9990889695317,1.0016536002878937,-0.002564630756193731
early_newton_full,early,newton_full,0,selective_none_vs_original_newton_muon,primary,selective_none,original_newton_muon,normalized_heldout_loss,0,1.0,1.0,0.0
early_newton_full,early,newton_full,0,selective_none_vs_original_newton_muon,primary,selective_none,original_newton_muon,normalized_heldout_loss,16,0.9949738802589739,0.9935959401497249,0.0013779401092490762
early_newton_full,early,newton_full,0,selective_none_vs_original_newton_muon,primary,selective_none,original_newton_muon,normalized_heldout_loss,32,0.9955030527247832,0.9950061385907578,0.0004969141340254168
early_newton_full,early,newton_full,0,selective_none_vs_original_newton_muon,primary,selective_none,original_newton_muon,normalized_heldout_loss,48,1.0013129480597394,1.0069129944574073,-0.005600046397667979
early_newton_full,early,newton_full,0,selective_none_vs_original_newton_muon,primary,selective_none,original_newton_muon,normalized_heldout_loss,64,1.00048061518744,1.0058929520502649,-0.00541233686282494
early_newton_full,early,newton_full,0,selective_none_vs_original_newton_muon,primary,selective_none,original_newton_muon,normalized_heldout_loss,80,1.00179274829985,1.006821788268806,-0.005029039968955873
early_newton_full,early,newton_full,0,selective_none_vs_original_newton_muon,primary,selective_none,original_newton_muon,normalized_heldout_loss,96,1.0005352166585013,1.0040015951235726,-0.0034663784650712515
early_newton_full,early,newton_full,0,selective_none_vs_original_newton_muon,primary,selective_none,original_newton_muon,normalized_heldout_loss,112,0.999445224605596,1.0017042586023464,-0.002259033996750315
early_newton_full,early,newton_full,0,selective_none_vs_original_newton_muon,primary,selective_none,original_newton_muon,normalized_heldout_loss,128,0.9973361409174324,0.9985862701205402,-0.0012501292031078526
early_newton_full,early,newton_full,0,original_newton_muon_vs_muon,baseline,original_newton_muon,muon,normalized_loss_auc,AUC_0_128,1.0016536002878937,1.002383551157436,-0.0007299508695421952
early_newton_full,early,newton_full,0,original_newton_muon_vs_muon,baseline,original_newton_muon,muon,normalized_heldout_loss,0,1.0,1.0,0.0
early_newton_full,early,newton_full,0,original_newton_muon_vs_muon,baseline,original_newton_muon,muon,normalized_heldout_loss,16,0.9935959401497249,1.0068394454609404,-0.013243505311215542
early_newton_full,early,newton_full,0,original_newton_muon_vs_muon,baseline,original_newton_muon,muon,normalized_heldout_loss,32,0.9950061385907578,1.006022596587897,-0.01101645799713924
early_newton_full,early,newton_full,0,original_newton_muon_vs_muon,baseline,original_newton_muon,muon,normalized_heldout_loss,48,1.0069129944574073,1.004622720813035,0.002290273644372398
early_newton_full,early,newton_full,0,original_newton_muon_vs_muon,baseline,original_newton_muon,muon,normalized_heldout_loss,64,1.0058929520502649,1.0021836513687923,0.0037093006814725715
early_newton_full,early,newton_full,0,original_newton_muon_vs_muon,baseline,original_newton_muon,muon,normalized_heldout_loss,80,1.006821788268806,1.000807680715589,0.006014107553216963
early_newton_full,early,newton_full,0,original_newton_muon_vs_muon,baseline,original_newton_muon,muon,normalized_heldout_loss,96,1.0040015951235726,1.0004552159956774,0.0035463791278951273
early_newton_full,early,newton_full,0,original_newton_muon_vs_muon,baseline,original_newton_muon,muon,normalized_heldout_loss,112,1.0017042586023464,0.9994958192522886,0.002208439350057767
early_newton_full,early,newton_full,0,original_newton_muon_vs_muon,baseline,original_newton_muon,muon,normalized_heldout_loss,128,0.9985862701205402,0.9972825581305326,0.0013037119900076721
early_newton_full,early,newton_full,1,selective_diag_vs_muon,primary,selective_diag,muon,normalized_loss_auc,AUC_0_128,1.003728914002729,1.0044240806379456,-0.0006951666352166264
early_newton_full,early,newton_full,1,selective_diag_vs_muon,primary,selective_diag,muon,normalized_heldout_loss,0,1.0,1.0,0.0
early_newton_full,early,newton_full,1,selective_diag_vs_muon,primary,selective_diag,muon,normalized_heldout_loss,16,0.997690701553542,1.0092733464029713,-0.01158264484942928
early_newton_full,early,newton_full,1,selective_diag_vs_muon,primary,selective_diag,muon,normalized_heldout_loss,32,0.9981612191943182,1.007392276373551,-0.009231057179232782
early_newton_full,early,newton_full,1,selective_diag_vs_muon,primary,selective_diag,muon,normalized_heldout_loss,48,1.0076022550428398,1.0069162891486318,0.000685965894207996
early_newton_full,early,newton_full,1,selective_diag_vs_muon,primary,selective_diag,muon,normalized_heldout_loss,64,1.0070623670665932,1.0043897414881098,0.0026726255784834674
early_newton_full,early,newton_full,1,selective_diag_vs_muon,primary,selective_diag,muon,normalized_heldout_loss,80,1.008051227858273,1.0037280552113164,0.004323172646956586
early_newton_full,early,newton_full,1,selective_diag_vs_muon,primary,selective_diag,muon,normalized_heldout_loss,96,1.0061810969971383,1.0026373400905377,0.0035437569066005814
early_newton_full,early,newton_full,1,selective_diag_vs_muon,primary,selective_diag,muon,normalized_heldout_loss,112,1.0045360862150539,1.001346051317106,0.003190034897947891
early_newton_full,early,newton_full,1,selective_diag_vs_muon,primary,selective_diag,muon,normalized_heldout_loss,128,1.001092716188148,0.9994190901426822,0.001673626045465837
early_newton_full,early,newton_full,1,selective_none_vs_muon,primary,selective_none,muon,normalized_loss_auc,AUC_0_128,1.0028829169145488,1.0044240806379456,-0.0015411637233968545
early_newton_full,early,newton_full,1,selective_none_vs_muon,primary,selective_none,muon,normalized_heldout_loss,0,1.0,1.0,0.0
early_newton_full,early,newton_full,1,selective_none_vs_muon,primary,selective_none,muon,normalized_heldout_loss,16,0.9982664753379452,1.0092733464029713,-0.01100687106502607
early_newton_full,early,newton_full,1,selective_none_vs_muon,primary,selective_none,muon,normalized_heldout_loss,32,0.9985616327749222,1.007392276373551,-0.00883064359862884
early_newton_full,early,newton_full,1,selective_none_vs_muon,primary,selective_none,muon,normalized_heldout_loss,48,1.0051797628855232,1.0069162891486318,-0.0017365262631086065
early_newton_full,early,newton_full,1,selective_none_vs_muon,primary,selective_none,muon,normalized_heldout_loss,64,1.005174360003626,1.0043897414881098,0.0007846185155162555
early_newton_full,early,newton_full,1,selective_none_vs_muon,primary,selective_none,muon,normalized_heldout_loss,80,1.0060831113982864,1.0037280552113164,0.0023550561869700726
early_newton_full,early,newton_full,1,selective_none_vs_muon,primary,selective_none,muon,normalized_heldout_loss,96,1.0051020547693472,1.0026373400905377,0.0024647146788094876
early_newton_full,early,newton_full,1,selective_none_vs_muon,primary,selective_none,muon,normalized_heldout_loss,112,1.00408237754018,1.001346051317106,0.0027363262230739593
early_newton_full,early,newton_full,1,selective_none_vs_muon,primary,selective_none,muon,normalized_heldout_loss,128,1.0012271212131219,0.9994190901426822,0.0018080310704396974
early_newton_full,early,newton_full,1,selective_diag_vs_original_newton_muon,primary,selective_diag,original_newton_muon,normalized_loss_auc,AUC_0_128,1.003728914002729,1.006521699507851,-0.002792785505121964
early_newton_full,early,newton_full,1,selective_diag_vs_original_newton_muon,primary,selective_diag,original_newton_muon,normalized_heldout_loss,0,1.0,1.0,0.0
early_newton_full,early,newton_full,1,selective_diag_vs_original_newton_muon,primary,selective_diag,original_newton_muon,normalized_heldout_loss,16,0.997690701553542,0.9975949171287966,9.578442474544868e-05
early_newton_full,early,newton_full,1,selective_diag_vs_original_newton_muon,primary,selective_diag,original_newton_muon,normalized_heldout_loss,32,0.9981612191943182,0.9986228654364238,-0.00046164624210554006
early_newton_full,early,newton_full,1,selective_diag_vs_original_newton_muon,primary,selective_diag,original_newton_muon,normalized_heldout_loss,48,1.0076022550428398,1.0121411427522107,-0.004538887709370831
early_newton_full,early,newton_full,1,selective_diag_vs_original_newton_muon,primary,selective_diag,original_newton_muon,normalized_heldout_loss,64,1.0070623670665932,1.0121635547067473,-0.005101187640154103
early_newton_full,early,newton_full,1,selective_diag_vs_original_newton_muon,primary,selective_diag,original_newton_muon,normalized_heldout_loss,80,1.008051227858273,1.0129811908338575,-0.0049299629755845675
early_newton_full,early,newton_full,1,selective_diag_vs_original_newton_muon,primary,selective_diag,original_newton_muon,normalized_heldout_loss,96,1.0061810969971383,1.0098960785683084,-0.0037149815711701173
early_newton_full,early,newton_full,1,selective_diag_vs_original_newton_muon,primary,selective_diag,original_newton_muon,normalized_heldout_loss,112,1.0045360862150539,1.007362460469748,-0.0028263742546941195
early_newton_full,early,newton_full,1,selective_diag_vs_original_newton_muon,primary,selective_diag,original_newton_muon,normalized_heldout_loss,128,1.001092716188148,1.0028227723334293,-0.0017300561452813223
early_newton_full,early,newton_full,1,selective_none_vs_original_newton_muon,primary,selective_none,original_newton_muon,normalized_loss_auc,AUC_0_128,1.0028829169145488,1.006521699507851,-0.0036387825933021922
early_newton_full,early,newton_full,1,selective_none_vs_original_newton_muon,primary,selective_none,original_newton_muon,normalized_heldout_loss,0,1.0,1.0,0.0
early_newton_full,early,newton_full,1,selective_none_vs_original_newton_muon,primary,selective_none,original_newton_muon,normalized_heldout_loss,16,0.9982664753379452,0.9975949171287966,0.0006715582091486594
early_newton_full,early,newton_full,1,selective_none_vs_original_newton_muon,primary,selective_none,original_newton_muon,normalized_heldout_loss,32,0.9985616327749222,0.9986228654364238,-6.12326615015979e-05
early_newton_full,early,newton_full,1,selective_none_vs_original_newton_muon,primary,selective_none,original_newton_muon,normalized_heldout_loss,48,1.0051797628855232,1.0121411427522107,-0.006961379866687434
early_newton_full,early,newton_full,1,selective_none_vs_original_newton_muon,primary,selective_none,original_newton_muon,normalized_heldout_loss,64,1.005174360003626,1.0121635547067473,-0.006989194703121315
early_newton_full,early,newton_full,1,selective_none_vs_original_newton_muon,primary,selective_none,original_newton_muon,normalized_heldout_loss,80,1.0060831113982864,1.0129811908338575,-0.006898079435571081
early_newton_full,early,newton_full,1,selective_none_vs_original_newton_muon,primary,selective_none,original_newton_muon,normalized_heldout_loss,96,1.0051020547693472,1.0098960785683084,-0.004794023798961211
early_newton_full,early,newton_full,1,selective_none_vs_original_newton_muon,primary,selective_none,original_newton_muon,normalized_heldout_loss,112,1.00408237754018,1.007362460469748,-0.003280082929568051
early_newton_full,early,newton_full,1,selective_none_vs_original_newton_muon,primary,selective_none,original_newton_muon,normalized_heldout_loss,128,1.0012271212131219,1.0028227723334293,-0.001595651120307462
early_newton_full,early,newton_full,1,original_newton_muon_vs_muon,baseline,original_newton_muon,muon,normalized_loss_auc,AUC_0_128,1.006521699507851,1.0044240806379456,0.0020976188699053377
early_newton_full,early,newton_full,1,original_newton_muon_vs_muon,baseline,original_newton_muon,muon,normalized_heldout_loss,0,1.0,1.0,0.0
early_newton_full,early,newton_full,1,original_newton_muon_vs_muon,baseline,original_newton_muon,muon,normalized_heldout_loss,16,0.9975949171287966,1.0092733464029713,-0.011678429274174729
early_newton_full,early,newton_full,1,original_newton_muon_vs_muon,baseline,original_newton_muon,muon,normalized_heldout_loss,32,0.9986228654364238,1.007392276373551,-0.008769410937127242
early_newton_full,early,newton_full,1,original_newton_muon_vs_muon,baseline,original_newton_muon,muon,normalized_heldout_loss,48,1.0121411427522107,1.0069162891486318,0.005224853603578827
early_newton_full,early,newton_full,1,original_newton_muon_vs_muon,baseline,original_newton_muon,muon,normalized_heldout_loss,64,1.0121635547067473,1.0043897414881098,0.007773813218637571
early_newton_full,early,newton_full,1,original_newton_muon_vs_muon,baseline,original_newton_muon,muon,normalized_heldout_loss,80,1.0129811908338575,1.0037280552113164,0.009253135622541153
early_newton_full,early,newton_full,1,original_newton_muon_vs_muon,baseline,original_newton_muon,muon,normalized_heldout_loss,96,1.0098960785683084,1.0026373400905377,0.007258738477770699
early_newton_full,early,newton_full,1,original_newton_muon_vs_muon,baseline,original_newton_muon,muon,normalized_heldout_loss,112,1.007362460469748,1.001346051317106,0.0060164091526420105
early_newton_full,early,newton_full,1,original_newton_muon_vs_muon,baseline,original_newton_muon,muon,normalized_heldout_loss,128,1.0028227723334293,0.9994190901426822,0.0034036821907471593
early_newton_full,early,newton_full,2,selective_diag_vs_muon,primary,selective_diag,muon,normalized_loss_auc,AUC_0_128,1.0004980657406222,1.0041089294712533,-0.003610863730631131
early_newton_full,early,newton_full,2,selective_diag_vs_muon,primary,selective_diag,muon,normalized_heldout_loss,0,1.0,1.0,0.0
early_newton_full,early,newton_full,2,selective_diag_vs_muon,primary,selective_diag,muon,normalized_heldout_loss,16,0.994944554775457,1.0099221572807755,-0.014977602505318544
early_newton_full,early,newton_full,2,selective_diag_vs_muon,primary,selective_diag,muon,normalized_heldout_loss,32,0.9964882271466728,1.008333772392979,-0.01184554524630621
early_newton_full,early,newton_full,2,selective_diag_vs_muon,primary,selective_diag,muon,normalized_heldout_loss,48,1.0042269004813207,1.007213778380094,-0.002986877898773388
early_newton_full,early,newton_full,2,selective_diag_vs_muon,primary,selective_diag,muon,normalized_heldout_loss,64,1.0029592733725308,1.004645126093727,-0.001685852721196257
early_newton_full,early,newton_full,2,selective_diag_vs_muon,primary,selective_diag,muon,normalized_heldout_loss,80,1.0035573032817964,1.002208362099408,0.0013489411823883746
early_newton_full,early,newton_full,2,selective_diag_vs_muon,primary,selective_diag,muon,normalized_heldout_loss,96,1.0019722582008788,1.0012601295831438,0.0007121286177349528
early_newton_full,early,newton_full,2,selective_diag_vs_muon,primary,selective_diag,muon,normalized_heldout_loss,112,1.001173771719565,1.0004875436449712,0.000686228074593842
early_newton_full,early,newton_full,2,selective_diag_vs_muon,primary,selective_diag,muon,normalized_heldout_loss,128,0.9973244738935134,0.9976011325898559,-0.0002766586963425244
early_newton_full,early,newton_full,2,selective_none_vs_muon,primary,selective_none,muon,normalized_loss_auc,AUC_0_128,1.0003909831825728,1.0041089294712533,-0.003717946288680496
early_newton_full,early,newton_full,2,selective_none_vs_muon,primary,selective_none,muon,normalized_heldout_loss,0,1.0,1.0,0.0
early_newton_full,early,newton_full,2,selective_none_vs_muon,primary,selective_none,muon,normalized_heldout_loss,16,0.9962922690900123,1.0099221572807755,-0.013629888190763162
early_newton_full,early,newton_full,2,selective_none_vs_muon,primary,selective_none,muon,normalized_heldout_loss,32,0.9974547945211082,1.008333772392979,-0.010878977871870865
early_newton_full,early,newton_full,2,selective_none_vs_muon,primary,selective_none,muon,normalized_heldout_loss,48,1.0028723702343596,1.007213778380094,-0.004341408145734471
early_newton_full,early,newton_full,2,selective_none_vs_muon,primary,selective_none,muon,normalized_heldout_loss,64,1.0019863671809583,1.004645126093727,-0.0026587589127686773
early_newton_full,early,newton_full,2,selective_none_vs_muon,primary,selective_none,muon,normalized_heldout_loss,80,1.0027180575246974,1.002208362099408,0.000509695425289447
early_newton_full,early,newton_full,2,selective_none_vs_muon,primary,selective_none,muon,normalized_heldout_loss,96,1.0018835147609582,1.0012601295831438,0.0006233851778143507
early_newton_full,early,newton_full,2,selective_none_vs_muon,primary,selective_none,muon,normalized_heldout_loss,112,1.0011058168734814,1.0004875436449712,0.0006182732285102688
early_newton_full,early,newton_full,2,selective_none_vs_muon,primary,selective_none,muon,normalized_heldout_loss,128,0.9976293505500151,0.9976011325898559,2.821796015917144e-05
early_newton_full,early,newton_full,2,selective_diag_vs_original_newton_muon,primary,selective_diag,original_newton_muon,normalized_loss_auc,AUC_0_128,1.0004980657406222,1.0028363991510891,-0.002338333410466964
early_newton_full,early,newton_full,2,selective_diag_vs_original_newton_muon,primary,selective_diag,original_newton_muon,normalized_heldout_loss,0,1.0,1.0,0.0
early_newton_full,early,newton_full,2,selective_diag_vs_original_newton_muon,primary,selective_diag,original_newton_muon,normalized_heldout_loss,16,0.994944554775457,0.9948424521080214,0.00010210266743559959
early_newton_full,early,newton_full,2,selective_diag_vs_original_newton_muon,primary,selective_diag,original_newton_muon,normalized_heldout_loss,32,0.9964882271466728,0.9966573304296552,-0.00016910328298236355
early_newton_full,early,newton_full,2,selective_diag_vs_original_newton_muon,primary,selective_diag,original_newton_muon,normalized_heldout_loss,48,1.0042269004813207,1.008249186671826,-0.004022286190505264
early_newton_full,early,newton_full,2,selective_diag_vs_original_newton_muon,primary,selective_diag,original_newton_muon,normalized_heldout_loss,64,1.0029592733725308,1.0071321235098754,-0.004172850137344586
early_newton_full,early,newton_full,2,selective_diag_vs_original_newton_muon,primary,selective_diag,original_newton_muon,normalized_heldout_loss,80,1.0035573032817964,1.0076553144813276,-0.004098011199531237
early_newton_full,early,newton_full,2,selective_diag_vs_original_newton_muon,primary,selective_diag,original_newton_muon,normalized_heldout_loss,96,1.0019722582008788,1.0051548215190165,-0.00318256331813771
early_newton_full,early,newton_full,2,selective_diag_vs_original_newton_muon,primary,selective_diag,original_newton_muon,normalized_heldout_loss,112,1.001173771719565,1.0035451709221146,-0.0023713992025495845
early_newton_full,early,newton_full,2,selective_diag_vs_original_newton_muon,primary,selective_diag,original_newton_muon,normalized_heldout_loss,128,0.9973244738935134,0.9989095871337552,-0.0015851132402417978
early_newton_full,early,newton_full,2,selective_none_vs_original_newton_muon,primary,selective_none,original_newton_muon,normalized_loss_auc,AUC_0_128,1.0003909831825728,1.0028363991510891,-0.002445415968516329
early_newton_full,early,newton_full,2,selective_none_vs_original_newton_muon,primary,selective_none,original_newton_muon,normalized_heldout_loss,0,1.0,1.0,0.0
early_newton_full,early,newton_full,2,selective_none_vs_original_newton_muon,primary,selective_none,original_newton_muon,normalized_heldout_loss,16,0.9962922690900123,0.9948424521080214,0.0014498169819909812
early_newton_full,early,newton_full,2,selective_none_vs_original_newton_muon,primary,selective_none,original_newton_muon,normalized_heldout_loss,32,0.9974547945211082,0.9966573304296552,0.0007974640914529818
early_newton_full,early,newton_full,2,selective_none_vs_original_newton_muon,primary,selective_none,original_newton_muon,normalized_heldout_loss,48,1.0028723702343596,1.008249186671826,-0.005376816437466347
early_newton_full,early,newton_full,2,selective_none_vs_original_newton_muon,primary,selective_none,original_newton_muon,normalized_heldout_loss,64,1.0019863671809583,1.0071321235098754,-0.005145756328917006
early_newton_full,early,newton_full,2,selective_none_vs_original_newton_muon,primary,selective_none,original_newton_muon,normalized_heldout_loss,80,1.0027180575246974,1.0076553144813276,-0.004937256956630165
early_newton_full,early,newton_full,2,selective_none_vs_original_newton_muon,primary,selective_none,original_newton_muon,normalized_heldout_loss,96,1.0018835147609582,1.0051548215190165,-0.003271306758058312
early_newton_full,early,newton_full,2,selective_none_vs_original_newton_muon,primary,selective_none,original_newton_muon,normalized_heldout_loss,112,1.0011058168734814,1.0035451709221146,-0.0024393540486331577
early_newton_full,early,newton_full,2,selective_none_vs_original_newton_muon,primary,selective_none,original_newton_muon,normalized_heldout_loss,128,0.9976293505500151,0.9989095871337552,-0.001280236583740102
early_newton_full,early,newton_full,2,original_newton_muon_vs_muon,baseline,original_newton_muon,muon,normalized_loss_auc,AUC_0_128,1.0028363991510891,1.0041089294712533,-0.001272530320164167
early_newton_full,early,newton_full,2,original_newton_muon_vs_muon,baseline,original_newton_muon,muon,normalized_heldout_loss,0,1.0,1.0,0.0
early_newton_full,early,newton_full,2,original_newton_muon_vs_muon,baseline,original_newton_muon,muon,normalized_heldout_loss,16,0.9948424521080214,1.0099221572807755,-0.015079705172754143
early_newton_full,early,newton_full,2,original_newton_muon_vs_muon,baseline,original_newton_muon,muon,normalized_heldout_loss,32,0.9966573304296552,1.008333772392979,-0.011676441963323847
early_newton_full,early,newton_full,2,original_newton_muon_vs_muon,baseline,original_newton_muon,muon,normalized_heldout_loss,48,1.008249186671826,1.007213778380094,0.0010354082917318763
early_newton_full,early,newton_full,2,original_newton_muon_vs_muon,baseline,original_newton_muon,muon,normalized_heldout_loss,64,1.0071321235098754,1.004645126093727,0.002486997416148329
early_newton_full,early,newton_full,2,original_newton_muon_vs_muon,baseline,original_newton_muon,muon,normalized_heldout_loss,80,1.0076553144813276,1.002208362099408,0.005446952381919612
early_newton_full,early,newton_full,2,original_newton_muon_vs_muon,baseline,original_newton_muon,muon,normalized_heldout_loss,96,1.0051548215190165,1.0012601295831438,0.003894691935872663
early_newton_full,early,newton_full,2,original_newton_muon_vs_muon,baseline,original_newton_muon,muon,normalized_heldout_loss,112,1.0035451709221146,1.0004875436449712,0.0030576272771434265
early_newton_full,early,newton_full,2,original_newton_muon_vs_muon,baseline,original_newton_muon,muon,normalized_heldout_loss,128,0.9989095871337552,0.9976011325898559,0.0013084545438992734
late_muon,late,muon,0,selective_diag_vs_muon,primary,selective_diag,muon,normalized_loss_auc,AUC_0_128,1.0225855543678997,1.0199436986251333,0.002641855742766319
late_muon,late,muon,0,selective_diag_vs_muon,primary,selective_diag,muon,normalized_heldout_loss,0,1.0,1.0,0.0
late_muon,late,muon,0,selective_diag_vs_muon,primary,selective_diag,muon,normalized_heldout_loss,16,1.0087929969426448,1.0112358305814995,-0.002442833638854669
late_muon,late,muon,0,selective_diag_vs_muon,primary,selective_diag,muon,normalized_heldout_loss,32,1.0147864085970404,1.0166420951693627,-0.0018556865723222682
late_muon,late,muon,0,selective_diag_vs_muon,primary,selective_diag,muon,normalized_heldout_loss,48,1.0231045662043639,1.019326322194745,0.003778244009618792
late_muon,late,muon,0,selective_diag_vs_muon,primary,selective_diag,muon,normalized_heldout_loss,64,1.0265600960756918,1.0220079000742162,0.004552196001475606
late_muon,late,muon,0,selective_diag_vs_muon,primary,selective_diag,muon,normalized_heldout_loss,80,1.029432653292226,1.0239872134557346,0.0054454398364913725
late_muon,late,muon,0,selective_diag_vs_muon,primary,selective_diag,muon,normalized_heldout_loss,96,1.0307434988554485,1.0259072823014175,0.004836216554030992
late_muon,late,muon,0,selective_diag_vs_muon,primary,selective_diag,muon,normalized_heldout_loss,112,1.031448251945015,1.026578238711327,0.004870013233688075
late_muon,late,muon,0,selective_diag_vs_muon,primary,selective_diag,muon,normalized_heldout_loss,128,1.0316319260615348,1.0277294130255294,0.003902513036005306
late_muon,late,muon,0,selective_none_vs_muon,primary,selective_none,muon,normalized_loss_auc,AUC_0_128,1.021559286279953,1.0199436986251333,0.0016155876548196169
late_muon,late,muon,0,selective_none_vs_muon,primary,selective_none,muon,normalized_heldout_loss,0,1.0,1.0,0.0
late_muon,late,muon,0,selective_none_vs_muon,primary,selective_none,muon,normalized_heldout_loss,16,1.0087674688093173,1.0112358305814995,-0.002468361772182126
late_muon,late,muon,0,selective_none_vs_muon,primary,selective_none,muon,normalized_heldout_loss,32,1.0147405703450594,1.0166420951693627,-0.00190152482430328
late_muon,late,muon,0,selective_none_vs_muon,primary,selective_none,muon,normalized_heldout_loss,48,1.0214550313502335,1.019326322194745,0.002128709155488462
late_muon,late,muon,0,selective_none_vs_muon,primary,selective_none,muon,normalized_heldout_loss,64,1.0248731520702072,1.0220079000742162,0.0028652519959910805
late_muon,late,muon,0,selective_none_vs_muon,primary,selective_none,muon,normalized_heldout_loss,80,1.02773141995425,1.0239872134557346,0.003744206498515368
late_muon,late,muon,0,selective_none_vs_muon,primary,selective_none,muon,normalized_heldout_loss,96,1.029326366347177,1.0259072823014175,0.003419084045759524
late_muon,late,muon,0,selective_none_vs_muon,primary,selective_none,muon,normalized_heldout_loss,112,1.030211662744459,1.026578238711327,0.00363342403313216
late_muon,late,muon,0,selective_none_vs_muon,primary,selective_none,muon,normalized_heldout_loss,128,1.0307372372378398,1.0277294130255294,0.0030078242123103838
late_muon,late,muon,0,selective_diag_vs_original_newton_muon,primary,selective_diag,original_newton_muon,normalized_loss_auc,AUC_0_128,1.0225855543678997,1.0237995455510605,-0.0012139911831607897
late_muon,late,muon,0,selective_diag_vs_original_newton_muon,primary,selective_diag,original_newton_muon,normalized_heldout_loss,0,1.0,1.0,0.0
late_muon,late,muon,0,selective_diag_vs_original_newton_muon,primary,selective_diag,original_newton_muon,normalized_heldout_loss,16,1.0087929969426448,1.0087752556927536,1.7741249891178867e-05
late_muon,late,muon,0,selective_diag_vs_original_newton_muon,primary,selective_diag,original_newton_muon,normalized_heldout_loss,32,1.0147864085970404,1.0148686123974409,-8.220380040047104e-05
late_muon,late,muon,0,selective_diag_vs_original_newton_muon,primary,selective_diag,original_newton_muon,normalized_heldout_loss,48,1.0231045662043639,1.0248253068895052,-0.0017207406851413865
late_muon,late,muon,0,selective_diag_vs_original_newton_muon,primary,selective_diag,original_newton_muon,normalized_heldout_loss,64,1.0265600960756918,1.0286871194110547,-0.0021270233353629653
late_muon,late,muon,0,selective_diag_vs_original_newton_muon,primary,selective_diag,original_newton_muon,normalized_heldout_loss,80,1.029432653292226,1.03156304826784,-0.0021303949756139584
late_muon,late,muon,0,selective_diag_vs_original_newton_muon,primary,selective_diag,original_newton_muon,normalized_heldout_loss,96,1.0307434988554485,1.032534963708708,-0.001791464853259539
late_muon,late,muon,0,selective_diag_vs_original_newton_muon,primary,selective_diag,original_newton_muon,normalized_heldout_loss,112,1.031448251945015,1.0328605678243568,-0.0014123158793417634
late_muon,late,muon,0,selective_diag_vs_original_newton_muon,primary,selective_diag,original_newton_muon,normalized_heldout_loss,128,1.0316319260615348,1.0325629804336491,-0.0009310543721143816
late_muon,late,muon,0,selective_none_vs_original_newton_muon,primary,selective_none,original_newton_muon,normalized_loss_auc,AUC_0_128,1.021559286279953,1.0237995455510605,-0.002240259271107492
late_muon,late,muon,0,selective_none_vs_original_newton_muon,primary,selective_none,original_newton_muon,normalized_heldout_loss,0,1.0,1.0,0.0
late_muon,late,muon,0,selective_none_vs_original_newton_muon,primary,selective_none,original_newton_muon,normalized_heldout_loss,16,1.0087674688093173,1.0087752556927536,-7.786883436278202e-06
late_muon,late,muon,0,selective_none_vs_original_newton_muon,primary,selective_none,original_newton_muon,normalized_heldout_loss,32,1.0147405703450594,1.0148686123974409,-0.00012804205238148292
late_muon,late,muon,0,selective_none_vs_original_newton_muon,primary,selective_none,original_newton_muon,normalized_heldout_loss,48,1.0214550313502335,1.0248253068895052,-0.0033702755392717165
late_muon,late,muon,0,selective_none_vs_original_newton_muon,primary,selective_none,original_newton_muon,normalized_heldout_loss,64,1.0248731520702072,1.0286871194110547,-0.0038139673408474906
late_muon,late,muon,0,selective_none_vs_original_newton_muon,primary,selective_none,original_newton_muon,normalized_heldout_loss,80,1.02773141995425,1.03156304826784,-0.003831628313589963
late_muon,late,muon,0,selective_none_vs_original_newton_muon,primary,selective_none,original_newton_muon,normalized_heldout_loss,96,1.029326366347177,1.032534963708708,-0.003208597361531007
late_muon,late,muon,0,selective_none_vs_original_newton_muon,primary,selective_none,original_newton_muon,normalized_heldout_loss,112,1.030211662744459,1.0328605678243568,-0.0026489050798976788
late_muon,late,muon,0,selective_none_vs_original_newton_muon,primary,selective_none,original_newton_muon,normalized_heldout_loss,128,1.0307372372378398,1.0325629804336491,-0.001825743195809304
late_muon,late,muon,0,original_newton_muon_vs_muon,baseline,original_newton_muon,muon,normalized_loss_auc,AUC_0_128,1.0237995455510605,1.0199436986251333,0.003855846925927109
late_muon,late,muon,0,original_newton_muon_vs_muon,baseline,original_newton_muon,muon,normalized_heldout_loss,0,1.0,1.0,0.0
late_muon,late,muon,0,original_newton_muon_vs_muon,baseline,original_newton_muon,muon,normalized_heldout_loss,16,1.0087752556927536,1.0112358305814995,-0.002460574888745848
late_muon,late,muon,0,original_newton_muon_vs_muon,baseline,original_newton_muon,muon,normalized_heldout_loss,32,1.0148686123974409,1.0166420951693627,-0.0017734827719217972
late_muon,late,muon,0,original_newton_muon_vs_muon,baseline,original_newton_muon,muon,normalized_heldout_loss,48,1.0248253068895052,1.019326322194745,0.005498984694760178
late_muon,late,muon,0,original_newton_muon_vs_muon,baseline,original_newton_muon,muon,normalized_heldout_loss,64,1.0286871194110547,1.0220079000742162,0.006679219336838571
late_muon,late,muon,0,original_newton_muon_vs_muon,baseline,original_newton_muon,muon,normalized_heldout_loss,80,1.03156304826784,1.0239872134557346,0.007575834812105331
late_muon,late,muon,0,original_newton_muon_vs_muon,baseline,original_newton_muon,muon,normalized_heldout_loss,96,1.032534963708708,1.0259072823014175,0.006627681407290531
late_muon,late,muon,0,original_newton_muon_vs_muon,baseline,original_newton_muon,muon,normalized_heldout_loss,112,1.0328605678243568,1.026578238711327,0.006282329113029839
late_muon,late,muon,0,original_newton_muon_vs_muon,baseline,original_newton_muon,muon,normalized_heldout_loss,128,1.0325629804336491,1.0277294130255294,0.004833567408119688
late_muon,late,muon,1,selective_diag_vs_muon,primary,selective_diag,muon,normalized_loss_auc,AUC_0_128,1.022116960236653,1.0186404907258955,0.0034764695107576404
late_muon,late,muon,1,selective_diag_vs_muon,primary,selective_diag,muon,normalized_heldout_loss,0,1.0,1.0,0.0
late_muon,late,muon,1,selective_diag_vs_muon,primary,selective_diag,muon,normalized_heldout_loss,16,1.0083178898675853,1.010756848507665,-0.0024389586400797025
late_muon,late,muon,1,selective_diag_vs_muon,primary,selective_diag,muon,normalized_heldout_loss,32,1.0142452044747068,1.0158525299521168,-0.0016073254774100487
late_muon,late,muon,1,selective_diag_vs_muon,primary,selective_diag,muon,normalized_heldout_loss,48,1.0240364111032143,1.0196290046596077,0.0044074064436065985
late_muon,late,muon,1,selective_diag_vs_muon,primary,selective_diag,muon,normalized_heldout_loss,64,1.0266430364629926,1.0210674947366518,0.0055755417263407825
late_muon,late,muon,1,selective_diag_vs_muon,primary,selective_diag,muon,normalized_heldout_loss,80,1.0291278073852204,1.0221106591000566,0.0070171482851637546
late_muon,late,muon,1,selective_diag_vs_muon,primary,selective_diag,muon,normalized_heldout_loss,96,1.0295209515616144,1.0230862737209063,0.0064346778407080585
late_muon,late,muon,1,selective_diag_vs_muon,primary,selective_diag,muon,normalized_heldout_loss,112,1.0300624402706788,1.0240953905208778,0.005967049749801001
late_muon,late,muon,1,selective_diag_vs_muon,primary,selective_diag,muon,normalized_heldout_loss,128,1.0299638815344248,1.0250514492185656,0.004912432315859139
late_muon,late,muon,1,selective_none_vs_muon,primary,selective_none,muon,normalized_loss_auc,AUC_0_128,1.0208888132016662,1.0186404907258955,0.002248322475770781
late_muon,late,muon,1,selective_none_vs_muon,primary,selective_none,muon,normalized_heldout_loss,0,1.0,1.0,0.0
late_muon,late,muon,1,selective_none_vs_muon,primary,selective_none,muon,normalized_heldout_loss,16,1.008375077308226,1.010756848507665,-0.0023817711994389423
late_muon,late,muon,1,selective_none_vs_muon,primary,selective_none,muon,normalized_heldout_loss,32,1.0141297388248027,1.0158525299521168,-0.001722791127314105
late_muon,late,muon,1,selective_none_vs_muon,primary,selective_none,muon,normalized_heldout_loss,48,1.0220597046229736,1.0196290046596077,0.0024306999633658677
late_muon,late,muon,1,selective_none_vs_muon,primary,selective_none,muon,normalized_heldout_loss,64,1.0246642263575512,1.0210674947366518,0.0035967316208993516
late_muon,late,muon,1,selective_none_vs_muon,primary,selective_none,muon,normalized_heldout_loss,80,1.0270289348192512,1.0221106591000566,0.004918275719194565
late_muon,late,muon,1,selective_none_vs_muon,primary,selective_none,muon,normalized_heldout_loss,96,1.0278372722806242,1.0230862737209063,0.004750998559717834
late_muon,late,muon,1,selective_none_vs_muon,primary,selective_none,muon,normalized_heldout_loss,112,1.0286244176659016,1.0240953905208778,0.0045290271450237896
late_muon,late,muon,1,selective_none_vs_muon,primary,selective_none,muon,normalized_heldout_loss,128,1.0287822674679972,1.0250514492185656,0.0037308182494315556
late_muon,late,muon,1,selective_diag_vs_original_newton_muon,primary,selective_diag,original_newton_muon,normalized_loss_auc,AUC_0_128,1.022116960236653,1.0234524944164334,-0.0013355341797802733
late_muon,late,muon,1,selective_diag_vs_original_newton_muon,primary,selective_diag,original_newton_muon,normalized_heldout_loss,0,1.0,1.0,0.0
late_muon,late,muon,1,selective_diag_vs_original_newton_muon,primary,selective_diag,original_newton_muon,normalized_heldout_loss,16,1.0083178898675853,1.008384660489696,-6.677062211069007e-05
late_muon,late,muon,1,selective_diag_vs_original_newton_muon,primary,selective_diag,original_newton_muon,normalized_heldout_loss,32,1.0142452044747068,1.01443647854388,-0.00019127406917318623
late_muon,late,muon,1,selective_diag_vs_original_newton_muon,primary,selective_diag,original_newton_muon,normalized_heldout_loss,48,1.0240364111032143,1.0258552677813595,-0.0018188566781451865
late_muon,late,muon,1,selective_diag_vs_original_newton_muon,primary,selective_diag,original_newton_muon,normalized_heldout_loss,64,1.0266430364629926,1.0288981226781237,-0.0022550862151311524
late_muon,late,muon,1,selective_diag_vs_original_newton_muon,primary,selective_diag,original_newton_muon,normalized_heldout_loss,80,1.0291278073852204,1.0315423795553809,-0.0024145721701605005
late_muon,late,muon,1,selective_diag_vs_original_newton_muon,primary,selective_diag,original_newton_muon,normalized_heldout_loss,96,1.0295209515616144,1.0314555076257972,-0.001934556064182802
late_muon,late,muon,1,selective_diag_vs_original_newton_muon,primary,selective_diag,original_newton_muon,normalized_heldout_loss,112,1.0300624402706788,1.0315296798921323,-0.0014672396214534533
late_muon,late,muon,1,selective_diag_vs_original_newton_muon,primary,selective_diag,original_newton_muon,normalized_heldout_loss,128,1.0299638815344248,1.0310357175301945,-0.0010718359957697654
late_muon,late,muon,1,selective_none_vs_original_newton_muon,primary,selective_none,original_newton_muon,normalized_loss_auc,AUC_0_128,1.0208888132016662,1.0234524944164334,-0.002563681214767133
late_muon,late,muon,1,selective_none_vs_original_newton_muon,primary,selective_none,original_newton_muon,normalized_heldout_loss,0,1.0,1.0,0.0
late_muon,late,muon,1,selective_none_vs_original_newton_muon,primary,selective_none,original_newton_muon,normalized_heldout_loss,16,1.008375077308226,1.008384660489696,-9.583181469929869e-06
late_muon,late,muon,1,selective_none_vs_original_newton_muon,primary,selective_none,original_newton_muon,normalized_heldout_loss,32,1.0141297388248027,1.01443647854388,-0.0003067397190772425
late_muon,late,muon,1,selective_none_vs_original_newton_muon,primary,selective_none,original_newton_muon,normalized_heldout_loss,48,1.0220597046229736,1.0258552677813595,-0.0037955631583859173
late_muon,late,muon,1,selective_none_vs_original_newton_muon,primary,selective_none,original_newton_muon,normalized_heldout_loss,64,1.0246642263575512,1.0288981226781237,-0.004233896320572583
late_muon,late,muon,1,selective_none_vs_original_newton_muon,primary,selective_none,original_newton_muon,normalized_heldout_loss,80,1.0270289348192512,1.0315423795553809,-0.00451344473612969
late_muon,late,muon,1,selective_none_vs_original_newton_muon,primary,selective_none,original_newton_muon,normalized_heldout_loss,96,1.0278372722806242,1.0314555076257972,-0.0036182353451730265
late_muon,late,muon,1,selective_none_vs_original_newton_muon,primary,selective_none,original_newton_muon,normalized_heldout_loss,112,1.0286244176659016,1.0315296798921323,-0.002905262226230665
late_muon,late,muon,1,selective_none_vs_original_newton_muon,primary,selective_none,original_newton_muon,normalized_heldout_loss,128,1.0287822674679972,1.0310357175301945,-0.0022534500621973486
late_muon,late,muon,1,original_newton_muon_vs_muon,baseline,original_newton_muon,muon,normalized_loss_auc,AUC_0_128,1.0234524944164334,1.0186404907258955,0.004812003690537914
late_muon,late,muon,1,original_newton_muon_vs_muon,baseline,original_newton_muon,muon,normalized_heldout_loss,0,1.0,1.0,0.0
late_muon,late,muon,1,original_newton_muon_vs_muon,baseline,original_newton_muon,muon,normalized_heldout_loss,16,1.008384660489696,1.010756848507665,-0.0023721880179690125
late_muon,late,muon,1,original_newton_muon_vs_muon,baseline,original_newton_muon,muon,normalized_heldout_loss,32,1.01443647854388,1.0158525299521168,-0.0014160514082368625
late_muon,late,muon,1,original_newton_muon_vs_muon,baseline,original_newton_muon,muon,normalized_heldout_loss,48,1.0258552677813595,1.0196290046596077,0.006226263121751785
late_muon,late,muon,1,original_newton_muon_vs_muon,baseline,original_newton_muon,muon,normalized_heldout_loss,64,1.0288981226781237,1.0210674947366518,0.007830627941471935
late_muon,late,muon,1,original_newton_muon_vs_muon,baseline,original_newton_muon,muon,normalized_heldout_loss,80,1.0315423795553809,1.0221106591000566,0.009431720455324255
late_muon,late,muon,1,original_newton_muon_vs_muon,baseline,original_newton_muon,muon,normalized_heldout_loss,96,1.0314555076257972,1.0230862737209063,0.00836923390489086
late_muon,late,muon,1,original_newton_muon_vs_muon,baseline,original_newton_muon,muon,normalized_heldout_loss,112,1.0315296798921323,1.0240953905208778,0.0074342893712544544
late_muon,late,muon,1,original_newton_muon_vs_muon,baseline,original_newton_muon,muon,normalized_heldout_loss,128,1.0310357175301945,1.0250514492185656,0.005984268311628904
late_muon,late,muon,2,selective_diag_vs_muon,primary,selective_diag,muon,normalized_loss_auc,AUC_0_128,1.0219280105476183,1.0194817747084906,0.0024462358391277306
late_muon,late,muon,2,selective_diag_vs_muon,primary,selective_diag,muon,normalized_heldout_loss,0,1.0,1.0,0.0
late_muon,late,muon,2,selective_diag_vs_muon,primary,selective_diag,muon,normalized_heldout_loss,16,1.0089356599126025,1.0117559657941781,-0.0028203058815756687
late_muon,late,muon,2,selective_diag_vs_muon,primary,selective_diag,muon,normalized_heldout_loss,32,1.0156262379786758,1.0177703569003307,-0.0021441189216548917
late_muon,late,muon,2,selective_diag_vs_muon,primary,selective_diag,muon,normalized_heldout_loss,48,1.0234058363146399,1.0200680453224895,0.003337790992150369
late_muon,late,muon,2,selective_diag_vs_muon,primary,selective_diag,muon,normalized_heldout_loss,64,1.0256956658276346,1.0213335702767716,0.004362095550862977
late_muon,late,muon,2,selective_diag_vs_muon,primary,selective_diag,muon,normalized_heldout_loss,80,1.0288356208105198,1.0230063952274289,0.005829225583090958
late_muon,late,muon,2,selective_diag_vs_muon,primary,selective_diag,muon,normalized_heldout_loss,96,1.0293980941664118,1.0249093739464652,0.004488720219946618
late_muon,late,muon,2,selective_diag_vs_muon,primary,selective_diag,muon,normalized_heldout_loss,112,1.0293205475831289,1.0246458599106136,0.004674687672515221
late_muon,late,muon,2,selective_diag_vs_muon,primary,selective_diag,muon,normalized_heldout_loss,128,1.0284128435746682,1.0247292605792946,0.0036835829953736354
late_muon,late,muon,2,selective_none_vs_muon,primary,selective_none,muon,normalized_loss_auc,AUC_0_128,1.020954623500512,1.0194817747084906,0.001472848792021475
late_muon,late,muon,2,selective_none_vs_muon,primary,selective_none,muon,normalized_heldout_loss,0,1.0,1.0,0.0
late_muon,late,muon,2,selective_none_vs_muon,primary,selective_none,muon,normalized_heldout_loss,16,1.0089979698352611,1.0117559657941781,-0.0027579959589170144
late_muon,late,muon,2,selective_none_vs_muon,primary,selective_none,muon,normalized_heldout_loss,32,1.0155534227794814,1.0177703569003307,-0.0022169341208493343
late_muon,late,muon,2,selective_none_vs_muon,primary,selective_none,muon,normalized_heldout_loss,48,1.021848569405876,1.0200680453224895,0.001780524083386581
late_muon,late,muon,2,selective_none_vs_muon,primary,selective_none,muon,normalized_heldout_loss,64,1.0241620558393139,1.0213335702767716,0.0028284855625422267
late_muon,late,muon,2,selective_none_vs_muon,primary,selective_none,muon,normalized_heldout_loss,80,1.0271021699891676,1.0230063952274289,0.004095774761738724
late_muon,late,muon,2,selective_none_vs_muon,primary,selective_none,muon,normalized_heldout_loss,96,1.028121903549693,1.0249093739464652,0.0032125296032277095
late_muon,late,muon,2,selective_none_vs_muon,primary,selective_none,muon,normalized_heldout_loss,112,1.0280984872081016,1.0246458599106136,0.0034526272974879646
late_muon,late,muon,2,selective_none_vs_muon,primary,selective_none,muon,normalized_heldout_loss,128,1.027504818794405,1.0247292605792946,0.0027755582151103297
late_muon,late,muon,2,selective_diag_vs_original_newton_muon,primary,selective_diag,original_newton_muon,normalized_loss_auc,AUC_0_128,1.0219280105476183,1.0230917305510443,-0.0011637200034260164
late_muon,late,muon,2,selective_diag_vs_original_newton_muon,primary,selective_diag,original_newton_muon,normalized_heldout_loss,0,1.0,1.0,0.0
late_muon,late,muon,2,selective_diag_vs_original_newton_muon,primary,selective_diag,original_newton_muon,normalized_heldout_loss,16,1.0089356599126025,1.0089853795420085,-4.971962940603092e-05
late_muon,late,muon,2,selective_diag_vs_original_newton_muon,primary,selective_diag,original_newton_muon,normalized_heldout_loss,32,1.0156262379786758,1.0157591978908613,-0.00013295991218553738
late_muon,late,muon,2,selective_diag_vs_original_newton_muon,primary,selective_diag,original_newton_muon,normalized_heldout_loss,48,1.0234058363146399,1.0250997520113194,-0.0016939156966795377
late_muon,late,muon,2,selective_diag_vs_original_newton_muon,primary,selective_diag,original_newton_muon,normalized_heldout_loss,64,1.0256956658276346,1.0277218209188765,-0.0020261550912419324
late_muon,late,muon,2,selective_diag_vs_original_newton_muon,primary,selective_diag,original_newton_muon,normalized_heldout_loss,80,1.0288356208105198,1.0308118156935038,-0.0019761948829839504
late_muon,late,muon,2,selective_diag_vs_original_newton_muon,primary,selective_diag,original_newton_muon,normalized_heldout_loss,96,1.0293980941664118,1.0310758910800097,-0.0016777969135979287
late_muon,late,muon,2,selective_diag_vs_original_newton_muon,primary,selective_diag,original_newton_muon,normalized_heldout_loss,112,1.0293205475831289,1.0306296173096163,-0.0013090697264874773
late_muon,late,muon,2,selective_diag_vs_original_newton_muon,primary,selective_diag,original_newton_muon,normalized_heldout_loss,128,1.0284128435746682,1.029300739924317,-0.000887896349648809
late_muon,late,muon,2,selective_none_vs_original_newton_muon,primary,selective_none,original_newton_muon,normalized_loss_auc,AUC_0_128,1.020954623500512,1.0230917305510443,-0.002137107050532272
late_muon,late,muon,2,selective_none_vs_original_newton_muon,primary,selective_none,original_newton_muon,normalized_heldout_loss,0,1.0,1.0,0.0
late_muon,late,muon,2,selective_none_vs_original_newton_muon,primary,selective_none,original_newton_muon,normalized_heldout_loss,16,1.0089979698352611,1.0089853795420085,1.2590293252623397e-05
late_muon,late,muon,2,selective_none_vs_original_newton_muon,primary,selective_none,original_newton_muon,normalized_heldout_loss,32,1.0155534227794814,1.0157591978908613,-0.00020577511137997995
late_muon,late,muon,2,selective_none_vs_original_newton_muon,primary,selective_none,original_newton_muon,normalized_heldout_loss,48,1.021848569405876,1.0250997520113194,-0.0032511826054433257
late_muon,late,muon,2,selective_none_vs_original_newton_muon,primary,selective_none,original_newton_muon,normalized_heldout_loss,64,1.0241620558393139,1.0277218209188765,-0.0035597650795626823
late_muon,late,muon,2,selective_none_vs_original_newton_muon,primary,selective_none,original_newton_muon,normalized_heldout_loss,80,1.0271021699891676,1.0308118156935038,-0.003709645704336184
late_muon,late,muon,2,selective_none_vs_original_newton_muon,primary,selective_none,original_newton_muon,normalized_heldout_loss,96,1.028121903549693,1.0310758910800097,-0.0029539875303168373
late_muon,late,muon,2,selective_none_vs_original_newton_muon,primary,selective_none,original_newton_muon,normalized_heldout_loss,112,1.0280984872081016,1.0306296173096163,-0.0025311301015147336
late_muon,late,muon,2,selective_none_vs_original_newton_muon,primary,selective_none,original_newton_muon,normalized_heldout_loss,128,1.027504818794405,1.029300739924317,-0.0017959211299121147
late_muon,late,muon,2,original_newton_muon_vs_muon,baseline,original_newton_muon,muon,normalized_loss_auc,AUC_0_128,1.0230917305510443,1.0194817747084906,0.003609955842553747
late_muon,late,muon,2,original_newton_muon_vs_muon,baseline,original_newton_muon,muon,normalized_heldout_loss,0,1.0,1.0,0.0
late_muon,late,muon,2,original_newton_muon_vs_muon,baseline,original_newton_muon,muon,normalized_heldout_loss,16,1.0089853795420085,1.0117559657941781,-0.002770586252169638
late_muon,late,muon,2,original_newton_muon_vs_muon,baseline,original_newton_muon,muon,normalized_heldout_loss,32,1.0157591978908613,1.0177703569003307,-0.0020111590094693543
late_muon,late,muon,2,original_newton_muon_vs_muon,baseline,original_newton_muon,muon,normalized_heldout_loss,48,1.0250997520113194,1.0200680453224895,0.005031706688829907
late_muon,late,muon,2,original_newton_muon_vs_muon,baseline,original_newton_muon,muon,normalized_heldout_loss,64,1.0277218209188765,1.0213335702767716,0.006388250642104909
late_muon,late,muon,2,original_newton_muon_vs_muon,baseline,original_newton_muon,muon,normalized_heldout_loss,80,1.0308118156935038,1.0230063952274289,0.007805420466074908
late_muon,late,muon,2,original_newton_muon_vs_muon,baseline,original_newton_muon,muon,normalized_heldout_loss,96,1.0310758910800097,1.0249093739464652,0.006166517133544547
late_muon,late,muon,2,original_newton_muon_vs_muon,baseline,original_newton_muon,muon,normalized_heldout_loss,112,1.0306296173096163,1.0246458599106136,0.005983757399002698
late_muon,late,muon,2,original_newton_muon_vs_muon,baseline,original_newton_muon,muon,normalized_heldout_loss,128,1.029300739924317,1.0247292605792946,0.0045714793450224445
late_newton_full,late,newton_full,0,selective_diag_vs_muon,primary,selective_diag,muon,normalized_loss_auc,AUC_0_128,1.0252137564240948,1.0291226875059512,-0.003908931081856304
late_newton_full,late,newton_full,0,selective_diag_vs_muon,primary,selective_diag,muon,normalized_heldout_loss,0,1.0,1.0,0.0
late_newton_full,late,newton_full,0,selective_diag_vs_muon,primary,selective_diag,muon,normalized_heldout_loss,16,1.010500349259514,1.0210040590916691,-0.010503709832155206
late_newton_full,late,newton_full,0,selective_diag_vs_muon,primary,selective_diag,muon,normalized_heldout_loss,32,1.016981613666969,1.0274474770500894,-0.0104658633831205
late_newton_full,late,newton_full,0,selective_diag_vs_muon,primary,selective_diag,muon,normalized_heldout_loss,48,1.0266680642381463,1.0309904807779247,-0.004322416539778384
late_newton_full,late,newton_full,0,selective_diag_vs_muon,primary,selective_diag,muon,normalized_heldout_loss,64,1.0292946718120768,1.0318175817159243,-0.0025229099038475145
late_newton_full,late,newton_full,0,selective_diag_vs_muon,primary,selective_diag,muon,normalized_heldout_loss,80,1.0323430312525255,1.0332130194985225,-0.0008699882459970443
late_newton_full,late,newton_full,0,selective_diag_vs_muon,primary,selective_diag,muon,normalized_heldout_loss,96,1.0334140137479426,1.0341336563750463,-0.0007196426271036671
late_newton_full,late,newton_full,0,selective_diag_vs_muon,primary,selective_diag,muon,normalized_heldout_loss,112,1.0348622605291942,1.0359136396842021,-0.0010513791550079699
late_newton_full,late,newton_full,0,selective_diag_vs_muon,primary,selective_diag,muon,normalized_heldout_loss,128,1.035292093772779,1.036923171708459,-0.0016310779356800698
late_newton_full,late,newton_full,0,selective_none_vs_muon,primary,selective_none,muon,normalized_loss_auc,AUC_0_128,1.024895542200391,1.0291226875059512,-0.0042271453055602315
late_newton_full,late,newton_full,0,selective_none_vs_muon,primary,selective_none,muon,normalized_heldout_loss,0,1.0,1.0,0.0
late_newton_full,late,newton_full,0,selective_none_vs_muon,primary,selective_none,muon,normalized_heldout_loss,16,1.0108636111593416,1.0210040590916691,-0.01014044793232749
late_newton_full,late,newton_full,0,selective_none_vs_muon,primary,selective_none,muon,normalized_heldout_loss,32,1.0173845623294209,1.0274474770500894,-0.010062914720668559
late_newton_full,late,newton_full,0,selective_none_vs_muon,primary,selective_none,muon,normalized_heldout_loss,48,1.0255108270449285,1.0309904807779247,-0.0054796537329961925
late_newton_full,late,newton_full,0,selective_none_vs_muon,primary,selective_none,muon,normalized_heldout_loss,64,1.028409721016461,1.0318175817159243,-0.0034078606994631944
late_newton_full,late,newton_full,0,selective_none_vs_muon,primary,selective_none,muon,normalized_heldout_loss,80,1.0314580804569098,1.0332130194985225,-0.0017549390416127242
late_newton_full,late,newton_full,0,selective_none_vs_muon,primary,selective_none,muon,normalized_heldout_loss,96,1.0330394699256753,1.0341336563750463,-0.0010941864493709819
late_newton_full,late,newton_full,0,selective_none_vs_muon,primary,selective_none,muon,normalized_heldout_loss,112,1.0347488812093582,1.0359136396842021,-0.0011647584748439854
late_newton_full,late,newton_full,0,selective_none_vs_muon,primary,selective_none,muon,normalized_heldout_loss,128,1.0354983689220643,1.036923171708459,-0.0014248027863947854
late_newton_full,late,newton_full,0,selective_diag_vs_original_newton_muon,primary,selective_diag,original_newton_muon,normalized_loss_auc,AUC_0_128,1.0252137564240948,1.0264990054305254,-0.0012852490064305666
late_newton_full,late,newton_full,0,selective_diag_vs_original_newton_muon,primary,selective_diag,original_newton_muon,normalized_heldout_loss,0,1.0,1.0,0.0
late_newton_full,late,newton_full,0,selective_diag_vs_original_newton_muon,primary,selective_diag,original_newton_muon,normalized_heldout_loss,16,1.010500349259514,1.0103532041859933,0.0001471450735206492
late_newton_full,late,newton_full,0,selective_diag_vs_original_newton_muon,primary,selective_diag,original_newton_muon,normalized_heldout_loss,32,1.016981613666969,1.017162044412368,-0.00018043074539897397
late_newton_full,late,newton_full,0,selective_diag_vs_original_newton_muon,primary,selective_diag,original_newton_muon,normalized_heldout_loss,48,1.0266680642381463,1.0287685021527668,-0.0021004379146205565
late_newton_full,late,newton_full,0,selective_diag_vs_original_newton_muon,primary,selective_diag,original_newton_muon,normalized_heldout_loss,64,1.0292946718120768,1.0316413116795102,-0.002346639867433442
late_newton_full,late,newton_full,0,selective_diag_vs_original_newton_muon,primary,selective_diag,original_newton_muon,normalized_heldout_loss,80,1.0323430312525255,1.0344668331483684,-0.002123801895842936
late_newton_full,late,newton_full,0,selective_diag_vs_original_newton_muon,primary,selective_diag,original_newton_muon,normalized_heldout_loss,96,1.0334140137479426,1.0353132973858745,-0.0018992836379319034
late_newton_full,late,newton_full,0,selective_diag_vs_original_newton_muon,primary,selective_diag,original_newton_muon,normalized_heldout_loss,112,1.0348622605291942,1.0361996084132736,-0.001337347884079465
late_newton_full,late,newton_full,0,selective_diag_vs_original_newton_muon,primary,selective_diag,original_newton_muon,normalized_heldout_loss,128,1.035292093772779,1.0361744841320961,-0.0008823903593171423
late_newton_full,late,newton_full,0,selective_none_vs_original_newton_muon,primary,selective_none,original_newton_muon,normalized_loss_auc,AUC_0_128,1.024895542200391,1.0264990054305254,-0.0016034632301344942
late_newton_full,late,newton_full,0,selective_none_vs_original_newton_muon,primary,selective_none,original_newton_muon,normalized_heldout_loss,0,1.0,1.0,0.0
late_newton_full,late,newton_full,0,selective_none_vs_original_newton_muon,primary,selective_none,original_newton_muon,normalized_heldout_loss,16,1.0108636111593416,1.0103532041859933,0.0005104069733483652
late_newton_full,late,newton_full,0,selective_none_vs_original_newton_muon,primary,selective_none,original_newton_muon,normalized_heldout_loss,32,1.0173845623294209,1.017162044412368,0.00022251791705296675
late_newton_full,late,newton_full,0,selective_none_vs_original_newton_muon,primary,selective_none,original_newton_muon,normalized_heldout_loss,48,1.0255108270449285,1.0287685021527668,-0.0032576751078383648
late_newton_full,late,newton_full,0,selective_none_vs_original_newton_muon,primary,selective_none,original_newton_muon,normalized_heldout_loss,64,1.028409721016461,1.0316413116795102,-0.003231590663049122
late_newton_full,late,newton_full,0,selective_none_vs_original_newton_muon,primary,selective_none,original_newton_muon,normalized_heldout_loss,80,1.0314580804569098,1.0344668331483684,-0.003008752691458616
late_newton_full,late,newton_full,0,selective_none_vs_original_newton_muon,primary,selective_none,original_newton_muon,normalized_heldout_loss,96,1.0330394699256753,1.0353132973858745,-0.002273827460199218
late_newton_full,late,newton_full,0,selective_none_vs_original_newton_muon,primary,selective_none,original_newton_muon,normalized_heldout_loss,112,1.0347488812093582,1.0361996084132736,-0.0014507272039154806
late_newton_full,late,newton_full,0,selective_none_vs_original_newton_muon,primary,selective_none,original_newton_muon,normalized_heldout_loss,128,1.0354983689220643,1.0361744841320961,-0.0006761152100318579
late_newton_full,late,newton_full,0,original_newton_muon_vs_muon,baseline,original_newton_muon,muon,normalized_loss_auc,AUC_0_128,1.0264990054305254,1.0291226875059512,-0.0026236820754257373
late_newton_full,late,newton_full,0,original_newton_muon_vs_muon,baseline,original_newton_muon,muon,normalized_heldout_loss,0,1.0,1.0,0.0
late_newton_full,late,newton_full,0,original_newton_muon_vs_muon,baseline,original_newton_muon,muon,normalized_heldout_loss,16,1.0103532041859933,1.0210040590916691,-0.010650854905675855
late_newton_full,late,newton_full,0,original_newton_muon_vs_muon,baseline,original_newton_muon,muon,normalized_heldout_loss,32,1.017162044412368,1.0274474770500894,-0.010285432637721525
late_newton_full,late,newton_full,0,original_newton_muon_vs_muon,baseline,original_newton_muon,muon,normalized_heldout_loss,48,1.0287685021527668,1.0309904807779247,-0.0022219786251578277
late_newton_full,late,newton_full,0,original_newton_muon_vs_muon,baseline,original_newton_muon,muon,normalized_heldout_loss,64,1.0316413116795102,1.0318175817159243,-0.00017627003641407235
late_newton_full,late,newton_full,0,original_newton_muon_vs_muon,baseline,original_newton_muon,muon,normalized_heldout_loss,80,1.0344668331483684,1.0332130194985225,0.0012538136498458918
late_newton_full,late,newton_full,0,original_newton_muon_vs_muon,baseline,original_newton_muon,muon,normalized_heldout_loss,96,1.0353132973858745,1.0341336563750463,0.0011796410108282362
late_newton_full,late,newton_full,0,original_newton_muon_vs_muon,baseline,original_newton_muon,muon,normalized_heldout_loss,112,1.0361996084132736,1.0359136396842021,0.0002859687290714952
late_newton_full,late,newton_full,0,original_newton_muon_vs_muon,baseline,original_newton_muon,muon,normalized_heldout_loss,128,1.0361744841320961,1.036923171708459,-0.0007486875763629275
late_newton_full,late,newton_full,1,selective_diag_vs_muon,primary,selective_diag,muon,normalized_loss_auc,AUC_0_128,1.0253252368892714,1.0284614028994197,-0.0031361660101483224
late_newton_full,late,newton_full,1,selective_diag_vs_muon,primary,selective_diag,muon,normalized_heldout_loss,0,1.0,1.0,0.0
late_newton_full,late,newton_full,1,selective_diag_vs_muon,primary,selective_diag,muon,normalized_heldout_loss,16,1.009591477365659,1.022897326889626,-0.013305849523967073
late_newton_full,late,newton_full,1,selective_diag_vs_muon,primary,selective_diag,muon,normalized_heldout_loss,32,1.0169739679112326,1.027115126646712,-0.010141158735479383
late_newton_full,late,newton_full,1,selective_diag_vs_muon,primary,selective_diag,muon,normalized_heldout_loss,48,1.0281159960621327,1.0309744791125743,-0.0028584830504416736
late_newton_full,late,newton_full,1,selective_diag_vs_muon,primary,selective_diag,muon,normalized_heldout_loss,64,1.0302638035245528,1.0318477814048335,-0.0015839778802806403
late_newton_full,late,newton_full,1,selective_diag_vs_muon,primary,selective_diag,muon,normalized_heldout_loss,80,1.0327031263506878,1.032549128501216,0.00015399784947178752
late_newton_full,late,newton_full,1,selective_diag_vs_muon,primary,selective_diag,muon,normalized_heldout_loss,96,1.0332032112399618,1.032587997216378,0.0006152140235837766
late_newton_full,late,newton_full,1,selective_diag_vs_muon,primary,selective_diag,muon,normalized_heldout_loss,112,1.0346633533937364,1.0334443527488266,0.0012190006449097623
late_newton_full,late,newton_full,1,selective_diag_vs_muon,primary,selective_diag,muon,normalized_heldout_loss,128,1.0341739185324168,1.03255006135038,0.0016238571820368364
late_newton_full,late,newton_full,1,selective_none_vs_muon,primary,selective_none,muon,normalized_loss_auc,AUC_0_128,1.0244671614161769,1.0284614028994197,-0.003994241483242789
late_newton_full,late,newton_full,1,selective_none_vs_muon,primary,selective_none,muon,normalized_heldout_loss,0,1.0,1.0,0.0
late_newton_full,late,newton_full,1,selective_none_vs_muon,primary,selective_none,muon,normalized_heldout_loss,16,1.0104786169205155,1.022897326889626,-0.01241870996911043
late_newton_full,late,newton_full,1,selective_none_vs_muon,primary,selective_none,muon,normalized_heldout_loss,32,1.0170542706767571,1.027115126646712,-0.010060855969954874
late_newton_full,late,newton_full,1,selective_none_vs_muon,primary,selective_none,muon,normalized_heldout_loss,48,1.0259845134600807,1.0309744791125743,-0.004989965652493655
late_newton_full,late,newton_full,1,selective_none_vs_muon,primary,selective_none,muon,normalized_heldout_loss,64,1.0285105912584571,1.0318477814048335,-0.0033371901463763454
late_newton_full,late,newton_full,1,selective_none_vs_muon,primary,selective_none,muon,normalized_heldout_loss,80,1.031082845090446,1.032549128501216,-0.0014662834107701528
late_newton_full,late,newton_full,1,selective_none_vs_muon,primary,selective_none,muon,normalized_heldout_loss,96,1.0318721132205249,1.032587997216378,-0.0007158839958532059
late_newton_full,late,newton_full,1,selective_none_vs_muon,primary,selective_none,muon,normalized_heldout_loss,112,1.0338972510178939,1.0334443527488266,0.00045289826906724784
late_newton_full,late,newton_full,1,selective_none_vs_muon,primary,selective_none,muon,normalized_heldout_loss,128,1.033714179369481,1.03255006135038,0.0011641180191011014
late_newton_full,late,newton_full,1,selective_diag_vs_original_newton_muon,primary,selective_diag,original_newton_muon,normalized_loss_auc,AUC_0_128,1.0253252368892714,1.0270194270113937,-0.001694190122122352
late_newton_full,late,newton_full,1,selective_diag_vs_original_newton_muon,primary,selective_diag,original_newton_muon,normalized_heldout_loss,0,1.0,1.0,0.0
late_newton_full,late,newton_full,1,selective_diag_vs_original_newton_muon,primary,selective_diag,original_newton_muon,normalized_heldout_loss,16,1.009591477365659,1.0096747341535357,-8.325678787679536e-05
late_newton_full,late,newton_full,1,selective_diag_vs_original_newton_muon,primary,selective_diag,original_newton_muon,normalized_heldout_loss,32,1.0169739679112326,1.017250557688325,-0.0002765897770924397
late_newton_full,late,newton_full,1,selective_diag_vs_original_newton_muon,primary,selective_diag,original_newton_muon,normalized_heldout_loss,48,1.0281159960621327,1.030652101989021,-0.0025361059268882435
late_newton_full,late,newton_full,1,selective_diag_vs_original_newton_muon,primary,selective_diag,original_newton_muon,normalized_heldout_loss,64,1.0302638035245528,1.0331012974688072,-0.0028374939442543656
late_newton_full,late,newton_full,1,selective_diag_vs_original_newton_muon,primary,selective_diag,original_newton_muon,normalized_heldout_loss,80,1.0327031263506878,1.0353999155460556,-0.0026967891953677547
late_newton_full,late,newton_full,1,selective_diag_vs_original_newton_muon,primary,selective_diag,original_newton_muon,normalized_heldout_loss,96,1.0332032112399618,1.035677904596894,-0.0024746933569321783
late_newton_full,late,newton_full,1,selective_diag_vs_original_newton_muon,primary,selective_diag,original_newton_muon,normalized_heldout_loss,112,1.0346633533937364,1.0365876657439752,-0.0019243123502388215
late_newton_full,late,newton_full,1,selective_diag_vs_original_newton_muon,primary,selective_diag,original_newton_muon,normalized_heldout_loss,128,1.0341739185324168,1.0356224778090732,-0.001448559276656436
late_newton_full,late,newton_full,1,selective_none_vs_original_newton_muon,primary,selective_none,original_newton_muon,normalized_loss_auc,AUC_0_128,1.0244671614161769,1.0270194270113937,-0.0025522655952168183
late_newton_full,late,newton_full,1,selective_none_vs_original_newton_muon,primary,selective_none,original_newton_muon,normalized_heldout_loss,0,1.0,1.0,0.0
late_newton_full,late,newton_full,1,selective_none_vs_original_newton_muon,primary,selective_none,original_newton_muon,normalized_heldout_loss,16,1.0104786169205155,1.0096747341535357,0.0008038827669798465
late_newton_full,late,newton_full,1,selective_none_vs_original_newton_muon,primary,selective_none,original_newton_muon,normalized_heldout_loss,32,1.0170542706767571,1.017250557688325,-0.0001962870115679305
late_newton_full,late,newton_full,1,selective_none_vs_original_newton_muon,primary,selective_none,original_newton_muon,normalized_heldout_loss,48,1.0259845134600807,1.030652101989021,-0.004667588528940225
late_newton_full,late,newton_full,1,selective_none_vs_original_newton_muon,primary,selective_none,original_newton_muon,normalized_heldout_loss,64,1.0285105912584571,1.0331012974688072,-0.004590706210350071
late_newton_full,late,newton_full,1,selective_none_vs_original_newton_muon,primary,selective_none,original_newton_muon,normalized_heldout_loss,80,1.031082845090446,1.0353999155460556,-0.004317070455609695
late_newton_full,late,newton_full,1,selective_none_vs_original_newton_muon,primary,selective_none,original_newton_muon,normalized_heldout_loss,96,1.0318721132205249,1.035677904596894,-0.003805791376369161
late_newton_full,late,newton_full,1,selective_none_vs_original_newton_muon,primary,selective_none,original_newton_muon,normalized_heldout_loss,112,1.0338972510178939,1.0365876657439752,-0.002690414726081336
late_newton_full,late,newton_full,1,selective_none_vs_original_newton_muon,primary,selective_none,original_newton_muon,normalized_heldout_loss,128,1.033714179369481,1.0356224778090732,-0.001908298439592171
late_newton_full,late,newton_full,1,original_newton_muon_vs_muon,baseline,original_newton_muon,muon,normalized_loss_auc,AUC_0_128,1.0270194270113937,1.0284614028994197,-0.0014419758880259703
late_newton_full,late,newton_full,1,original_newton_muon_vs_muon,baseline,original_newton_muon,muon,normalized_heldout_loss,0,1.0,1.0,0.0
late_newton_full,late,newton_full,1,original_newton_muon_vs_muon,baseline,original_newton_muon,muon,normalized_heldout_loss,16,1.0096747341535357,1.022897326889626,-0.013222592736090277
late_newton_full,late,newton_full,1,original_newton_muon_vs_muon,baseline,original_newton_muon,muon,normalized_heldout_loss,32,1.017250557688325,1.027115126646712,-0.009864568958386943
late_newton_full,late,newton_full,1,original_newton_muon_vs_muon,baseline,original_newton_muon,muon,normalized_heldout_loss,48,1.030652101989021,1.0309744791125743,-0.00032237712355343007
late_newton_full,late,newton_full,1,original_newton_muon_vs_muon,baseline,original_newton_muon,muon,normalized_heldout_loss,64,1.0331012974688072,1.0318477814048335,0.0012535160639737253
late_newton_full,late,newton_full,1,original_newton_muon_vs_muon,baseline,original_newton_muon,muon,normalized_heldout_loss,80,1.0353999155460556,1.032549128501216,0.0028507870448395423
late_newton_full,late,newton_full,1,original_newton_muon_vs_muon,baseline,original_newton_muon,muon,normalized_heldout_loss,96,1.035677904596894,1.032587997216378,0.003089907380515955
late_newton_full,late,newton_full,1,original_newton_muon_vs_muon,baseline,original_newton_muon,muon,normalized_heldout_loss,112,1.0365876657439752,1.0334443527488266,0.003143312995148584
late_newton_full,late,newton_full,1,original_newton_muon_vs_muon,baseline,original_newton_muon,muon,normalized_heldout_loss,128,1.0356224778090732,1.03255006135038,0.0030724164586932723
late_newton_full,late,newton_full,2,selective_diag_vs_muon,primary,selective_diag,muon,normalized_loss_auc,AUC_0_128,1.0245579252440895,1.028233778732806,-0.003675853488716463
late_newton_full,late,newton_full,2,selective_diag_vs_muon,primary,selective_diag,muon,normalized_heldout_loss,0,1.0,1.0,0.0
late_newton_full,late,newton_full,2,selective_diag_vs_muon,primary,selective_diag,muon,normalized_heldout_loss,16,1.0104801411803335,1.0199280782147615,-0.009447937034428033
late_newton_full,late,newton_full,2,selective_diag_vs_muon,primary,selective_diag,muon,normalized_heldout_loss,32,1.0175569021118942,1.0277831086033984,-0.010226206491504186
late_newton_full,late,newton_full,2,selective_diag_vs_muon,primary,selective_diag,muon,normalized_heldout_loss,48,1.0264831420377327,1.0306524826651808,-0.004169340627448115
late_newton_full,late,newton_full,2,selective_diag_vs_muon,primary,selective_diag,muon,normalized_heldout_loss,64,1.0286747974257402,1.0327592533696701,-0.004084455943929921
late_newton_full,late,newton_full,2,selective_diag_vs_muon,primary,selective_diag,muon,normalized_heldout_loss,80,1.0316898822013205,1.031767573267591,-7.769106627053546e-05
late_newton_full,late,newton_full,2,selective_diag_vs_muon,primary,selective_diag,muon,normalized_heldout_loss,96,1.032755576631966,1.0328797864231025,-0.0001242097911364759
late_newton_full,late,newton_full,2,selective_diag_vs_muon,primary,selective_diag,muon,normalized_heldout_loss,112,1.0327148927299785,1.0334748584276143,-0.0007599656976358116
late_newton_full,late,newton_full,2,selective_diag_vs_muon,primary,selective_diag,muon,normalized_heldout_loss,128,1.0322161352675,1.0332501777822574,-0.0010340425147574717
late_newton_full,late,newton_full,2,selective_none_vs_muon,primary,selective_none,muon,normalized_loss_auc,AUC_0_128,1.0242224878709618,1.028233778732806,-0.004011290861844152
late_newton_full,late,newton_full,2,selective_none_vs_muon,primary,selective_none,muon,normalized_heldout_loss,0,1.0,1.0,0.0
late_newton_full,late,newton_full,2,selective_none_vs_muon,primary,selective_none,muon,normalized_heldout_loss,16,1.0109584367981976,1.0199280782147615,-0.008969641416563867
late_newton_full,late,newton_full,2,selective_none_vs_muon,primary,selective_none,muon,normalized_heldout_loss,32,1.0180618940426538,1.0277831086033984,-0.009721214560744595
late_newton_full,late,newton_full,2,selective_none_vs_muon,primary,selective_none,muon,normalized_heldout_loss,48,1.025383797464186,1.0306524826651808,-0.005268685200994883
late_newton_full,late,newton_full,2,selective_none_vs_muon,primary,selective_none,muon,normalized_heldout_loss,64,1.0276679307983612,1.0327592533696701,-0.005091322571308954
late_newton_full,late,newton_full,2,selective_none_vs_muon,primary,selective_none,muon,normalized_heldout_loss,80,1.0307996321024282,1.031767573267591,-0.0009679411651628556
late_newton_full,late,newton_full,2,selective_none_vs_muon,primary,selective_none,muon,normalized_heldout_loss,96,1.0322820767589334,1.0328797864231025,-0.0005977096641691659
late_newton_full,late,newton_full,2,selective_none_vs_muon,primary,selective_none,muon,normalized_heldout_loss,112,1.0325252210218916,1.0334748584276143,-0.0009496374057227364
late_newton_full,late,newton_full,2,selective_none_vs_muon,primary,selective_none,muon,normalized_heldout_loss,128,1.0322018279620857,1.0332501777822574,-0.0010483498201716568
late_newton_full,late,newton_full,2,selective_diag_vs_original_newton_muon,primary,selective_diag,original_newton_muon,normalized_loss_auc,AUC_0_128,1.0245579252440895,1.0258061427256824,-0.0012482174815928726
late_newton_full,late,newton_full,2,selective_diag_vs_original_newton_muon,primary,selective_diag,original_newton_muon,normalized_heldout_loss,0,1.0,1.0,0.0
late_newton_full,late,newton_full,2,selective_diag_vs_original_newton_muon,primary,selective_diag,original_newton_muon,normalized_heldout_loss,16,1.0104801411803335,1.0104353009661589,4.4840214174612925e-05
late_newton_full,late,newton_full,2,selective_diag_vs_original_newton_muon,primary,selective_diag,original_newton_muon,normalized_heldout_loss,32,1.0175569021118942,1.0176628880726708,-0.00010598596077660005
late_newton_full,late,newton_full,2,selective_diag_vs_original_newton_muon,primary,selective_diag,original_newton_muon,normalized_heldout_loss,48,1.0264831420377327,1.0284677011780987,-0.0019845591403659935
late_newton_full,late,newton_full,2,selective_diag_vs_original_newton_muon,primary,selective_diag,original_newton_muon,normalized_heldout_loss,64,1.0286747974257402,1.0309115328151637,-0.002236735389423483
late_newton_full,late,newton_full,2,selective_diag_vs_original_newton_muon,primary,selective_diag,original_newton_muon,normalized_heldout_loss,80,1.0316898822013205,1.0338498856734397,-0.0021600034721191985
late_newton_full,late,newton_full,2,selective_diag_vs_original_newton_muon,primary,selective_diag,original_newton_muon,normalized_heldout_loss,96,1.032755576631966,1.0345713255542621,-0.0018157489222960788
late_newton_full,late,newton_full,2,selective_diag_vs_original_newton_muon,primary,selective_diag,original_newton_muon,normalized_heldout_loss,112,1.0327148927299785,1.0339966354652843,-0.0012817427353057909
late_newton_full,late,newton_full,2,selective_diag_vs_original_newton_muon,primary,selective_diag,original_newton_muon,normalized_heldout_loss,128,1.0322161352675,1.033107744160761,-0.0008916088932611199
late_newton_full,late,newton_full,2,selective_none_vs_original_newton_muon,primary,selective_none,original_newton_muon,normalized_loss_auc,AUC_0_128,1.0242224878709618,1.0258061427256824,-0.001583654854720562
late_newton_full,late,newton_full,2,selective_none_vs_original_newton_muon,primary,selective_none,original_newton_muon,normalized_heldout_loss,0,1.0,1.0,0.0
late_newton_full,late,newton_full,2,selective_none_vs_original_newton_muon,primary,selective_none,original_newton_muon,normalized_heldout_loss,16,1.0109584367981976,1.0104353009661589,0.0005231358320387791
late_newton_full,late,newton_full,2,selective_none_vs_original_newton_muon,primary,selective_none,original_newton_muon,normalized_heldout_loss,32,1.0180618940426538,1.0176628880726708,0.00039900596998299065
late_newton_full,late,newton_full,2,selective_none_vs_original_newton_muon,primary,selective_none,original_newton_muon,normalized_heldout_loss,48,1.025383797464186,1.0284677011780987,-0.003083903713912761
late_newton_full,late,newton_full,2,selective_none_vs_original_newton_muon,primary,selective_none,original_newton_muon,normalized_heldout_loss,64,1.0276679307983612,1.0309115328151637,-0.003243602016802516
late_newton_full,late,newton_full,2,selective_none_vs_original_newton_muon,primary,selective_none,original_newton_muon,normalized_heldout_loss,80,1.0307996321024282,1.0338498856734397,-0.0030502535710115186
late_newton_full,late,newton_full,2,selective_none_vs_original_newton_muon,primary,selective_none,original_newton_muon,normalized_heldout_loss,96,1.0322820767589334,1.0345713255542621,-0.002289248795328769
late_newton_full,late,newton_full,2,selective_none_vs_original_newton_muon,primary,selective_none,original_newton_muon,normalized_heldout_loss,112,1.0325252210218916,1.0339966354652843,-0.0014714144433927157
late_newton_full,late,newton_full,2,selective_none_vs_original_newton_muon,primary,selective_none,original_newton_muon,normalized_heldout_loss,128,1.0322018279620857,1.033107744160761,-0.000905916198675305
late_newton_full,late,newton_full,2,original_newton_muon_vs_muon,baseline,original_newton_muon,muon,normalized_loss_auc,AUC_0_128,1.0258061427256824,1.028233778732806,-0.0024276360071235903
late_newton_full,late,newton_full,2,original_newton_muon_vs_muon,baseline,original_newton_muon,muon,normalized_heldout_loss,0,1.0,1.0,0.0
late_newton_full,late,newton_full,2,original_newton_muon_vs_muon,baseline,original_newton_muon,muon,normalized_heldout_loss,16,1.0104353009661589,1.0199280782147615,-0.009492777248602646
late_newton_full,late,newton_full,2,original_newton_muon_vs_muon,baseline,original_newton_muon,muon,normalized_heldout_loss,32,1.0176628880726708,1.0277831086033984,-0.010120220530727586
late_newton_full,late,newton_full,2,original_newton_muon_vs_muon,baseline,original_newton_muon,muon,normalized_heldout_loss,48,1.0284677011780987,1.0306524826651808,-0.0021847814870821214
late_newton_full,late,newton_full,2,original_newton_muon_vs_muon,baseline,original_newton_muon,muon,normalized_heldout_loss,64,1.0309115328151637,1.0327592533696701,-0.001847720554506438
late_newton_full,late,newton_full,2,original_newton_muon_vs_muon,baseline,original_newton_muon,muon,normalized_heldout_loss,80,1.0338498856734397,1.031767573267591,0.002082312405848663
late_newton_full,late,newton_full,2,original_newton_muon_vs_muon,baseline,original_newton_muon,muon,normalized_heldout_loss,96,1.0345713255542621,1.0328797864231025,0.0016915391311596029
late_newton_full,late,newton_full,2,original_newton_muon_vs_muon,baseline,original_newton_muon,muon,normalized_heldout_loss,112,1.0339966354652843,1.0334748584276143,0.0005217770376699793
late_newton_full,late,newton_full,2,original_newton_muon_vs_muon,baseline,original_newton_muon,muon,normalized_heldout_loss,128,1.033107744160761,1.0332501777822574,-0.00014243362149635175
