evidence_id,experiment_id,experiment_ids,workstream,integrity_status,scientific_status,claim_eligibility,paper_role,package_path,package_sha256,source_alias,source_relpath,source_sha256,source_hash_basis,transformation,tier
accepted_result_anchors,,,,hash_anchored,accepted_result_anchor_snapshot,provenance_only,binds_public_source_to_accepted_archives,provenance/public_source/accepted_result_anchors.json,bd245c11cee86de4eefc6ea17911524299fd2d8667593c2304c690f1b99ef1fc,source,provenance/accepted_result_anchors.json,bd245c11cee86de4eefc6ea17911524299fd2d8667593c2304c690f1b99ef1fc,selection_anchor,text_identity,
public_experiment_catalog,,,,hash_anchored,catalog_snapshot,provenance_only,maps_public_experiment_records,provenance/public_source/catalog.json,a416e743cc29114401a211a391d57c0cfb357387b3c894cc6e9bcc1ab1bdf9cd,source,experiments/catalog.json,a416e743cc29114401a211a391d57c0cfb357387b3c894cc6e9bcc1ab1bdf9cd,selection_anchor,text_identity,
discovery_60run__COMPLETE_60RUN_ANALYSIS_20260718_md__ef37136b0e,01_scale_up,01_scale_up;02_long_token_budget;04_dataset_generalization;12_paper_block4_correction,discovery_regime_map,accepted_compact_analysis,multi_experiment_60_run_regime_map,claim_eligible_with_original_scope,discovery_and_regime_map,results/01_discovery_regime_map/60run/COMPLETE_60RUN_ANALYSIS_20260718.md,06b290a6a627179b4e4e83c7ceeeb32a31e035cb57b971981a7433eea2b477ac,results,paper_evidence_20260720/01_core_evidence/60run_local_reference_pipeline/COMPLETE_60RUN_ANALYSIS_20260718.md,06b290a6a627179b4e4e83c7ceeeb32a31e035cb57b971981a7433eea2b477ac,observed_after_record_anchor_verification,text_identity,core
discovery_60run__batch_metadata_json__bc2a3c523b,01_scale_up,01_scale_up;02_long_token_budget;04_dataset_generalization;12_paper_block4_correction,discovery_regime_map,accepted_compact_analysis,multi_experiment_60_run_regime_map,claim_eligible_with_original_scope,discovery_and_regime_map,results/01_discovery_regime_map/60run/batch_metadata.json,91d511e5f1c601405427f541f5f1c0be619951a79f3875c705cca0bcc8e5d428,results,paper_evidence_20260720/01_core_evidence/60run_local_reference_pipeline/batch_metadata.json,91d511e5f1c601405427f541f5f1c0be619951a79f3875c705cca0bcc8e5d428,selection_anchor,text_identity,core
discovery_60run__data_quality_profile_csv__e5afca7024,01_scale_up,01_scale_up;02_long_token_budget;04_dataset_generalization;12_paper_block4_correction,discovery_regime_map,accepted_compact_analysis,multi_experiment_60_run_regime_map,claim_eligible_with_original_scope,discovery_and_regime_map,results/01_discovery_regime_map/60run/data_quality_profile.csv,edb94011fe86c0ee9e4b236dc191da415317c8913b25358cae89ddb652b14185,results,paper_evidence_20260720/01_core_evidence/60run_local_reference_pipeline/data_quality_profile.csv,edb94011fe86c0ee9e4b236dc191da415317c8913b25358cae89ddb652b14185,observed_after_record_anchor_verification,text_identity,core
discovery_60run__method_seed_aggregate_csv__13835dfd66,01_scale_up,01_scale_up;02_long_token_budget;04_dataset_generalization;12_paper_block4_correction,discovery_regime_map,accepted_compact_analysis,multi_experiment_60_run_regime_map,claim_eligible_with_original_scope,discovery_and_regime_map,results/01_discovery_regime_map/60run/method_seed_aggregate.csv,2c043c5728bf12c0ccb284c0f92f2dd47386e785150f8f7a2d7d7bade9909e1d,results,paper_evidence_20260720/01_core_evidence/60run_local_reference_pipeline/method_seed_aggregate.csv,2c043c5728bf12c0ccb284c0f92f2dd47386e785150f8f7a2d7d7bade9909e1d,observed_after_record_anchor_verification,text_identity,core
discovery_60run__paired_seed_summary_csv__45912db5c4,01_scale_up,01_scale_up;02_long_token_budget;04_dataset_generalization;12_paper_block4_correction,discovery_regime_map,accepted_compact_analysis,multi_experiment_60_run_regime_map,claim_eligible_with_original_scope,discovery_and_regime_map,results/01_discovery_regime_map/60run/paired_seed_summary.csv,8026963f310327a414676b8a2e4b1c5a75137dce8518298543144c5a52af972f,results,paper_evidence_20260720/01_core_evidence/60run_local_reference_pipeline/paired_seed_summary.csv,8026963f310327a414676b8a2e4b1c5a75137dce8518298543144c5a52af972f,observed_after_record_anchor_verification,text_identity,core
discovery_60run__pairwise_validation_summary_csv__fdb09eca5b,01_scale_up,01_scale_up;02_long_token_budget;04_dataset_generalization;12_paper_block4_correction,discovery_regime_map,accepted_compact_analysis,multi_experiment_60_run_regime_map,claim_eligible_with_original_scope,discovery_and_regime_map,results/01_discovery_regime_map/60run/pairwise_validation_summary.csv,be941da4a14e62a5e3637da42c254b003eb9dbe59677fbcdde9051b36ed21e07,results,paper_evidence_20260720/01_core_evidence/60run_local_reference_pipeline/pairwise_validation_summary.csv,be941da4a14e62a5e3637da42c254b003eb9dbe59677fbcdde9051b36ed21e07,observed_after_record_anchor_verification,text_identity,core
discovery_60run__run_summary_csv__9b89722bb5,01_scale_up,01_scale_up;02_long_token_budget;04_dataset_generalization;12_paper_block4_correction,discovery_regime_map,accepted_compact_analysis,multi_experiment_60_run_regime_map,claim_eligible_with_original_scope,discovery_and_regime_map,results/01_discovery_regime_map/60run/run_summary.csv,4373b2c049f69e46f078de0cb08cb304c35a3e603f52bf6942a4b771e6f0d3fa,results,paper_evidence_20260720/01_core_evidence/60run_local_reference_pipeline/run_summary.csv,4373b2c049f69e46f078de0cb08cb304c35a3e603f52bf6942a4b771e6f0d3fa,observed_after_record_anchor_verification,text_identity,core
discovery_60run__source_manifest_csv__a14f9df1fa,01_scale_up,01_scale_up;02_long_token_budget;04_dataset_generalization;12_paper_block4_correction,discovery_regime_map,accepted_compact_analysis,multi_experiment_60_run_regime_map,claim_eligible_with_original_scope,discovery_and_regime_map,results/01_discovery_regime_map/60run/source_manifest.csv,a8201e649b7a5258aaa21a23dabed64d5922d560a3d2717d048b8564cde1e983,results,paper_evidence_20260720/01_core_evidence/60run_local_reference_pipeline/source_manifest.csv,1a9bc7bd15995b01bfea0c259c869fb9220864cd1876f0c29af3627a337eeef4,observed_after_record_anchor_verification,submission_sanitized,core
discovery_60run__threshold_crossings_csv__4a92c3e466,01_scale_up,01_scale_up;02_long_token_budget;04_dataset_generalization;12_paper_block4_correction,discovery_regime_map,accepted_compact_analysis,multi_experiment_60_run_regime_map,claim_eligible_with_original_scope,discovery_and_regime_map,results/01_discovery_regime_map/60run/threshold_crossings.csv,c172618bc7c8a46b12847c10ec4d50e68a92228afa3a0668eae6152e301c3e16,results,paper_evidence_20260720/01_core_evidence/60run_local_reference_pipeline/threshold_crossings.csv,c172618bc7c8a46b12847c10ec4d50e68a92228afa3a0668eae6152e301c3e16,observed_after_record_anchor_verification,text_identity,core
discovery_60run__validation_loss_aligned_csv__b5202589a4,01_scale_up,01_scale_up;02_long_token_budget;04_dataset_generalization;12_paper_block4_correction,discovery_regime_map,accepted_compact_analysis,multi_experiment_60_run_regime_map,claim_eligible_with_original_scope,discovery_and_regime_map,results/01_discovery_regime_map/60run/validation_loss_aligned.csv,6b2e9e2a4ffd0f87bdfe4e95aec53b163903b045e41141088ca1f97953f63ed1,results,paper_evidence_20260720/01_core_evidence/60run_local_reference_pipeline/validation_loss_aligned.csv,6b2e9e2a4ffd0f87bdfe4e95aec53b163903b045e41141088ca1f97953f63ed1,observed_after_record_anchor_verification,text_identity,core
ex15_r1_controlled_multiseed__R1_MULTISEED_FACTORIAL_ANALYSIS_20260721_md__e95ee9817a,15_official_newton_muon_r1,15_official_newton_muon_r1,main_quality,accepted,three_seed_controlled_core,claim_eligible,primary_124m_controlled_result,results/02_main_quality/ex15_r1_124m/R1_MULTISEED_FACTORIAL_ANALYSIS_20260721.md,8e99e63825bb2b463b4af00ac6e221358dec58cbd53e20591abb21fc3d028d8b,results,15_official_newton_muon_r1/analysis/wandb_20260721_multiseed_factorial/R1_MULTISEED_FACTORIAL_ANALYSIS_20260721.md,8e99e63825bb2b463b4af00ac6e221358dec58cbd53e20591abb21fc3d028d8b,observed_after_record_anchor_verification,text_identity,core
ex15_r1_controlled_multiseed__analysis_manifest_json__ddce9c913c,15_official_newton_muon_r1,15_official_newton_muon_r1,main_quality,accepted,three_seed_controlled_core,claim_eligible,primary_124m_controlled_result,results/02_main_quality/ex15_r1_124m/analysis_manifest.json,7b5455a0245768e2d04adf134d7b66cbc4d74bf8c9134beb2dc8b9ac0c7f35ab,results,15_official_newton_muon_r1/analysis/wandb_20260721_multiseed_factorial/analysis_manifest.json,7b5455a0245768e2d04adf134d7b66cbc4d74bf8c9134beb2dc8b9ac0c7f35ab,selection_anchor,text_identity,core
ex15_r1_controlled_multiseed__data_quality_checks_csv__503b939b2b,15_official_newton_muon_r1,15_official_newton_muon_r1,main_quality,accepted,three_seed_controlled_core,claim_eligible,primary_124m_controlled_result,results/02_main_quality/ex15_r1_124m/data_quality_checks.csv,4c6dbe472358c3c8eb116464b889100d5cd4d3bb01402c5a2d838702b0ff90b9,results,15_official_newton_muon_r1/analysis/wandb_20260721_multiseed_factorial/data_quality_checks.csv,4c6dbe472358c3c8eb116464b889100d5cd4d3bb01402c5a2d838702b0ff90b9,observed_after_record_anchor_verification,text_identity,core
ex15_r1_controlled_multiseed__r1_multiseed_curve_dominance_csv__af729e00de,15_official_newton_muon_r1,15_official_newton_muon_r1,main_quality,accepted,three_seed_controlled_core,claim_eligible,primary_124m_controlled_result,results/02_main_quality/ex15_r1_124m/r1_multiseed_curve_dominance.csv,f3502752e42b9fd4e64ed171027ca29800da681a76c34e6332caeaa37cb45e88,results,15_official_newton_muon_r1/analysis/wandb_20260721_multiseed_factorial/r1_multiseed_curve_dominance.csv,f3502752e42b9fd4e64ed171027ca29800da681a76c34e6332caeaa37cb45e88,observed_after_record_anchor_verification,text_identity,core
ex15_r1_controlled_multiseed__r1_multiseed_method_aggregate_csv__f51bcec127,15_official_newton_muon_r1,15_official_newton_muon_r1,main_quality,accepted,three_seed_controlled_core,claim_eligible,primary_124m_controlled_result,results/02_main_quality/ex15_r1_124m/r1_multiseed_method_aggregate.csv,4476f55c074964e197d0a3fe645c123696a34bb4a0d1e1cef5d7256478414df3,results,15_official_newton_muon_r1/analysis/wandb_20260721_multiseed_factorial/r1_multiseed_method_aggregate.csv,4476f55c074964e197d0a3fe645c123696a34bb4a0d1e1cef5d7256478414df3,observed_after_record_anchor_verification,text_identity,core
ex15_r1_controlled_multiseed__r1_multiseed_paired_deltas_csv__e86b0806b2,15_official_newton_muon_r1,15_official_newton_muon_r1,main_quality,accepted,three_seed_controlled_core,claim_eligible,primary_124m_controlled_result,results/02_main_quality/ex15_r1_124m/r1_multiseed_paired_deltas.csv,58f660b6c0a96129b3345c17b2b9076252ce1439029637eb54446c7a0b27ffbf,results,15_official_newton_muon_r1/analysis/wandb_20260721_multiseed_factorial/r1_multiseed_paired_deltas.csv,58f660b6c0a96129b3345c17b2b9076252ce1439029637eb54446c7a0b27ffbf,observed_after_record_anchor_verification,text_identity,core
ex15_r1_controlled_multiseed__r1_multiseed_run_summary_csv__dbaabec273,15_official_newton_muon_r1,15_official_newton_muon_r1,main_quality,accepted,three_seed_controlled_core,claim_eligible,primary_124m_controlled_result,results/02_main_quality/ex15_r1_124m/r1_multiseed_run_summary.csv,ab91afd37db5559c031ed1ffac5441b57856386e62175d94f3f55b3f2568dcc3,results,15_official_newton_muon_r1/analysis/wandb_20260721_multiseed_factorial/r1_multiseed_run_summary.csv,ab91afd37db5559c031ed1ffac5441b57856386e62175d94f3f55b3f2568dcc3,observed_after_record_anchor_verification,text_identity,core
ex15_r1_controlled_multiseed__r1_multiseed_steps_to_loss_csv__c1968e7a91,15_official_newton_muon_r1,15_official_newton_muon_r1,main_quality,accepted,three_seed_controlled_core,claim_eligible,primary_124m_controlled_result,results/02_main_quality/ex15_r1_124m/r1_multiseed_steps_to_loss.csv,073e412801c8c3384c862804721d1e11fed8aacb1c9af48e4fc4c41bed78158d,results,15_official_newton_muon_r1/analysis/wandb_20260721_multiseed_factorial/r1_multiseed_steps_to_loss.csv,073e412801c8c3384c862804721d1e11fed8aacb1c9af48e4fc4c41bed78158d,observed_after_record_anchor_verification,text_identity,core
ex15_r1_controlled_multiseed__r1_three_seed_factorial_cells_csv__e42cea45dc,15_official_newton_muon_r1,15_official_newton_muon_r1,main_quality,accepted,three_seed_controlled_core,claim_eligible,primary_124m_controlled_result,results/02_main_quality/ex15_r1_124m/r1_three_seed_factorial_cells.csv,29bef581a0fa413b36a03af7c5db8682e7d464021e6b46bf95c60139a4cf82f6,results,15_official_newton_muon_r1/analysis/wandb_20260721_multiseed_factorial/r1_three_seed_factorial_cells.csv,29bef581a0fa413b36a03af7c5db8682e7d464021e6b46bf95c60139a4cf82f6,observed_after_record_anchor_verification,text_identity,core
ex15_r1_controlled_multiseed__r1_three_seed_factorial_effects_csv__00b707d660,15_official_newton_muon_r1,15_official_newton_muon_r1,main_quality,accepted,three_seed_controlled_core,claim_eligible,primary_124m_controlled_result,results/02_main_quality/ex15_r1_124m/r1_three_seed_factorial_effects.csv,ad9587787ce06039b98f52bb05771800b498359a28e3708bf037e864338cdb08,results,15_official_newton_muon_r1/analysis/wandb_20260721_multiseed_factorial/r1_three_seed_factorial_effects.csv,ad9587787ce06039b98f52bb05771800b498359a28e3708bf037e864338cdb08,observed_after_record_anchor_verification,text_identity,core
ex15_r1_controlled_multiseed__source_manifest_csv__a14f9df1fa,15_official_newton_muon_r1,15_official_newton_muon_r1,main_quality,accepted,three_seed_controlled_core,claim_eligible,primary_124m_controlled_result,results/02_main_quality/ex15_r1_124m/source_manifest.csv,c40ac30024bab02177b586be95cda985425942fd72562f2794bda56aa3ff8acc,results,15_official_newton_muon_r1/analysis/wandb_20260721_multiseed_factorial/source_manifest.csv,dfe53b5008ff348a1cf187e97224fe479728fcf685378d917d37cf16418778ae,observed_after_record_anchor_verification,submission_sanitized,core
ex17_llama124_multiseed__LLAMA_SWIGLU_MULTISEED_ANALYSIS_20260722_md__7ced228351,17_llama_swiglu_validation,17_llama_swiglu_validation,main_quality,accepted,three_seed_architecture_transfer,descriptive_architecture_evidence_no_prefrozen_equivalence_margin,llama_124m_transfer,results/02_main_quality/ex17_llama_124m/LLAMA_SWIGLU_MULTISEED_ANALYSIS_20260722.md,7c27820feace337266493804d63fb17955907c06cae99f7902ce822500eedcfa,results,17_llama_swiglu_validation/analysis/wandb_20260722_multiseed/LLAMA_SWIGLU_MULTISEED_ANALYSIS_20260722.md,7c27820feace337266493804d63fb17955907c06cae99f7902ce822500eedcfa,observed_after_record_anchor_verification,text_identity,core
ex17_llama124_multiseed__analysis_manifest_json__ddce9c913c,17_llama_swiglu_validation,17_llama_swiglu_validation,main_quality,accepted,three_seed_architecture_transfer,descriptive_architecture_evidence_no_prefrozen_equivalence_margin,llama_124m_transfer,results/02_main_quality/ex17_llama_124m/analysis_manifest.json,e457ea78a27630936395acbda49ef1c4328c34332ce486a568b5fc13d21966f1,results,17_llama_swiglu_validation/analysis/wandb_20260722_multiseed/analysis_manifest.json,e457ea78a27630936395acbda49ef1c4328c34332ce486a568b5fc13d21966f1,selection_anchor,text_identity,core
ex17_llama124_multiseed__architecture_interaction_by_seed_csv__8c97b11029,17_llama_swiglu_validation,17_llama_swiglu_validation,main_quality,accepted,three_seed_architecture_transfer,descriptive_architecture_evidence_no_prefrozen_equivalence_margin,llama_124m_transfer,results/02_main_quality/ex17_llama_124m/architecture_interaction_by_seed.csv,4aeb946a23c52b5034463fe8b26b13c86effee644c0e462be7c04f8f940c7381,results,17_llama_swiglu_validation/analysis/wandb_20260722_multiseed/architecture_interaction_by_seed.csv,4aeb946a23c52b5034463fe8b26b13c86effee644c0e462be7c04f8f940c7381,observed_after_record_anchor_verification,text_identity,core
ex17_llama124_multiseed__architecture_interaction_summary_csv__281de834c5,17_llama_swiglu_validation,17_llama_swiglu_validation,main_quality,accepted,three_seed_architecture_transfer,descriptive_architecture_evidence_no_prefrozen_equivalence_margin,llama_124m_transfer,results/02_main_quality/ex17_llama_124m/architecture_interaction_summary.csv,437c36c3f95f6343f3ce82d728f18c1042f67ab6f4010598d79a1c5b8b64410c,results,17_llama_swiglu_validation/analysis/wandb_20260722_multiseed/architecture_interaction_summary.csv,437c36c3f95f6343f3ce82d728f18c1042f67ab6f4010598d79a1c5b8b64410c,observed_after_record_anchor_verification,text_identity,core
ex17_llama124_multiseed__data_quality_checks_csv__503b939b2b,17_llama_swiglu_validation,17_llama_swiglu_validation,main_quality,accepted,three_seed_architecture_transfer,descriptive_architecture_evidence_no_prefrozen_equivalence_margin,llama_124m_transfer,results/02_main_quality/ex17_llama_124m/data_quality_checks.csv,c84e27488f6fa5cc79e10ef382bcbeaf4e00de64b2973ea24bfae7b8699fa9f3,results,17_llama_swiglu_validation/analysis/wandb_20260722_multiseed/data_quality_checks.csv,c84e27488f6fa5cc79e10ef382bcbeaf4e00de64b2973ea24bfae7b8699fa9f3,observed_after_record_anchor_verification,text_identity,core
ex17_llama124_multiseed__llama_multiseed_fixed_target_summary_csv__ce285d6a23,17_llama_swiglu_validation,17_llama_swiglu_validation,main_quality,accepted,three_seed_architecture_transfer,descriptive_architecture_evidence_no_prefrozen_equivalence_margin,llama_124m_transfer,results/02_main_quality/ex17_llama_124m/llama_multiseed_fixed_target_summary.csv,c1c7181ad7de5c54af3c5d93593409be51055e7548f6741c815463baeb21c4c6,results,17_llama_swiglu_validation/analysis/wandb_20260722_multiseed/llama_multiseed_fixed_target_summary.csv,c1c7181ad7de5c54af3c5d93593409be51055e7548f6741c815463baeb21c4c6,observed_after_record_anchor_verification,text_identity,core
ex17_llama124_multiseed__llama_multiseed_mean_validation_curves_csv__579c5da793,17_llama_swiglu_validation,17_llama_swiglu_validation,main_quality,accepted,three_seed_architecture_transfer,descriptive_architecture_evidence_no_prefrozen_equivalence_margin,llama_124m_transfer,results/02_main_quality/ex17_llama_124m/llama_multiseed_mean_validation_curves.csv,aacbfccc292c20020be9aeb08c03f1f60cb278759130e3ccedeac89361f78a3a,results,17_llama_swiglu_validation/analysis/wandb_20260722_multiseed/llama_multiseed_mean_validation_curves.csv,aacbfccc292c20020be9aeb08c03f1f60cb278759130e3ccedeac89361f78a3a,observed_after_record_anchor_verification,text_identity,core
ex17_llama124_multiseed__llama_multiseed_method_summary_csv__11e9fb4c27,17_llama_swiglu_validation,17_llama_swiglu_validation,main_quality,accepted,three_seed_architecture_transfer,descriptive_architecture_evidence_no_prefrozen_equivalence_margin,llama_124m_transfer,results/02_main_quality/ex17_llama_124m/llama_multiseed_method_summary.csv,1599966cbf8cbf5b5138f7e603b1cbf0ae483277324226d744924c7618333429,results,17_llama_swiglu_validation/analysis/wandb_20260722_multiseed/llama_multiseed_method_summary.csv,1599966cbf8cbf5b5138f7e603b1cbf0ae483277324226d744924c7618333429,observed_after_record_anchor_verification,text_identity,core
ex17_llama124_multiseed__llama_multiseed_pairwise_by_seed_csv__dad49fc5a2,17_llama_swiglu_validation,17_llama_swiglu_validation,main_quality,accepted,three_seed_architecture_transfer,descriptive_architecture_evidence_no_prefrozen_equivalence_margin,llama_124m_transfer,results/02_main_quality/ex17_llama_124m/llama_multiseed_pairwise_by_seed.csv,d6fae4f85b22c050ea2b5bb8ee9f11f961810568f409d668ca4082f9aab650cd,results,17_llama_swiglu_validation/analysis/wandb_20260722_multiseed/llama_multiseed_pairwise_by_seed.csv,d6fae4f85b22c050ea2b5bb8ee9f11f961810568f409d668ca4082f9aab650cd,observed_after_record_anchor_verification,text_identity,core
ex17_llama124_multiseed__llama_multiseed_pairwise_summary_csv__4fd857712a,17_llama_swiglu_validation,17_llama_swiglu_validation,main_quality,accepted,three_seed_architecture_transfer,descriptive_architecture_evidence_no_prefrozen_equivalence_margin,llama_124m_transfer,results/02_main_quality/ex17_llama_124m/llama_multiseed_pairwise_summary.csv,40fc129275d45188786401d9a492cb27a5884e72f4c44a4577e4a7348599d8a0,results,17_llama_swiglu_validation/analysis/wandb_20260722_multiseed/llama_multiseed_pairwise_summary.csv,40fc129275d45188786401d9a492cb27a5884e72f4c44a4577e4a7348599d8a0,observed_after_record_anchor_verification,text_identity,core
ex17_llama124_multiseed__llama_multiseed_run_summary_csv__14e10fb5b1,17_llama_swiglu_validation,17_llama_swiglu_validation,main_quality,accepted,three_seed_architecture_transfer,descriptive_architecture_evidence_no_prefrozen_equivalence_margin,llama_124m_transfer,results/02_main_quality/ex17_llama_124m/llama_multiseed_run_summary.csv,249bfdca2e15417fc639b134afa4d7b3ded08a32026987c7b024aab38e26f7d7,results,17_llama_swiglu_validation/analysis/wandb_20260722_multiseed/llama_multiseed_run_summary.csv,249bfdca2e15417fc639b134afa4d7b3ded08a32026987c7b024aab38e26f7d7,observed_after_record_anchor_verification,text_identity,core
ex17_llama124_multiseed__llama_multiseed_steps_tokens_to_fixed_targets_csv__e4398d91d4,17_llama_swiglu_validation,17_llama_swiglu_validation,main_quality,accepted,three_seed_architecture_transfer,descriptive_architecture_evidence_no_prefrozen_equivalence_margin,llama_124m_transfer,results/02_main_quality/ex17_llama_124m/llama_multiseed_steps_tokens_to_fixed_targets.csv,47188d81225c9737f355655e30d446623780df4c5d358ebc8ace02d59526a357,results,17_llama_swiglu_validation/analysis/wandb_20260722_multiseed/llama_multiseed_steps_tokens_to_fixed_targets.csv,47188d81225c9737f355655e30d446623780df4c5d358ebc8ace02d59526a357,observed_after_record_anchor_verification,text_identity,core
ex17_llama124_multiseed__source_manifest_csv__a14f9df1fa,17_llama_swiglu_validation,17_llama_swiglu_validation,main_quality,accepted,three_seed_architecture_transfer,descriptive_architecture_evidence_no_prefrozen_equivalence_margin,llama_124m_transfer,results/02_main_quality/ex17_llama_124m/source_manifest.csv,c6c20b64ae1c66b3d1add3c0bbeac51d30e44e9ec739cffb312c82925b08d7ab,results,17_llama_swiglu_validation/analysis/wandb_20260722_multiseed/source_manifest.csv,68e4f052773884945281556ec5630528dc4dff5352b8441675c0cbd1bca1aab9,observed_after_record_anchor_verification,submission_sanitized,core
ex20_llama1b_quality__LLAMA1B_FORMAL6200_MULTISEED_ANALYSIS_20260727_md__e58bba0736,20_llama_swiglu_1b,20_llama_swiglu_1b,main_quality,accepted_compact_analysis_without_checkpoint_payload,three_seed_6200_step_quality,quality_claim_eligible_with_budget_scope_no_checkpoint_replay_claim,llama_1b_quality_and_family_reversal,results/02_main_quality/ex20_llama1b_quality/LLAMA1B_FORMAL6200_MULTISEED_ANALYSIS_20260727.md,5375945b19ce144dd8ba0041bc84330ca9acb058c19bf89e573eb0c44db0dc9a,results,20_llama_swiglu_1b/analysis/formal6200_multiseed_20260727/LLAMA1B_FORMAL6200_MULTISEED_ANALYSIS_20260727.md,5375945b19ce144dd8ba0041bc84330ca9acb058c19bf89e573eb0c44db0dc9a,observed_after_record_anchor_verification,text_identity,core
ex20_llama1b_quality__LOCAL_FORMAL_ARTIFACT_AUDIT_20260727_md__0cdd161e5a,20_llama_swiglu_1b,20_llama_swiglu_1b,main_quality,accepted_compact_analysis_without_checkpoint_payload,three_seed_6200_step_quality,quality_claim_eligible_with_budget_scope_no_checkpoint_replay_claim,llama_1b_quality_and_family_reversal,results/02_main_quality/ex20_llama1b_quality/LOCAL_FORMAL_ARTIFACT_AUDIT_20260727.md,13745fb52007324f09145e151f71404f7c509c7f13b29a96d17b6fec944037c4,results,20_llama_swiglu_1b/analysis/formal6200_multiseed_20260727/LOCAL_FORMAL_ARTIFACT_AUDIT_20260727.md,13745fb52007324f09145e151f71404f7c509c7f13b29a96d17b6fec944037c4,observed_after_record_anchor_verification,text_identity,core
ex20_llama1b_quality__analysis_manifest_json__ddce9c913c,20_llama_swiglu_1b,20_llama_swiglu_1b,main_quality,accepted_compact_analysis_without_checkpoint_payload,three_seed_6200_step_quality,quality_claim_eligible_with_budget_scope_no_checkpoint_replay_claim,llama_1b_quality_and_family_reversal,results/02_main_quality/ex20_llama1b_quality/analysis_manifest.json,420ca8c5847ddf223d92ed4286a79423224f970e550886bd118c3a0f3b6875fa,results,20_llama_swiglu_1b/analysis/formal6200_multiseed_20260727/analysis_manifest.json,420ca8c5847ddf223d92ed4286a79423224f970e550886bd118c3a0f3b6875fa,selection_anchor,text_identity,core
ex20_llama1b_quality__data_quality_checks_csv__503b939b2b,20_llama_swiglu_1b,20_llama_swiglu_1b,main_quality,accepted_compact_analysis_without_checkpoint_payload,three_seed_6200_step_quality,quality_claim_eligible_with_budget_scope_no_checkpoint_replay_claim,llama_1b_quality_and_family_reversal,results/02_main_quality/ex20_llama1b_quality/data_quality_checks.csv,ca0ad91c4b9fa7bb18f52d6a4e3dc5e15cbb23f8bb46620312ce13aedcc395fe,results,20_llama_swiglu_1b/analysis/formal6200_multiseed_20260727/data_quality_checks.csv,ca0ad91c4b9fa7bb18f52d6a4e3dc5e15cbb23f8bb46620312ce13aedcc395fe,observed_after_record_anchor_verification,text_identity,core
ex20_llama1b_quality__final_delta_vs_muon_png__7a9e02ebe0,20_llama_swiglu_1b,20_llama_swiglu_1b,main_quality,accepted_compact_analysis_without_checkpoint_payload,three_seed_6200_step_quality,quality_claim_eligible_with_budget_scope_no_checkpoint_replay_claim,llama_1b_quality_and_family_reversal,results/02_main_quality/ex20_llama1b_quality/final_delta_vs_muon.png,2033bc3fc2e17eb5e1e1a93105329612fedc0bd9c7f823977013b8928e039d56,results,20_llama_swiglu_1b/analysis/formal6200_multiseed_20260727/final_delta_vs_muon.png,2033bc3fc2e17eb5e1e1a93105329612fedc0bd9c7f823977013b8928e039d56,observed_after_record_anchor_verification,binary_identity,core
ex20_llama1b_quality__llama1b_formal_multiseed_method_aggregate_csv__f2e9708341,20_llama_swiglu_1b,20_llama_swiglu_1b,main_quality,accepted_compact_analysis_without_checkpoint_payload,three_seed_6200_step_quality,quality_claim_eligible_with_budget_scope_no_checkpoint_replay_claim,llama_1b_quality_and_family_reversal,results/02_main_quality/ex20_llama1b_quality/llama1b_formal_multiseed_method_aggregate.csv,33625212a97349740f486bd152fac961e8d5571eab27d20a225f312fb27136ef,results,20_llama_swiglu_1b/analysis/formal6200_multiseed_20260727/llama1b_formal_multiseed_method_aggregate.csv,33625212a97349740f486bd152fac961e8d5571eab27d20a225f312fb27136ef,observed_after_record_anchor_verification,text_identity,core
ex20_llama1b_quality__llama1b_formal_multiseed_pairwise_csv__ec86bd36d7,20_llama_swiglu_1b,20_llama_swiglu_1b,main_quality,accepted_compact_analysis_without_checkpoint_payload,three_seed_6200_step_quality,quality_claim_eligible_with_budget_scope_no_checkpoint_replay_claim,llama_1b_quality_and_family_reversal,results/02_main_quality/ex20_llama1b_quality/llama1b_formal_multiseed_pairwise.csv,061e2fb2cc49ba03decec67fd28508f9e83949818f302c266106e6e314ea7bfe,results,20_llama_swiglu_1b/analysis/formal6200_multiseed_20260727/llama1b_formal_multiseed_pairwise.csv,061e2fb2cc49ba03decec67fd28508f9e83949818f302c266106e6e314ea7bfe,observed_after_record_anchor_verification,text_identity,core
ex20_llama1b_quality__llama1b_formal_multiseed_pairwise_aggregate_csv__3719bd5b63,20_llama_swiglu_1b,20_llama_swiglu_1b,main_quality,accepted_compact_analysis_without_checkpoint_payload,three_seed_6200_step_quality,quality_claim_eligible_with_budget_scope_no_checkpoint_replay_claim,llama_1b_quality_and_family_reversal,results/02_main_quality/ex20_llama1b_quality/llama1b_formal_multiseed_pairwise_aggregate.csv,5cd7729666e07ca1c8aacd3875427712f85e67fa281d429bb8ffa0a81cb264aa,results,20_llama_swiglu_1b/analysis/formal6200_multiseed_20260727/llama1b_formal_multiseed_pairwise_aggregate.csv,5cd7729666e07ca1c8aacd3875427712f85e67fa281d429bb8ffa0a81cb264aa,observed_after_record_anchor_verification,text_identity,core
ex20_llama1b_quality__llama1b_formal_multiseed_run_summary_csv__7096964c9f,20_llama_swiglu_1b,20_llama_swiglu_1b,main_quality,accepted_compact_analysis_without_checkpoint_payload,three_seed_6200_step_quality,quality_claim_eligible_with_budget_scope_no_checkpoint_replay_claim,llama_1b_quality_and_family_reversal,results/02_main_quality/ex20_llama1b_quality/llama1b_formal_multiseed_run_summary.csv,66fdd4d3619f2b33d0621257c85139e6803058bbe0051d5894720ca0ee687a83,results,20_llama_swiglu_1b/analysis/formal6200_multiseed_20260727/llama1b_formal_multiseed_run_summary.csv,66fdd4d3619f2b33d0621257c85139e6803058bbe0051d5894720ca0ee687a83,observed_after_record_anchor_verification,text_identity,core
ex20_llama1b_quality__llama1b_formal_multiseed_steps_tokens_to_targets_csv__f6c2e9ca38,20_llama_swiglu_1b,20_llama_swiglu_1b,main_quality,accepted_compact_analysis_without_checkpoint_payload,three_seed_6200_step_quality,quality_claim_eligible_with_budget_scope_no_checkpoint_replay_claim,llama_1b_quality_and_family_reversal,results/02_main_quality/ex20_llama1b_quality/llama1b_formal_multiseed_steps_tokens_to_targets.csv,b443cafe607de53e6b070ad2ee0f5b98466aeea35a3e91e5b35eb485f7a2dd21,results,20_llama_swiglu_1b/analysis/formal6200_multiseed_20260727/llama1b_formal_multiseed_steps_tokens_to_targets.csv,b443cafe607de53e6b070ad2ee0f5b98466aeea35a3e91e5b35eb485f7a2dd21,observed_after_record_anchor_verification,text_identity,core
ex20_llama1b_quality__local_formal_artifact_audit_json__48bb02c063,20_llama_swiglu_1b,20_llama_swiglu_1b,main_quality,accepted_compact_analysis_without_checkpoint_payload,three_seed_6200_step_quality,quality_claim_eligible_with_budget_scope_no_checkpoint_replay_claim,llama_1b_quality_and_family_reversal,results/02_main_quality/ex20_llama1b_quality/local_formal_artifact_audit.json,f23cfff181eaf94326bd334730f1bcba57deb58434169959714355fb1392eaba,results,20_llama_swiglu_1b/analysis/formal6200_multiseed_20260727/local_formal_artifact_audit.json,df5ff5229255efbab3f86b03f21897e8ad11aaab8b531761ed4d7896520d4a0d,observed_after_record_anchor_verification,json_structured_portable_rewrite,core
ex20_llama1b_quality__local_formal_artifact_checks_csv__3fda308cd1,20_llama_swiglu_1b,20_llama_swiglu_1b,main_quality,accepted_compact_analysis_without_checkpoint_payload,three_seed_6200_step_quality,quality_claim_eligible_with_budget_scope_no_checkpoint_replay_claim,llama_1b_quality_and_family_reversal,results/02_main_quality/ex20_llama1b_quality/local_formal_artifact_checks.csv,83d507a20787e7b388b016201c28147e4936753c85b00d9df36a823cf45a70c1,results,20_llama_swiglu_1b/analysis/formal6200_multiseed_20260727/local_formal_artifact_checks.csv,5caed4d70020f4b39eb2282a4ad638e05ef97fa34ee2f7f346098a0572522342,observed_after_record_anchor_verification,submission_sanitized,core
ex20_llama1b_quality__local_formal_memory_summary_csv__ce71810bac,20_llama_swiglu_1b,20_llama_swiglu_1b,main_quality,accepted_compact_analysis_without_checkpoint_payload,three_seed_6200_step_quality,quality_claim_eligible_with_budget_scope_no_checkpoint_replay_claim,llama_1b_quality_and_family_reversal,results/02_main_quality/ex20_llama1b_quality/local_formal_memory_summary.csv,9ee42f88e40450131b944f29b2fdb1b39ddb499c97c5e7bc6e19af7902a10de6,results,20_llama_swiglu_1b/analysis/formal6200_multiseed_20260727/local_formal_memory_summary.csv,9ee42f88e40450131b944f29b2fdb1b39ddb499c97c5e7bc6e19af7902a10de6,observed_after_record_anchor_verification,text_identity,core
ex20_llama1b_quality__local_formal_run_summary_csv__f03b16146e,20_llama_swiglu_1b,20_llama_swiglu_1b,main_quality,accepted_compact_analysis_without_checkpoint_payload,three_seed_6200_step_quality,quality_claim_eligible_with_budget_scope_no_checkpoint_replay_claim,llama_1b_quality_and_family_reversal,results/02_main_quality/ex20_llama1b_quality/local_formal_run_summary.csv,3d215982492eef0514243570e2573e801ff9734b479d011a004e0bf2bb3884c6,results,20_llama_swiglu_1b/analysis/formal6200_multiseed_20260727/local_formal_run_summary.csv,ddac2cd76f958b2e901955dd2b023ba2ddad7335c8d0de45cc05803a5e7198b7,observed_after_record_anchor_verification,submission_sanitized,core
ex20_llama1b_quality__newton_minus_muon_by_seed_png__95085b6f5a,20_llama_swiglu_1b,20_llama_swiglu_1b,main_quality,accepted_compact_analysis_without_checkpoint_payload,three_seed_6200_step_quality,quality_claim_eligible_with_budget_scope_no_checkpoint_replay_claim,llama_1b_quality_and_family_reversal,results/02_main_quality/ex20_llama1b_quality/newton_minus_muon_by_seed.png,12df65b14f824000e610e52cc481901780e07649d588b122c58bbb507ad63804,results,20_llama_swiglu_1b/analysis/formal6200_multiseed_20260727/newton_minus_muon_by_seed.png,12df65b14f824000e610e52cc481901780e07649d588b122c58bbb507ad63804,observed_after_record_anchor_verification,binary_identity,core
ex20_llama1b_quality__source_manifest_csv__a14f9df1fa,20_llama_swiglu_1b,20_llama_swiglu_1b,main_quality,accepted_compact_analysis_without_checkpoint_payload,three_seed_6200_step_quality,quality_claim_eligible_with_budget_scope_no_checkpoint_replay_claim,llama_1b_quality_and_family_reversal,results/02_main_quality/ex20_llama1b_quality/source_manifest.csv,7edb804c86f1bb7ed8288286547c695ce91fcbffbde90fed120b0d31d45c5354,results,20_llama_swiglu_1b/analysis/formal6200_multiseed_20260727/source_manifest.csv,c610d4753a80f43e9130afdd8373ee4a4675dfff5b0a58f3dd5e0b5d0d9670b5,observed_after_record_anchor_verification,submission_sanitized,core
ex20_llama1b_quality__validation_curves_long_csv__353e8f7ac1,20_llama_swiglu_1b,20_llama_swiglu_1b,main_quality,accepted_compact_analysis_without_checkpoint_payload,three_seed_6200_step_quality,quality_claim_eligible_with_budget_scope_no_checkpoint_replay_claim,llama_1b_quality_and_family_reversal,results/02_main_quality/ex20_llama1b_quality/validation_curves_long.csv,147b9245ce4ba5d8a0b415c3b0e21b4fce60f736f88dfef3110e1ac81c481fbe,results,20_llama_swiglu_1b/analysis/formal6200_multiseed_20260727/validation_curves_long.csv,147b9245ce4ba5d8a0b415c3b0e21b4fce60f736f88dfef3110e1ac81c481fbe,observed_after_record_anchor_verification,text_identity,core
ex20_llama1b_quality__validation_loss_by_seed_png__2cdcb81a3e,20_llama_swiglu_1b,20_llama_swiglu_1b,main_quality,accepted_compact_analysis_without_checkpoint_payload,three_seed_6200_step_quality,quality_claim_eligible_with_budget_scope_no_checkpoint_replay_claim,llama_1b_quality_and_family_reversal,results/02_main_quality/ex20_llama1b_quality/validation_loss_by_seed.png,5197cadfc2746e73678896e0cb195112a38555136359f7f105990aa972fff7db,results,20_llama_swiglu_1b/analysis/formal6200_multiseed_20260727/validation_loss_by_seed.png,5197cadfc2746e73678896e0cb195112a38555136359f7f105990aa972fff7db,observed_after_record_anchor_verification,binary_identity,core
ex20_llama1b_quality__validation_loss_mean_png__1b79cc74df,20_llama_swiglu_1b,20_llama_swiglu_1b,main_quality,accepted_compact_analysis_without_checkpoint_payload,three_seed_6200_step_quality,quality_claim_eligible_with_budget_scope_no_checkpoint_replay_claim,llama_1b_quality_and_family_reversal,results/02_main_quality/ex20_llama1b_quality/validation_loss_mean.png,40bfb361c3df8bf7dccefc6eeddb9c77ffb7e3c7ac66e73aa09ab446a39dc422,results,20_llama_swiglu_1b/analysis/formal6200_multiseed_20260727/validation_loss_mean.png,40bfb361c3df8bf7dccefc6eeddb9c77ffb7e3c7ac66e73aa09ab446a39dc422,observed_after_record_anchor_verification,binary_identity,core
ex43_gpt275m__20260731T014352_0000_analysis_RECORD28_ANALYSIS_REPORT_md__6519712628,43_newton_muon_record28_275m,43_newton_muon_record28_275m,main_quality,accepted_12_of_12,three_seed_275m_scale_point,quality_state_only_timing_excluded,cross_scale_275m,results/02_main_quality/ex43_gpt_275m/20260731T014352+0000/analysis/RECORD28_ANALYSIS_REPORT.md,da0dd0f2d7a574ea64a5377a443641f88cb47d88f304c63d53f319c801bd80e6,results,43_newton_muon_record28_275m/20260731T014352+0000/analysis/RECORD28_ANALYSIS_REPORT.md,da0dd0f2d7a574ea64a5377a443641f88cb47d88f304c63d53f319c801bd80e6,observed_after_record_anchor_verification,text_identity,core
ex43_gpt275m__20260731T014352_0000_analysis_integrity_checks_json__843ac0c859,43_newton_muon_record28_275m,43_newton_muon_record28_275m,main_quality,accepted_12_of_12,three_seed_275m_scale_point,quality_state_only_timing_excluded,cross_scale_275m,results/02_main_quality/ex43_gpt_275m/20260731T014352+0000/analysis/integrity_checks.json,3cbeb19651c516f327289ba3004ce83b1e02226cbba6ccce858287d5f6a9cc41,results,43_newton_muon_record28_275m/20260731T014352+0000/analysis/integrity_checks.json,3cbeb19651c516f327289ba3004ce83b1e02226cbba6ccce858287d5f6a9cc41,observed_after_record_anchor_verification,text_identity,core
ex43_gpt275m__20260731T014352_0000_analysis_method_summary_csv__74ff41bd01,43_newton_muon_record28_275m,43_newton_muon_record28_275m,main_quality,accepted_12_of_12,three_seed_275m_scale_point,quality_state_only_timing_excluded,cross_scale_275m,results/02_main_quality/ex43_gpt_275m/20260731T014352+0000/analysis/method_summary.csv,d16c01363997508d61c88fb9884357e00b794bc4a664fe0092a3d16b97c3a9b0,results,43_newton_muon_record28_275m/20260731T014352+0000/analysis/method_summary.csv,d16c01363997508d61c88fb9884357e00b794bc4a664fe0092a3d16b97c3a9b0,observed_after_record_anchor_verification,text_identity,core
ex43_gpt275m__20260731T014352_0000_analysis_paired_contrasts_csv__8377f7b12e,43_newton_muon_record28_275m,43_newton_muon_record28_275m,main_quality,accepted_12_of_12,three_seed_275m_scale_point,quality_state_only_timing_excluded,cross_scale_275m,results/02_main_quality/ex43_gpt_275m/20260731T014352+0000/analysis/paired_contrasts.csv,8001f2d1fb438bfb86762983ca43a0addd0e9253881237fac757fba7a145beb1,results,43_newton_muon_record28_275m/20260731T014352+0000/analysis/paired_contrasts.csv,8001f2d1fb438bfb86762983ca43a0addd0e9253881237fac757fba7a145beb1,observed_after_record_anchor_verification,text_identity,core
ex43_gpt275m__20260731T014352_0000_analysis_paired_deltas_by_seed_csv__53ff533553,43_newton_muon_record28_275m,43_newton_muon_record28_275m,main_quality,accepted_12_of_12,three_seed_275m_scale_point,quality_state_only_timing_excluded,cross_scale_275m,results/02_main_quality/ex43_gpt_275m/20260731T014352+0000/analysis/paired_deltas_by_seed.csv,8819d504216ef69a6e0f9d1ca3e588bda9e0d257c0a8001f4b1a0b27698d0441,results,43_newton_muon_record28_275m/20260731T014352+0000/analysis/paired_deltas_by_seed.csv,8819d504216ef69a6e0f9d1ca3e588bda9e0d257c0a8001f4b1a0b27698d0441,observed_after_record_anchor_verification,text_identity,core
ex43_gpt275m__20260731T014352_0000_analysis_record28_analysis_manifest_json__69d0390df9,43_newton_muon_record28_275m,43_newton_muon_record28_275m,main_quality,accepted_12_of_12,three_seed_275m_scale_point,quality_state_only_timing_excluded,cross_scale_275m,results/02_main_quality/ex43_gpt_275m/20260731T014352+0000/analysis/record28_analysis_manifest.json,2ec69853ee35c5db78b85f24bf3dc8bef151ddf1c246faa65582bf99d6e439f3,results,43_newton_muon_record28_275m/20260731T014352+0000/analysis/record28_analysis_manifest.json,dfc519220caf3c1081e23e672c00c226f519c3b4a2171e2997439ab273c2f40c,observed_after_record_anchor_verification,json_structured_portable_rewrite,core
ex43_gpt275m__20260731T014352_0000_analysis_record28_cells_csv__5977d27fa7,43_newton_muon_record28_275m,43_newton_muon_record28_275m,main_quality,accepted_12_of_12,three_seed_275m_scale_point,quality_state_only_timing_excluded,cross_scale_275m,results/02_main_quality/ex43_gpt_275m/20260731T014352+0000/analysis/record28_cells.csv,2de157c49c0ed451c87bce5bb18bf057dfb783675fdddd0849eab151e7c00c6c,results,43_newton_muon_record28_275m/20260731T014352+0000/analysis/record28_cells.csv,f2002d9b9d66194b1d4308949a59c48d5513448ce384b1e6f7a41fc3a0a0d030,observed_after_record_anchor_verification,submission_sanitized,core
ex43_gpt275m__20260731T014352_0000_analysis_record28_decision_json__7da7b24982,43_newton_muon_record28_275m,43_newton_muon_record28_275m,main_quality,accepted_12_of_12,three_seed_275m_scale_point,quality_state_only_timing_excluded,cross_scale_275m,results/02_main_quality/ex43_gpt_275m/20260731T014352+0000/analysis/record28_decision.json,971e36fc2aedd7f893ebc76d20861da0dd580514402e648906c30a06fb28179c,results,43_newton_muon_record28_275m/20260731T014352+0000/analysis/record28_decision.json,971e36fc2aedd7f893ebc76d20861da0dd580514402e648906c30a06fb28179c,observed_after_record_anchor_verification,text_identity,core
ex43_gpt275m__20260731T014352_0000_analysis_source_audit_json__4839619d86,43_newton_muon_record28_275m,43_newton_muon_record28_275m,main_quality,accepted_12_of_12,three_seed_275m_scale_point,quality_state_only_timing_excluded,cross_scale_275m,results/02_main_quality/ex43_gpt_275m/20260731T014352+0000/analysis/source_audit.json,9ed8e66abfd561d4ed67ad217dda3368c271f319b73f1d8458534825ed3448a5,results,43_newton_muon_record28_275m/20260731T014352+0000/analysis/source_audit.json,7edc2ad07c0bffeae4a25468bcbf054ed8552853cc8de8b56db051ee4d59679f,observed_after_record_anchor_verification,json_structured_portable_rewrite,core
ex43_gpt275m__20260731T014352_0000_formal_formal_manifest_json__91e830ca67,43_newton_muon_record28_275m,43_newton_muon_record28_275m,main_quality,accepted_12_of_12,three_seed_275m_scale_point,quality_state_only_timing_excluded,cross_scale_275m,results/02_main_quality/ex43_gpt_275m/20260731T014352+0000/formal/formal_manifest.json,413ed606e87f418ee263f8f4657f7f00fb17334a94ef3c09fc7299265c34f7f5,results,43_newton_muon_record28_275m/20260731T014352+0000/formal/formal_manifest.json,608e393d3786a97f39cec45fe1ba462784c09b685357ceff4395131f6d0a8689,observed_after_record_anchor_verification,json_structured_portable_rewrite,core
ex43_gpt275m__20260731T014352_0000_record28_suite_manifest_json__92dbc5389b,43_newton_muon_record28_275m,43_newton_muon_record28_275m,main_quality,accepted_12_of_12,three_seed_275m_scale_point,quality_state_only_timing_excluded,cross_scale_275m,results/02_main_quality/ex43_gpt_275m/20260731T014352+0000/record28_suite_manifest.json,9f6207073b8520e50bf8953fe29ac8098e9a20b247de174f144e8b607b2a7a02,results,43_newton_muon_record28_275m/20260731T014352+0000/record28_suite_manifest.json,21e07e4b4b0509fae4c3da6863ef0c1d444d9effef37d546292217ef6c3f5aea,selection_anchor,json_structured_portable_rewrite,core
ex43_gpt275m__20260731T014352_0000_status_json__ae92b00dfd,43_newton_muon_record28_275m,43_newton_muon_record28_275m,main_quality,accepted_12_of_12,three_seed_275m_scale_point,quality_state_only_timing_excluded,cross_scale_275m,results/02_main_quality/ex43_gpt_275m/20260731T014352+0000/status.json,14bea96d4bf334a05c5f98fc789a062f6a4dda12c4ffe6a4fdc65d6fbe16a090,results,43_newton_muon_record28_275m/20260731T014352+0000/status.json,0f535525cb1d4154251aa86197508063edaf47bf007448a7e91fa2e82032d315,observed_after_record_anchor_verification,json_structured_portable_rewrite,core
ex43_gpt275m__ANALYSIS_GUIDANCE_md__949f92b306,43_newton_muon_record28_275m,43_newton_muon_record28_275m,main_quality,accepted_12_of_12,three_seed_275m_scale_point,quality_state_only_timing_excluded,cross_scale_275m,results/02_main_quality/ex43_gpt_275m/ANALYSIS_GUIDANCE.md,077c9c8c2d0bf367260db311088d7c946f82cd8a77792d4839e9cd3fca9bf288,results,43_newton_muon_record28_275m/ANALYSIS_GUIDANCE.md,077c9c8c2d0bf367260db311088d7c946f82cd8a77792d4839e9cd3fca9bf288,observed_after_record_anchor_verification,text_identity,core
ex43_gpt275m__FORMAL_REVIEW_20260803_md__a92a0f4045,43_newton_muon_record28_275m,43_newton_muon_record28_275m,main_quality,accepted_12_of_12,three_seed_275m_scale_point,quality_state_only_timing_excluded,cross_scale_275m,results/02_main_quality/ex43_gpt_275m/FORMAL_REVIEW_20260803.md,35be666baa01788d6f84209ed2d6928d512544937d1d6dfc6dd68a05d89b358d,results,43_newton_muon_record28_275m/FORMAL_REVIEW_20260803.md,35be666baa01788d6f84209ed2d6928d512544937d1d6dfc6dd68a05d89b358d,observed_after_record_anchor_verification,text_identity,core
ex44_gpt455m__20260730T104121_0000_analysis_RECORD17_ANALYSIS_REPORT_md__282eeb7219,44_newton_muon_record17_455m,44_newton_muon_record17_455m,main_quality,accepted_12_of_12,three_seed_455m_scale_point,quality_state_only_timing_excluded,cross_scale_455m,results/02_main_quality/ex44_gpt_455m/20260730T104121+0000/analysis/RECORD17_ANALYSIS_REPORT.md,bed2941b26bf6a5844784bbf70ebc9c0e8f27f997731818c7c7382113b7543d1,results,44_newton_muon_record17_455m/20260730T104121+0000/analysis/RECORD17_ANALYSIS_REPORT.md,bed2941b26bf6a5844784bbf70ebc9c0e8f27f997731818c7c7382113b7543d1,observed_after_record_anchor_verification,text_identity,core
ex44_gpt455m__20260730T104121_0000_analysis_integrity_checks_json__43faf5e4bf,44_newton_muon_record17_455m,44_newton_muon_record17_455m,main_quality,accepted_12_of_12,three_seed_455m_scale_point,quality_state_only_timing_excluded,cross_scale_455m,results/02_main_quality/ex44_gpt_455m/20260730T104121+0000/analysis/integrity_checks.json,b854bd096f2794e29d64a1c7c4d72baaa80ebc9ea9f1aaa3fc6b991c1a759216,results,44_newton_muon_record17_455m/20260730T104121+0000/analysis/integrity_checks.json,b854bd096f2794e29d64a1c7c4d72baaa80ebc9ea9f1aaa3fc6b991c1a759216,observed_after_record_anchor_verification,text_identity,core
ex44_gpt455m__20260730T104121_0000_analysis_method_summary_csv__cdbc736873,44_newton_muon_record17_455m,44_newton_muon_record17_455m,main_quality,accepted_12_of_12,three_seed_455m_scale_point,quality_state_only_timing_excluded,cross_scale_455m,results/02_main_quality/ex44_gpt_455m/20260730T104121+0000/analysis/method_summary.csv,027ce963784a0338c6eea0842d7595f2771158bc11c9b58318d16a46d56cc7b6,results,44_newton_muon_record17_455m/20260730T104121+0000/analysis/method_summary.csv,027ce963784a0338c6eea0842d7595f2771158bc11c9b58318d16a46d56cc7b6,observed_after_record_anchor_verification,text_identity,core
ex44_gpt455m__20260730T104121_0000_analysis_paired_contrasts_csv__d99866f006,44_newton_muon_record17_455m,44_newton_muon_record17_455m,main_quality,accepted_12_of_12,three_seed_455m_scale_point,quality_state_only_timing_excluded,cross_scale_455m,results/02_main_quality/ex44_gpt_455m/20260730T104121+0000/analysis/paired_contrasts.csv,e1b4c30d73a97c573fdef00dee11d593e3d65cba64b4475a2d30bedea49535cc,results,44_newton_muon_record17_455m/20260730T104121+0000/analysis/paired_contrasts.csv,e1b4c30d73a97c573fdef00dee11d593e3d65cba64b4475a2d30bedea49535cc,observed_after_record_anchor_verification,text_identity,core
ex44_gpt455m__20260730T104121_0000_analysis_paired_deltas_by_seed_csv__978afc1d05,44_newton_muon_record17_455m,44_newton_muon_record17_455m,main_quality,accepted_12_of_12,three_seed_455m_scale_point,quality_state_only_timing_excluded,cross_scale_455m,results/02_main_quality/ex44_gpt_455m/20260730T104121+0000/analysis/paired_deltas_by_seed.csv,f035856e5f5c3783cbe67ae1548590232f074a8316a0fce500cc877a759096b2,results,44_newton_muon_record17_455m/20260730T104121+0000/analysis/paired_deltas_by_seed.csv,f035856e5f5c3783cbe67ae1548590232f074a8316a0fce500cc877a759096b2,observed_after_record_anchor_verification,text_identity,core
ex44_gpt455m__20260730T104121_0000_analysis_record17_analysis_manifest_json__c9c92606ea,44_newton_muon_record17_455m,44_newton_muon_record17_455m,main_quality,accepted_12_of_12,three_seed_455m_scale_point,quality_state_only_timing_excluded,cross_scale_455m,results/02_main_quality/ex44_gpt_455m/20260730T104121+0000/analysis/record17_analysis_manifest.json,03e4ee7fd501f6048b645aa6c268d439485452756a39a8e9423658a84e36aba9,results,44_newton_muon_record17_455m/20260730T104121+0000/analysis/record17_analysis_manifest.json,a344b1c6d816713a66f65b4fefe6113c32d01e3ba8b1b0a172e39a21ae0e7b09,observed_after_record_anchor_verification,json_structured_portable_rewrite,core
ex44_gpt455m__20260730T104121_0000_analysis_record17_cells_csv__328c104d0c,44_newton_muon_record17_455m,44_newton_muon_record17_455m,main_quality,accepted_12_of_12,three_seed_455m_scale_point,quality_state_only_timing_excluded,cross_scale_455m,results/02_main_quality/ex44_gpt_455m/20260730T104121+0000/analysis/record17_cells.csv,d10fb3cb3c767b91994c2ba711f95933b6f854968ed2fa8c507598231d819cea,results,44_newton_muon_record17_455m/20260730T104121+0000/analysis/record17_cells.csv,cae983d3e8dfe4e92fb8654ae40b93c1a340009dac2147bd35020063d7b08545,observed_after_record_anchor_verification,submission_sanitized,core
ex44_gpt455m__20260730T104121_0000_analysis_record17_decision_json__0f22d2545d,44_newton_muon_record17_455m,44_newton_muon_record17_455m,main_quality,accepted_12_of_12,three_seed_455m_scale_point,quality_state_only_timing_excluded,cross_scale_455m,results/02_main_quality/ex44_gpt_455m/20260730T104121+0000/analysis/record17_decision.json,1841120a35c351460e2c1a014391089b0008d6249d4cf33027592bcf38f2e536,results,44_newton_muon_record17_455m/20260730T104121+0000/analysis/record17_decision.json,1841120a35c351460e2c1a014391089b0008d6249d4cf33027592bcf38f2e536,observed_after_record_anchor_verification,text_identity,core
ex44_gpt455m__20260730T104121_0000_analysis_source_audit_json__43b184f6ae,44_newton_muon_record17_455m,44_newton_muon_record17_455m,main_quality,accepted_12_of_12,three_seed_455m_scale_point,quality_state_only_timing_excluded,cross_scale_455m,results/02_main_quality/ex44_gpt_455m/20260730T104121+0000/analysis/source_audit.json,bd76ac6d7015c5e071f4ab0f7368415b1f4465fc0712346182d985eb122bbfda,results,44_newton_muon_record17_455m/20260730T104121+0000/analysis/source_audit.json,f9792f64f28b3676c38b9377927818a2d5366d855906b37d2750c3710fb0298d,observed_after_record_anchor_verification,json_structured_portable_rewrite,core
ex44_gpt455m__20260730T104121_0000_formal_formal_manifest_json__153b2c8e3a,44_newton_muon_record17_455m,44_newton_muon_record17_455m,main_quality,accepted_12_of_12,three_seed_455m_scale_point,quality_state_only_timing_excluded,cross_scale_455m,results/02_main_quality/ex44_gpt_455m/20260730T104121+0000/formal/formal_manifest.json,5d6c02caf4f604e4d0cc452b7ae061b083ecc76ee8b617392cd5fdfd4e42f251,results,44_newton_muon_record17_455m/20260730T104121+0000/formal/formal_manifest.json,bcfc440b0b7082a2f49716109e1ed84dbed71fe984b1df2a932aefb245c2adf3,observed_after_record_anchor_verification,json_structured_portable_rewrite,core
ex44_gpt455m__20260730T104121_0000_record17_suite_manifest_json__b29187cfa0,44_newton_muon_record17_455m,44_newton_muon_record17_455m,main_quality,accepted_12_of_12,three_seed_455m_scale_point,quality_state_only_timing_excluded,cross_scale_455m,results/02_main_quality/ex44_gpt_455m/20260730T104121+0000/record17_suite_manifest.json,09185f625ad2261149f7c903bcd216a0c6092e93555518334eccfaa4c367b9c4,results,44_newton_muon_record17_455m/20260730T104121+0000/record17_suite_manifest.json,be8a2887a95c70d543f1d2938426c1ae3e2ee8677c78dec50b7ff4f9c7bc06fb,selection_anchor,json_structured_portable_rewrite,core
ex44_gpt455m__20260730T104121_0000_status_json__1db87ca098,44_newton_muon_record17_455m,44_newton_muon_record17_455m,main_quality,accepted_12_of_12,three_seed_455m_scale_point,quality_state_only_timing_excluded,cross_scale_455m,results/02_main_quality/ex44_gpt_455m/20260730T104121+0000/status.json,ace0447073863c806fb94c9f22928e6e6a01a4124b5bd6347ec242638e8929ab,results,44_newton_muon_record17_455m/20260730T104121+0000/status.json,029f9d39139ab2bc7a5fd019569db75a314de60c2833698067f11ec880726eb2,observed_after_record_anchor_verification,json_structured_portable_rewrite,core
ex44_gpt455m__ANALYSIS_GUIDANCE_md__949f92b306,44_newton_muon_record17_455m,44_newton_muon_record17_455m,main_quality,accepted_12_of_12,three_seed_455m_scale_point,quality_state_only_timing_excluded,cross_scale_455m,results/02_main_quality/ex44_gpt_455m/ANALYSIS_GUIDANCE.md,6988887da309825e83272915c74125a04b462f17024d3d11b90ac1929d4b9193,results,44_newton_muon_record17_455m/ANALYSIS_GUIDANCE.md,6988887da309825e83272915c74125a04b462f17024d3d11b90ac1929d4b9193,observed_after_record_anchor_verification,text_identity,core
ex44_gpt455m__FORMAL_REVIEW_20260803_md__a92a0f4045,44_newton_muon_record17_455m,44_newton_muon_record17_455m,main_quality,accepted_12_of_12,three_seed_455m_scale_point,quality_state_only_timing_excluded,cross_scale_455m,results/02_main_quality/ex44_gpt_455m/FORMAL_REVIEW_20260803.md,54c09cbdcd6f3825b422505a8f85c3455a9666ef9f54aad2daa3fe558dc36617,results,44_newton_muon_record17_455m/FORMAL_REVIEW_20260803.md,54c09cbdcd6f3825b422505a8f85c3455a9666ef9f54aad2daa3fe558dc36617,observed_after_record_anchor_verification,text_identity,core
ex45_mousse_and_eight_method_panel__EXPERIMENT_45_ANALYSIS_md__8520dab806,45_r1_mousse_strong_baseline,45_r1_mousse_strong_baseline,main_quality,accepted_authoritative_local_without_checkpoint_tensors,three_seed_external_neighbor_and_eight_method_panel,quality_state_only_timing_excluded_with_pilot_scope_separated,external_neighbor_and_baseline_closure,results/02_main_quality/ex45_mousse/EXPERIMENT_45_ANALYSIS.md,d8df5f9809a5654e71e451c5f1153f5896a37f354b3410775cecde03b6d27af4,results,45_r1_mousse_strong_baseline/analysis/formal_20260803_authoritative/EXPERIMENT_45_ANALYSIS.md,d8df5f9809a5654e71e451c5f1153f5896a37f354b3410775cecde03b6d27af4,observed_after_record_anchor_verification,text_identity,core
ex45_mousse_and_eight_method_panel__LOCAL_ARTIFACT_AUDIT_md__77c9ce8589,45_r1_mousse_strong_baseline,45_r1_mousse_strong_baseline,main_quality,accepted_authoritative_local_without_checkpoint_tensors,three_seed_external_neighbor_and_eight_method_panel,quality_state_only_timing_excluded_with_pilot_scope_separated,external_neighbor_and_baseline_closure,results/02_main_quality/ex45_mousse/LOCAL_ARTIFACT_AUDIT.md,f5dc0a9ad137ba326aa65423dcebeb2776c17409e8c49d182a143f79867e250b,results,45_r1_mousse_strong_baseline/analysis/formal_20260803_authoritative/LOCAL_ARTIFACT_AUDIT.md,f5dc0a9ad137ba326aa65423dcebeb2776c17409e8c49d182a143f79867e250b,observed_after_record_anchor_verification,text_identity,core
ex45_mousse_and_eight_method_panel__analysis_manifest_json__ddce9c913c,45_r1_mousse_strong_baseline,45_r1_mousse_strong_baseline,main_quality,accepted_authoritative_local_without_checkpoint_tensors,three_seed_external_neighbor_and_eight_method_panel,quality_state_only_timing_excluded_with_pilot_scope_separated,external_neighbor_and_baseline_closure,results/02_main_quality/ex45_mousse/analysis_manifest.json,2e3cc72b8154f9a4fa311539d0661b86126e77aa7af281fd25497f9d867ee064,results,45_r1_mousse_strong_baseline/analysis/formal_20260803_authoritative/analysis_manifest.json,ebda6864bb066cb1102cb2946d9007d8d406b32b6c2e5f00418ba25746fac394,selection_anchor,json_structured_portable_rewrite,core
ex45_mousse_and_eight_method_panel__identity_reuse_certificate_json__a0eb6d5786,45_r1_mousse_strong_baseline,45_r1_mousse_strong_baseline,main_quality,accepted_authoritative_local_without_checkpoint_tensors,three_seed_external_neighbor_and_eight_method_panel,quality_state_only_timing_excluded_with_pilot_scope_separated,external_neighbor_and_baseline_closure,results/02_main_quality/ex45_mousse/identity_reuse_certificate.json,46d424636c728a2199c7f5bf51d56b700aeef1892b2eca5650c9a8badffb694c,results,45_r1_mousse_strong_baseline/analysis/formal_20260803_authoritative/identity_reuse_certificate.json,d0b38789a5deeb7a457300cb6a9da9b19062801a0ded4020adaf045780c33db1,observed_after_record_anchor_verification,json_structured_portable_rewrite,core
ex45_mousse_and_eight_method_panel__local_artifact_audit_manifest_json__c7cc20be56,45_r1_mousse_strong_baseline,45_r1_mousse_strong_baseline,main_quality,accepted_authoritative_local_without_checkpoint_tensors,three_seed_external_neighbor_and_eight_method_panel,quality_state_only_timing_excluded_with_pilot_scope_separated,external_neighbor_and_baseline_closure,results/02_main_quality/ex45_mousse/local_artifact_audit_manifest.json,456d0e7f2d55fd3a363a3fb79eca632404b5f274ba93a4a924f1479c714305ba,results,45_r1_mousse_strong_baseline/analysis/formal_20260803_authoritative/local_artifact_audit_manifest.json,b36d7c4b9b870ba69a92fb519e1b67b39dc99bf5511ad1eef2d4b967eeefa1ed,observed_after_record_anchor_verification,json_structured_portable_rewrite+package_hash_links_rewritten,core
ex45_mousse_and_eight_method_panel__local_quality_run_audit_csv__36c5125f78,45_r1_mousse_strong_baseline,45_r1_mousse_strong_baseline,main_quality,accepted_authoritative_local_without_checkpoint_tensors,three_seed_external_neighbor_and_eight_method_panel,quality_state_only_timing_excluded_with_pilot_scope_separated,external_neighbor_and_baseline_closure,results/02_main_quality/ex45_mousse/local_quality_run_audit.csv,0b2ee92e71599279175b1b9d08887339e172a6d2f047d1cc9ead6c3c5f83de5d,results,45_r1_mousse_strong_baseline/analysis/formal_20260803_authoritative/local_quality_run_audit.csv,0b2ee92e71599279175b1b9d08887339e172a6d2f047d1cc9ead6c3c5f83de5d,observed_after_record_anchor_verification,text_identity,core
ex45_mousse_and_eight_method_panel__local_wandb_reconciliation_csv__7ec39174c8,45_r1_mousse_strong_baseline,45_r1_mousse_strong_baseline,main_quality,accepted_authoritative_local_without_checkpoint_tensors,three_seed_external_neighbor_and_eight_method_panel,quality_state_only_timing_excluded_with_pilot_scope_separated,external_neighbor_and_baseline_closure,results/02_main_quality/ex45_mousse/local_wandb_reconciliation.csv,564416d1941d403bbd64dc746ced837647f479e5ffc372e5eb06fccd9da9eb1d,results,45_r1_mousse_strong_baseline/analysis/formal_20260803_authoritative/local_wandb_reconciliation.csv,564416d1941d403bbd64dc746ced837647f479e5ffc372e5eb06fccd9da9eb1d,observed_after_record_anchor_verification,text_identity,core
ex45_mousse_and_eight_method_panel__pilot_selection_local_verified_json__be8c77254d,45_r1_mousse_strong_baseline,45_r1_mousse_strong_baseline,main_quality,accepted_authoritative_local_without_checkpoint_tensors,three_seed_external_neighbor_and_eight_method_panel,quality_state_only_timing_excluded_with_pilot_scope_separated,external_neighbor_and_baseline_closure,results/02_main_quality/ex45_mousse/pilot_selection_local_verified.json,90e686115d2dac16909023b7f3a5282b6f21249c4bf6c6305c2737c8df9bb4a2,results,45_r1_mousse_strong_baseline/analysis/formal_20260803_authoritative/pilot_selection_local_verified.json,46a09b8053d20c0e8259c5d946be8d9ed60bc1c950fba677a74b8e563e4a2e3c,observed_after_record_anchor_verification,json_structured_portable_rewrite,core
ex45_mousse_and_eight_method_panel__r1_mousse_paired_aggregate_csv__8080367ebb,45_r1_mousse_strong_baseline,45_r1_mousse_strong_baseline,main_quality,accepted_authoritative_local_without_checkpoint_tensors,three_seed_external_neighbor_and_eight_method_panel,quality_state_only_timing_excluded_with_pilot_scope_separated,external_neighbor_and_baseline_closure,results/02_main_quality/ex45_mousse/r1_mousse_paired_aggregate.csv,ed02254f7caebf5a28668df2f8bc31d0cc51385d282fd6abac25b8e0b1451b92,results,45_r1_mousse_strong_baseline/analysis/formal_20260803_authoritative/r1_mousse_paired_aggregate.csv,ed02254f7caebf5a28668df2f8bc31d0cc51385d282fd6abac25b8e0b1451b92,observed_after_record_anchor_verification,text_identity,core
ex45_mousse_and_eight_method_panel__r1_mousse_paired_seed_deltas_csv__4418c84b5a,45_r1_mousse_strong_baseline,45_r1_mousse_strong_baseline,main_quality,accepted_authoritative_local_without_checkpoint_tensors,three_seed_external_neighbor_and_eight_method_panel,quality_state_only_timing_excluded_with_pilot_scope_separated,external_neighbor_and_baseline_closure,results/02_main_quality/ex45_mousse/r1_mousse_paired_seed_deltas.csv,82b3cd975b296da5e7c4ebcf762e3f589a64f0efe3dbe282a7646e2dfb10d05d,results,45_r1_mousse_strong_baseline/analysis/formal_20260803_authoritative/r1_mousse_paired_seed_deltas.csv,82b3cd975b296da5e7c4ebcf762e3f589a64f0efe3dbe282a7646e2dfb10d05d,observed_after_record_anchor_verification,text_identity,core
ex45_mousse_and_eight_method_panel__r1_unified_eight_method_aggregate_csv__db990386ac,45_r1_mousse_strong_baseline,45_r1_mousse_strong_baseline,main_quality,accepted_authoritative_local_without_checkpoint_tensors,three_seed_external_neighbor_and_eight_method_panel,quality_state_only_timing_excluded_with_pilot_scope_separated,external_neighbor_and_baseline_closure,results/02_main_quality/ex45_mousse/r1_unified_eight_method_aggregate.csv,359dfd02f9d8b31280e47cbd4090a6d83290b2572ace694e956d7a4660c576bb,results,45_r1_mousse_strong_baseline/analysis/formal_20260803_authoritative/r1_unified_eight_method_aggregate.csv,359dfd02f9d8b31280e47cbd4090a6d83290b2572ace694e956d7a4660c576bb,observed_after_record_anchor_verification,text_identity,core
ex45_mousse_and_eight_method_panel__r1_unified_eight_method_run_summary_csv__f822095ed5,45_r1_mousse_strong_baseline,45_r1_mousse_strong_baseline,main_quality,accepted_authoritative_local_without_checkpoint_tensors,three_seed_external_neighbor_and_eight_method_panel,quality_state_only_timing_excluded_with_pilot_scope_separated,external_neighbor_and_baseline_closure,results/02_main_quality/ex45_mousse/r1_unified_eight_method_run_summary.csv,eda9ba780c934230c641e74c295c59c5105c384d8b5decff4623926fbec5627b,results,45_r1_mousse_strong_baseline/analysis/formal_20260803_authoritative/r1_unified_eight_method_run_summary.csv,eda9ba780c934230c641e74c295c59c5105c384d8b5decff4623926fbec5627b,observed_after_record_anchor_verification,text_identity,core
ex48_llama1b_10b_multibudget__20260805T061608_0000_analysis_EX48_FORMAL_ANALYSIS_md__e5841c953d,48_llama1b_10b_multibudget,48_llama1b_10b_multibudget,main_quality,accepted_three_seed_three_budget_with_independent_audit_and_remote_full_checkpoint_rehash,persistent_muon_lead_through_approximately_10b_tokens,quality_and_training_stage_claim_eligible_timing_excluded,llama1b_long_token_training_stage_confirmation,results/02_main_quality/ex48_llama1b_10b_multibudget/20260805T061608+0000/analysis/EX48_FORMAL_ANALYSIS.md,63e169ea0530738c0d0c3eacb495a44e8f34b824882c33180d4301b16d8cb771,results,48_llama1b_10b_multibudget/20260805T061608+0000/analysis/EX48_FORMAL_ANALYSIS.md,63e169ea0530738c0d0c3eacb495a44e8f34b824882c33180d4301b16d8cb771,observed_after_record_anchor_verification,text_identity,core
ex48_llama1b_10b_multibudget__20260805T061608_0000_analysis_analysis_manifest_json__904083577a,48_llama1b_10b_multibudget,48_llama1b_10b_multibudget,main_quality,accepted_three_seed_three_budget_with_independent_audit_and_remote_full_checkpoint_rehash,persistent_muon_lead_through_approximately_10b_tokens,quality_and_training_stage_claim_eligible_timing_excluded,llama1b_long_token_training_stage_confirmation,results/02_main_quality/ex48_llama1b_10b_multibudget/20260805T061608+0000/analysis/analysis_manifest.json,fb9b9f5f268cb9b2581511d485ff9b463a822e1f68f82c6a0feb6eb5993abea6,results,48_llama1b_10b_multibudget/20260805T061608+0000/analysis/analysis_manifest.json,fb9b9f5f268cb9b2581511d485ff9b463a822e1f68f82c6a0feb6eb5993abea6,observed_after_record_anchor_verification,text_identity,core
ex48_llama1b_10b_multibudget__20260805T061608_0000_analysis_classification_json__4a4e48d0c1,48_llama1b_10b_multibudget,48_llama1b_10b_multibudget,main_quality,accepted_three_seed_three_budget_with_independent_audit_and_remote_full_checkpoint_rehash,persistent_muon_lead_through_approximately_10b_tokens,quality_and_training_stage_claim_eligible_timing_excluded,llama1b_long_token_training_stage_confirmation,results/02_main_quality/ex48_llama1b_10b_multibudget/20260805T061608+0000/analysis/classification.json,1e4da4401453e80deea5a8012595b70167ed9f434e95e98321f39d7df4789f58,results,48_llama1b_10b_multibudget/20260805T061608+0000/analysis/classification.json,1e4da4401453e80deea5a8012595b70167ed9f434e95e98321f39d7df4789f58,observed_after_record_anchor_verification,text_identity,core
ex48_llama1b_10b_multibudget__20260805T061608_0000_analysis_endpoint_results_csv__3f80ee898d,48_llama1b_10b_multibudget,48_llama1b_10b_multibudget,main_quality,accepted_three_seed_three_budget_with_independent_audit_and_remote_full_checkpoint_rehash,persistent_muon_lead_through_approximately_10b_tokens,quality_and_training_stage_claim_eligible_timing_excluded,llama1b_long_token_training_stage_confirmation,results/02_main_quality/ex48_llama1b_10b_multibudget/20260805T061608+0000/analysis/endpoint_results.csv,75625183c8e55ad61baa690c8d36d549c8999060bef02138ee45d306a26c0044,results,48_llama1b_10b_multibudget/20260805T061608+0000/analysis/endpoint_results.csv,35dcf3452316c98253d8563463ff4cb3b61939fce6e934501853b7d194752588,observed_after_record_anchor_verification,submission_sanitized,core
ex48_llama1b_10b_multibudget__20260805T061608_0000_analysis_paired_contrasts_csv__c9f2cacf48,48_llama1b_10b_multibudget,48_llama1b_10b_multibudget,main_quality,accepted_three_seed_three_budget_with_independent_audit_and_remote_full_checkpoint_rehash,persistent_muon_lead_through_approximately_10b_tokens,quality_and_training_stage_claim_eligible_timing_excluded,llama1b_long_token_training_stage_confirmation,results/02_main_quality/ex48_llama1b_10b_multibudget/20260805T061608+0000/analysis/paired_contrasts.csv,c3976c0ae5f7f5b3b912c396eea0165d4105d1b25dbdbd52d04a013fa4b907d3,results,48_llama1b_10b_multibudget/20260805T061608+0000/analysis/paired_contrasts.csv,c3976c0ae5f7f5b3b912c396eea0165d4105d1b25dbdbd52d04a013fa4b907d3,observed_after_record_anchor_verification,text_identity,core
ex48_llama1b_10b_multibudget__20260805T061608_0000_data_audit_json__8f08008d27,48_llama1b_10b_multibudget,48_llama1b_10b_multibudget,main_quality,accepted_three_seed_three_budget_with_independent_audit_and_remote_full_checkpoint_rehash,persistent_muon_lead_through_approximately_10b_tokens,quality_and_training_stage_claim_eligible_timing_excluded,llama1b_long_token_training_stage_confirmation,results/02_main_quality/ex48_llama1b_10b_multibudget/20260805T061608+0000/data_audit.json,66acdd3d643958199cfd4c38fc18d2b0bbda1757690921978570194ce95380de,results,48_llama1b_10b_multibudget/20260805T061608+0000/data_audit.json,2591cd3226d36403cedfeb80c7b3b5a29d5b968f5d1822acce08ba246e6050c5,observed_after_record_anchor_verification,json_structured_portable_rewrite,core
ex48_llama1b_10b_multibudget__20260805T061608_0000_handoff_manifest_json__554baba0d7,48_llama1b_10b_multibudget,48_llama1b_10b_multibudget,main_quality,accepted_three_seed_three_budget_with_independent_audit_and_remote_full_checkpoint_rehash,persistent_muon_lead_through_approximately_10b_tokens,quality_and_training_stage_claim_eligible_timing_excluded,llama1b_long_token_training_stage_confirmation,results/02_main_quality/ex48_llama1b_10b_multibudget/20260805T061608+0000/handoff_manifest.json,9834d5c2a3bb6c7a0a2695af36e148da72bc428cd5b5d79672d8d730163e9b49,results,48_llama1b_10b_multibudget/20260805T061608+0000/handoff_manifest.json,b65de3e4a2e3530d0d250c368e6d0fe359f926d045708be1b20ae6e5fe9ce0c4,observed_after_record_anchor_verification,json_structured_portable_rewrite,core
ex48_llama1b_10b_multibudget__20260805T061608_0000_init_audit_json__faaaa7c7fb,48_llama1b_10b_multibudget,48_llama1b_10b_multibudget,main_quality,accepted_three_seed_three_budget_with_independent_audit_and_remote_full_checkpoint_rehash,persistent_muon_lead_through_approximately_10b_tokens,quality_and_training_stage_claim_eligible_timing_excluded,llama1b_long_token_training_stage_confirmation,results/02_main_quality/ex48_llama1b_10b_multibudget/20260805T061608+0000/init_audit.json,09f32d7f795d2092a3a8c58c5e65f6eb9874691876bd861131de9658613895cd,results,48_llama1b_10b_multibudget/20260805T061608+0000/init_audit.json,09f32d7f795d2092a3a8c58c5e65f6eb9874691876bd861131de9658613895cd,observed_after_record_anchor_verification,text_identity,core
ex48_llama1b_10b_multibudget__20260805T061608_0000_pilot_manifest_json__fec80c2ab5,48_llama1b_10b_multibudget,48_llama1b_10b_multibudget,main_quality,accepted_three_seed_three_budget_with_independent_audit_and_remote_full_checkpoint_rehash,persistent_muon_lead_through_approximately_10b_tokens,quality_and_training_stage_claim_eligible_timing_excluded,llama1b_long_token_training_stage_confirmation,results/02_main_quality/ex48_llama1b_10b_multibudget/20260805T061608+0000/pilot_manifest.json,eacfc6823991a4dec7176bc7da7b3308e4d13f40fdfe5029ac1a5a653f0c7be9,results,48_llama1b_10b_multibudget/20260805T061608+0000/pilot_manifest.json,284d39638fcfb1e9117edc42f76c4cc13219152cda7d25b17e537d084048763d,observed_after_record_anchor_verification,json_structured_portable_rewrite,core
ex48_llama1b_10b_multibudget__20260805T061608_0000_preflight_manifest_json__e219dcba2a,48_llama1b_10b_multibudget,48_llama1b_10b_multibudget,main_quality,accepted_three_seed_three_budget_with_independent_audit_and_remote_full_checkpoint_rehash,persistent_muon_lead_through_approximately_10b_tokens,quality_and_training_stage_claim_eligible_timing_excluded,llama1b_long_token_training_stage_confirmation,results/02_main_quality/ex48_llama1b_10b_multibudget/20260805T061608+0000/preflight_manifest.json,0d80768b17ecfa6939eba3017ad68a67eaba3f91a8ac8377014bddfee2c30f2a,results,48_llama1b_10b_multibudget/20260805T061608+0000/preflight_manifest.json,0e3231deb8edd926849739215d8e8fc6d09891d36280a767effdd5f0b01cba6c,observed_after_record_anchor_verification,json_structured_portable_rewrite,core
ex48_llama1b_10b_multibudget__20260805T061608_0000_run_identity_json__8ad3de666b,48_llama1b_10b_multibudget,48_llama1b_10b_multibudget,main_quality,accepted_three_seed_three_budget_with_independent_audit_and_remote_full_checkpoint_rehash,persistent_muon_lead_through_approximately_10b_tokens,quality_and_training_stage_claim_eligible_timing_excluded,llama1b_long_token_training_stage_confirmation,results/02_main_quality/ex48_llama1b_10b_multibudget/20260805T061608+0000/run_identity.json,5ffa41c2109bc637a46f6b4ba12072e9d4165532d3853bf2025a6f188cc03f2d,results,48_llama1b_10b_multibudget/20260805T061608+0000/run_identity.json,d7fb377cd0420ac5023619120972548078b89c2f74a99ecb8adf51244b9e1f49,observed_after_record_anchor_verification,json_structured_portable_rewrite,core
ex48_llama1b_10b_multibudget__20260805T061608_0000_runtime_preflight_json__31e7ba4c82,48_llama1b_10b_multibudget,48_llama1b_10b_multibudget,main_quality,accepted_three_seed_three_budget_with_independent_audit_and_remote_full_checkpoint_rehash,persistent_muon_lead_through_approximately_10b_tokens,quality_and_training_stage_claim_eligible_timing_excluded,llama1b_long_token_training_stage_confirmation,results/02_main_quality/ex48_llama1b_10b_multibudget/20260805T061608+0000/runtime_preflight.json,eeb27a9d6d6175281dd323b22aa162e02dc2458643c2fc92dffbb1a7373d5ef8,results,48_llama1b_10b_multibudget/20260805T061608+0000/runtime_preflight.json,dba54302be07d4e336c3b2f58b59e0cf4eb62e7505414fac7b38a66de8f3b092,observed_after_record_anchor_verification,json_structured_portable_rewrite,core
ex48_llama1b_10b_multibudget__20260805T061608_0000_source_snapshot_source_snapshot_manifest_json__e61ba96349,48_llama1b_10b_multibudget,48_llama1b_10b_multibudget,main_quality,accepted_three_seed_three_budget_with_independent_audit_and_remote_full_checkpoint_rehash,persistent_muon_lead_through_approximately_10b_tokens,quality_and_training_stage_claim_eligible_timing_excluded,llama1b_long_token_training_stage_confirmation,results/02_main_quality/ex48_llama1b_10b_multibudget/20260805T061608+0000/source_snapshot/source_snapshot_manifest.json,6dcda0906b9d9e35efc1d865f75b10e0ff345a9ee4eded162f2c1c4152333239,results,48_llama1b_10b_multibudget/20260805T061608+0000/source_snapshot/source_snapshot_manifest.json,6dcda0906b9d9e35efc1d865f75b10e0ff345a9ee4eded162f2c1c4152333239,observed_after_record_anchor_verification,text_identity,core
ex48_llama1b_10b_multibudget__20260805T061608_0000_suite_plan_json__5211f4035e,48_llama1b_10b_multibudget,48_llama1b_10b_multibudget,main_quality,accepted_three_seed_three_budget_with_independent_audit_and_remote_full_checkpoint_rehash,persistent_muon_lead_through_approximately_10b_tokens,quality_and_training_stage_claim_eligible_timing_excluded,llama1b_long_token_training_stage_confirmation,results/02_main_quality/ex48_llama1b_10b_multibudget/20260805T061608+0000/suite_plan.json,55c41723cbbcaecebdc68661f76e049e01f769941f0422f5d491d63524a53f82,results,48_llama1b_10b_multibudget/20260805T061608+0000/suite_plan.json,55c41723cbbcaecebdc68661f76e049e01f769941f0422f5d491d63524a53f82,observed_after_record_anchor_verification,text_identity,core
ex48_llama1b_10b_multibudget__20260805T061608_0000_suite_status_json__47ed167723,48_llama1b_10b_multibudget,48_llama1b_10b_multibudget,main_quality,accepted_three_seed_three_budget_with_independent_audit_and_remote_full_checkpoint_rehash,persistent_muon_lead_through_approximately_10b_tokens,quality_and_training_stage_claim_eligible_timing_excluded,llama1b_long_token_training_stage_confirmation,results/02_main_quality/ex48_llama1b_10b_multibudget/20260805T061608+0000/suite_status.json,c816fd615371518cd5e9a8db122c73745d8742641bd04e2661110210f953e946,results,48_llama1b_10b_multibudget/20260805T061608+0000/suite_status.json,c816fd615371518cd5e9a8db122c73745d8742641bd04e2661110210f953e946,observed_after_record_anchor_verification,text_identity,core
ex48_llama1b_10b_multibudget__received_20260812_full_checkpoint_verify_20260812T031024_0000_json__047a08a922,48_llama1b_10b_multibudget,48_llama1b_10b_multibudget,main_quality,accepted_three_seed_three_budget_with_independent_audit_and_remote_full_checkpoint_rehash,persistent_muon_lead_through_approximately_10b_tokens,quality_and_training_stage_claim_eligible_timing_excluded,llama1b_long_token_training_stage_confirmation,results/02_main_quality/ex48_llama1b_10b_multibudget/_received_20260812/full_checkpoint_verify_20260812T031024+0000.json,35416650350ca23e55de4864d1480bb1ca00b9463ef673154f74ad70f21c8010,results,48_llama1b_10b_multibudget/_received_20260812/full_checkpoint_verify_20260812T031024+0000.json,35416650350ca23e55de4864d1480bb1ca00b9463ef673154f74ad70f21c8010,observed_after_record_anchor_verification,text_identity,core
ex48_llama1b_10b_multibudget__received_20260812_full_checkpoint_verify_20260812T031024_0000_json_sha256__fad80d5973,48_llama1b_10b_multibudget,48_llama1b_10b_multibudget,main_quality,accepted_three_seed_three_budget_with_independent_audit_and_remote_full_checkpoint_rehash,persistent_muon_lead_through_approximately_10b_tokens,quality_and_training_stage_claim_eligible_timing_excluded,llama1b_long_token_training_stage_confirmation,results/02_main_quality/ex48_llama1b_10b_multibudget/_received_20260812/full_checkpoint_verify_20260812T031024+0000.json.sha256,b600ab4245381171c023337a1f47a588e99c043ffeae2f1a5d086c5beab62558,results,48_llama1b_10b_multibudget/_received_20260812/full_checkpoint_verify_20260812T031024+0000.json.sha256,648b27184cddd853dc05f0a2bf8af75360bb618ade90f364fd7eeba93afbecc0,observed_after_record_anchor_verification,submission_sanitized,core
ex48_llama1b_10b_multibudget__analysis_final_acceptance_20260812_EX48_INDEPENDENT_ANALYSIS_20260812_md__f6a27a143b,48_llama1b_10b_multibudget,48_llama1b_10b_multibudget,main_quality,accepted_three_seed_three_budget_with_independent_audit_and_remote_full_checkpoint_rehash,persistent_muon_lead_through_approximately_10b_tokens,quality_and_training_stage_claim_eligible_timing_excluded,llama1b_long_token_training_stage_confirmation,results/02_main_quality/ex48_llama1b_10b_multibudget/analysis/final_acceptance_20260812/EX48_INDEPENDENT_ANALYSIS_20260812.md,b67e7f8013a4d22e158dcdddcbf7fc251a9ca35e49283e2a917d76844b2a9013,results,48_llama1b_10b_multibudget/analysis/final_acceptance_20260812/EX48_INDEPENDENT_ANALYSIS_20260812.md,b67e7f8013a4d22e158dcdddcbf7fc251a9ca35e49283e2a917d76844b2a9013,observed_after_record_anchor_verification,text_identity,core
ex48_llama1b_10b_multibudget__analysis_final_acceptance_20260812_budget_method_summary_csv__7dd06bc76c,48_llama1b_10b_multibudget,48_llama1b_10b_multibudget,main_quality,accepted_three_seed_three_budget_with_independent_audit_and_remote_full_checkpoint_rehash,persistent_muon_lead_through_approximately_10b_tokens,quality_and_training_stage_claim_eligible_timing_excluded,llama1b_long_token_training_stage_confirmation,results/02_main_quality/ex48_llama1b_10b_multibudget/analysis/final_acceptance_20260812/budget_method_summary.csv,29685c4903bcb388d2b46d50852f1ebd8e7f631f9c8f8bef006baa90adeffefa,results,48_llama1b_10b_multibudget/analysis/final_acceptance_20260812/budget_method_summary.csv,29685c4903bcb388d2b46d50852f1ebd8e7f631f9c8f8bef006baa90adeffefa,observed_after_record_anchor_verification,text_identity,core
ex48_llama1b_10b_multibudget__analysis_final_acceptance_20260812_checkpoint_handoff_scope_json__079558c4b6,48_llama1b_10b_multibudget,48_llama1b_10b_multibudget,main_quality,accepted_three_seed_three_budget_with_independent_audit_and_remote_full_checkpoint_rehash,persistent_muon_lead_through_approximately_10b_tokens,quality_and_training_stage_claim_eligible_timing_excluded,llama1b_long_token_training_stage_confirmation,results/02_main_quality/ex48_llama1b_10b_multibudget/analysis/final_acceptance_20260812/checkpoint_handoff_scope.json,4850c904fe2cb130d197d543a800da8607237d6917913b6c9234f020ce2f9537,results,48_llama1b_10b_multibudget/analysis/final_acceptance_20260812/checkpoint_handoff_scope.json,8b5c150f40317ea3e735891e6ec4970e314c0e12bcf321af3dac6bc2e26e3fb4,observed_after_record_anchor_verification,json_structured_portable_rewrite,core
ex48_llama1b_10b_multibudget__analysis_final_acceptance_20260812_efficiency_summary_csv__dbe0300372,48_llama1b_10b_multibudget,48_llama1b_10b_multibudget,main_quality,accepted_three_seed_three_budget_with_independent_audit_and_remote_full_checkpoint_rehash,persistent_muon_lead_through_approximately_10b_tokens,quality_and_training_stage_claim_eligible_timing_excluded,llama1b_long_token_training_stage_confirmation,results/02_main_quality/ex48_llama1b_10b_multibudget/analysis/final_acceptance_20260812/efficiency_summary.csv,ca3aba69cfae9ee7aad053a9f6b43b06ef4f7298590d3dd3dc289aa2aa9774f6,results,48_llama1b_10b_multibudget/analysis/final_acceptance_20260812/efficiency_summary.csv,ca3aba69cfae9ee7aad053a9f6b43b06ef4f7298590d3dd3dc289aa2aa9774f6,observed_after_record_anchor_verification,text_identity,core
ex48_llama1b_10b_multibudget__analysis_final_acceptance_20260812_endpoint_results_recomputed_csv__e02a46e01e,48_llama1b_10b_multibudget,48_llama1b_10b_multibudget,main_quality,accepted_three_seed_three_budget_with_independent_audit_and_remote_full_checkpoint_rehash,persistent_muon_lead_through_approximately_10b_tokens,quality_and_training_stage_claim_eligible_timing_excluded,llama1b_long_token_training_stage_confirmation,results/02_main_quality/ex48_llama1b_10b_multibudget/analysis/final_acceptance_20260812/endpoint_results_recomputed.csv,6e0f470d0b366f7f7fc7c35d7f8cc43acf0faae5c1d93b9062a0c066875b0749,results,48_llama1b_10b_multibudget/analysis/final_acceptance_20260812/endpoint_results_recomputed.csv,23e689a73738a511baeee8714dae607ae6205c54cd510cd34fe67ab045a59720,observed_after_record_anchor_verification,submission_sanitized,core
ex48_llama1b_10b_multibudget__analysis_final_acceptance_20260812_generic_verify_certificate_json__2af2c87b4c,48_llama1b_10b_multibudget,48_llama1b_10b_multibudget,main_quality,accepted_three_seed_three_budget_with_independent_audit_and_remote_full_checkpoint_rehash,persistent_muon_lead_through_approximately_10b_tokens,quality_and_training_stage_claim_eligible_timing_excluded,llama1b_long_token_training_stage_confirmation,results/02_main_quality/ex48_llama1b_10b_multibudget/analysis/final_acceptance_20260812/generic_verify_certificate.json,39c280f498b24bcefbb00d56582f236585174e9d3ef4d5afb8834489bbbb8590,results,48_llama1b_10b_multibudget/analysis/final_acceptance_20260812/generic_verify_certificate.json,39c280f498b24bcefbb00d56582f236585174e9d3ef4d5afb8834489bbbb8590,observed_after_record_anchor_verification,text_identity,core
ex48_llama1b_10b_multibudget__analysis_final_acceptance_20260812_independent_audit_manifest_json__b9a91b094d,48_llama1b_10b_multibudget,48_llama1b_10b_multibudget,main_quality,accepted_three_seed_three_budget_with_independent_audit_and_remote_full_checkpoint_rehash,persistent_muon_lead_through_approximately_10b_tokens,quality_and_training_stage_claim_eligible_timing_excluded,llama1b_long_token_training_stage_confirmation,results/02_main_quality/ex48_llama1b_10b_multibudget/analysis/final_acceptance_20260812/independent_audit_manifest.json,0dbc87a6c530769efa5d7c3558fc6930d9bd95da4f86d62d2168c819a5c7ec76,results,48_llama1b_10b_multibudget/analysis/final_acceptance_20260812/independent_audit_manifest.json,c6c415dc41b884767bb6a7f93914b87e9c0ce38a8a4e45c129ef5f62e232563b,selection_anchor,json_structured_portable_rewrite,core
ex48_llama1b_10b_multibudget__analysis_final_acceptance_20260812_integrity_checks_csv__5480765cb6,48_llama1b_10b_multibudget,48_llama1b_10b_multibudget,main_quality,accepted_three_seed_three_budget_with_independent_audit_and_remote_full_checkpoint_rehash,persistent_muon_lead_through_approximately_10b_tokens,quality_and_training_stage_claim_eligible_timing_excluded,llama1b_long_token_training_stage_confirmation,results/02_main_quality/ex48_llama1b_10b_multibudget/analysis/final_acceptance_20260812/integrity_checks.csv,e14501693393b2669e71278f219b1f364496db96c15be05dd94994674f6fe958,results,48_llama1b_10b_multibudget/analysis/final_acceptance_20260812/integrity_checks.csv,e14501693393b2669e71278f219b1f364496db96c15be05dd94994674f6fe958,observed_after_record_anchor_verification,text_identity,core
ex48_llama1b_10b_multibudget__analysis_final_acceptance_20260812_paired_contrasts_recomputed_csv__d2c93bdab6,48_llama1b_10b_multibudget,48_llama1b_10b_multibudget,main_quality,accepted_three_seed_three_budget_with_independent_audit_and_remote_full_checkpoint_rehash,persistent_muon_lead_through_approximately_10b_tokens,quality_and_training_stage_claim_eligible_timing_excluded,llama1b_long_token_training_stage_confirmation,results/02_main_quality/ex48_llama1b_10b_multibudget/analysis/final_acceptance_20260812/paired_contrasts_recomputed.csv,1333f3fe48963c213732bca6aab8eb1561f93f9ddb94fc48285b9865492a1ca6,results,48_llama1b_10b_multibudget/analysis/final_acceptance_20260812/paired_contrasts_recomputed.csv,1333f3fe48963c213732bca6aab8eb1561f93f9ddb94fc48285b9865492a1ca6,observed_after_record_anchor_verification,text_identity,core
ex48_llama1b_10b_multibudget__analysis_final_acceptance_20260812_remote_full_checkpoint_lineage_certificate_js__4b0acd8d54,48_llama1b_10b_multibudget,48_llama1b_10b_multibudget,main_quality,accepted_three_seed_three_budget_with_independent_audit_and_remote_full_checkpoint_rehash,persistent_muon_lead_through_approximately_10b_tokens,quality_and_training_stage_claim_eligible_timing_excluded,llama1b_long_token_training_stage_confirmation,results/02_main_quality/ex48_llama1b_10b_multibudget/analysis/final_acceptance_20260812/remote_full_checkpoint_lineage_certificate.json,d823c089f017fb87a1311005011a2f5eaf56bf68b2e3dabe20ebd0dbc84f401c,results,48_llama1b_10b_multibudget/analysis/final_acceptance_20260812/remote_full_checkpoint_lineage_certificate.json,252081aba95ecc828b10b72b9cd71aed369b021fbe13539811ab13a201f4b933,observed_after_record_anchor_verification,json_structured_portable_rewrite,core
ex48_llama1b_10b_multibudget__analysis_final_acceptance_20260812_source_inventory_csv__d8eb75f18a,48_llama1b_10b_multibudget,48_llama1b_10b_multibudget,main_quality,accepted_three_seed_three_budget_with_independent_audit_and_remote_full_checkpoint_rehash,persistent_muon_lead_through_approximately_10b_tokens,quality_and_training_stage_claim_eligible_timing_excluded,llama1b_long_token_training_stage_confirmation,results/02_main_quality/ex48_llama1b_10b_multibudget/analysis/final_acceptance_20260812/source_inventory.csv,969d8e08baba916e8f37832c2b3cbdb86c31257d8cd4e79786f9844ee36165a6,results,48_llama1b_10b_multibudget/analysis/final_acceptance_20260812/source_inventory.csv,969d8e08baba916e8f37832c2b3cbdb86c31257d8cd4e79786f9844ee36165a6,observed_after_record_anchor_verification,text_identity,core
ex48_llama1b_10b_multibudget__analysis_final_acceptance_20260812_wandb_reconciliation_csv__6ef3647e8a,48_llama1b_10b_multibudget,48_llama1b_10b_multibudget,main_quality,accepted_three_seed_three_budget_with_independent_audit_and_remote_full_checkpoint_rehash,persistent_muon_lead_through_approximately_10b_tokens,quality_and_training_stage_claim_eligible_timing_excluded,llama1b_long_token_training_stage_confirmation,results/02_main_quality/ex48_llama1b_10b_multibudget/analysis/final_acceptance_20260812/wandb_reconciliation.csv,957c5134befffab0d66eeb88fdab4efbe3ed7d525e8e2ae0b6ea889981fbdef2,results,48_llama1b_10b_multibudget/analysis/final_acceptance_20260812/wandb_reconciliation.csv,957c5134befffab0d66eeb88fdab4efbe3ed7d525e8e2ae0b6ea889981fbdef2,observed_after_record_anchor_verification,text_identity,core
ex48_llama1b_10b_multibudget__analysis_final_acceptance_20260812_wandb_reconciliation_summary_json__e2315e49eb,48_llama1b_10b_multibudget,48_llama1b_10b_multibudget,main_quality,accepted_three_seed_three_budget_with_independent_audit_and_remote_full_checkpoint_rehash,persistent_muon_lead_through_approximately_10b_tokens,quality_and_training_stage_claim_eligible_timing_excluded,llama1b_long_token_training_stage_confirmation,results/02_main_quality/ex48_llama1b_10b_multibudget/analysis/final_acceptance_20260812/wandb_reconciliation_summary.json,00b7dd88b2f3707b7a078c5c19fb3f7da73ee1217f49829f42bf89a3effae896,results,48_llama1b_10b_multibudget/analysis/final_acceptance_20260812/wandb_reconciliation_summary.json,00b7dd88b2f3707b7a078c5c19fb3f7da73ee1217f49829f42bf89a3effae896,observed_after_record_anchor_verification,text_identity,core
ex49_malt_family__analysis_formal_20260810_authoritative_EXPERIMENT_49_ANALYSIS_md__df0d4b4df4,49_r1_malt_strong_baseline,49_r1_malt_strong_baseline,main_quality,accepted_fresh_v4_six_of_six_with_wandb_reconciliation_without_checkpoint_tensors,three_seed_paper_derived_malt_family_and_ten_method_panel,quality_state_only_malt_main_malter_appendix_timing_excluded_not_official_reproduction,external_neighbor_extension_and_appendix_negative_control,results/02_main_quality/ex49_malt_family/analysis/formal_20260810_authoritative/EXPERIMENT_49_ANALYSIS.md,76af50f62b1676b015047f2d54ced8c12fe7db0b09aed9e217dd9b36e1a03a8c,results,49_r1_malt_strong_baseline/analysis/formal_20260810_authoritative/EXPERIMENT_49_ANALYSIS.md,76af50f62b1676b015047f2d54ced8c12fe7db0b09aed9e217dd9b36e1a03a8c,observed_after_record_anchor_verification,text_identity,core
ex49_malt_family__analysis_formal_20260810_authoritative_analysis_manifest_json__c10910d390,49_r1_malt_strong_baseline,49_r1_malt_strong_baseline,main_quality,accepted_fresh_v4_six_of_six_with_wandb_reconciliation_without_checkpoint_tensors,three_seed_paper_derived_malt_family_and_ten_method_panel,quality_state_only_malt_main_malter_appendix_timing_excluded_not_official_reproduction,external_neighbor_extension_and_appendix_negative_control,results/02_main_quality/ex49_malt_family/analysis/formal_20260810_authoritative/analysis_manifest.json,05ad4219e36525f7a062f5b89429960639e976fbce976d38c5fa76b4ba7c8414,results,49_r1_malt_strong_baseline/analysis/formal_20260810_authoritative/analysis_manifest.json,855179dee582b418d525431a2d0042911b29a86e81dbb0edf85dbf1f76e0fed7,selection_anchor,json_structured_portable_rewrite,core
ex49_malt_family__analysis_formal_20260810_authoritative_analysis_manifest_sha256__deecb92f6f,49_r1_malt_strong_baseline,49_r1_malt_strong_baseline,main_quality,accepted_fresh_v4_six_of_six_with_wandb_reconciliation_without_checkpoint_tensors,three_seed_paper_derived_malt_family_and_ten_method_panel,quality_state_only_malt_main_malter_appendix_timing_excluded_not_official_reproduction,external_neighbor_extension_and_appendix_negative_control,results/02_main_quality/ex49_malt_family/analysis/formal_20260810_authoritative/analysis_manifest.sha256,9f67cbde83ff91f614802da9c33ae9382198a20400a7522895d78fdb3e315f71,results,49_r1_malt_strong_baseline/analysis/formal_20260810_authoritative/analysis_manifest.sha256,61076cd57ee4e9d4cbf34916b2bebaa0232f82ffa95cf720e447ab02924dee0e,observed_after_record_anchor_verification,package_hash_links_rewritten,core
ex49_malt_family__analysis_formal_20260810_authoritative_handoff_manifest_json__581c103f46,49_r1_malt_strong_baseline,49_r1_malt_strong_baseline,main_quality,accepted_fresh_v4_six_of_six_with_wandb_reconciliation_without_checkpoint_tensors,three_seed_paper_derived_malt_family_and_ten_method_panel,quality_state_only_malt_main_malter_appendix_timing_excluded_not_official_reproduction,external_neighbor_extension_and_appendix_negative_control,results/02_main_quality/ex49_malt_family/analysis/formal_20260810_authoritative/handoff_manifest.json,9db635b8ababd3b56a35c43c7b59c3ba2ecc9b7ac261bd1e4359dc36ac96de38,results,49_r1_malt_strong_baseline/analysis/formal_20260810_authoritative/handoff_manifest.json,e37272e7ff8cba083ba00c24fcd6a186df4d6b5de3d3097cc0caadea7134762a,observed_after_record_anchor_verification,json_structured_portable_rewrite,core
ex49_malt_family__analysis_formal_20260810_authoritative_identity_reuse_certificate_json__07e8d7b853,49_r1_malt_strong_baseline,49_r1_malt_strong_baseline,main_quality,accepted_fresh_v4_six_of_six_with_wandb_reconciliation_without_checkpoint_tensors,three_seed_paper_derived_malt_family_and_ten_method_panel,quality_state_only_malt_main_malter_appendix_timing_excluded_not_official_reproduction,external_neighbor_extension_and_appendix_negative_control,results/02_main_quality/ex49_malt_family/analysis/formal_20260810_authoritative/identity_reuse_certificate.json,39e13b795b3a44f7b89239ea4fbad8cfc6e8c51ad2c907e4c514d43c21967085,results,49_r1_malt_strong_baseline/analysis/formal_20260810_authoritative/identity_reuse_certificate.json,428c808ca62d8a53cd5c84c7fdede601e2d1e77b851e43be65043aa99df7ca5c,observed_after_record_anchor_verification,json_structured_portable_rewrite,core
ex49_malt_family__analysis_formal_20260810_authoritative_pilot_analysis_manifest_json__d18118479b,49_r1_malt_strong_baseline,49_r1_malt_strong_baseline,main_quality,accepted_fresh_v4_six_of_six_with_wandb_reconciliation_without_checkpoint_tensors,three_seed_paper_derived_malt_family_and_ten_method_panel,quality_state_only_malt_main_malter_appendix_timing_excluded_not_official_reproduction,external_neighbor_extension_and_appendix_negative_control,results/02_main_quality/ex49_malt_family/analysis/formal_20260810_authoritative/pilot_analysis_manifest.json,a33e2d2d639abceb64076134e4c25e56df1cf7d27a280fa6f487f7eac450f2e5,results,49_r1_malt_strong_baseline/analysis/formal_20260810_authoritative/pilot_analysis_manifest.json,3bd42be4ee4f415424647d9d6485d4c4b2b42d217d02b3118106c124ef54312d,observed_after_record_anchor_verification,json_structured_portable_rewrite+package_hash_links_rewritten,core
ex49_malt_family__analysis_formal_20260810_authoritative_pilot_analysis_manifest_sha256__d7e5837a39,49_r1_malt_strong_baseline,49_r1_malt_strong_baseline,main_quality,accepted_fresh_v4_six_of_six_with_wandb_reconciliation_without_checkpoint_tensors,three_seed_paper_derived_malt_family_and_ten_method_panel,quality_state_only_malt_main_malter_appendix_timing_excluded_not_official_reproduction,external_neighbor_extension_and_appendix_negative_control,results/02_main_quality/ex49_malt_family/analysis/formal_20260810_authoritative/pilot_analysis_manifest.sha256,eaa2c8bc0ca49a60ca1367de3a15d5611e3482a64a46d4b5490f2f53592205c2,results,49_r1_malt_strong_baseline/analysis/formal_20260810_authoritative/pilot_analysis_manifest.sha256,8d21fdd887715b09199764c7e4b94ec650306bce20010a12b1332a015d870eac,observed_after_record_anchor_verification,package_hash_links_rewritten,core
ex49_malt_family__analysis_formal_20260810_authoritative_pilot_ranking_csv__70b841108a,49_r1_malt_strong_baseline,49_r1_malt_strong_baseline,main_quality,accepted_fresh_v4_six_of_six_with_wandb_reconciliation_without_checkpoint_tensors,three_seed_paper_derived_malt_family_and_ten_method_panel,quality_state_only_malt_main_malter_appendix_timing_excluded_not_official_reproduction,external_neighbor_extension_and_appendix_negative_control,results/02_main_quality/ex49_malt_family/analysis/formal_20260810_authoritative/pilot_ranking.csv,aaac3e0cef078c3f4627f6ec23483e10626d0b7d5ebbde471116aba66fef96ac,results,49_r1_malt_strong_baseline/analysis/formal_20260810_authoritative/pilot_ranking.csv,aaac3e0cef078c3f4627f6ec23483e10626d0b7d5ebbde471116aba66fef96ac,observed_after_record_anchor_verification,text_identity,core
ex49_malt_family__analysis_formal_20260810_authoritative_pilot_selection_verified_json__ca702d1643,49_r1_malt_strong_baseline,49_r1_malt_strong_baseline,main_quality,accepted_fresh_v4_six_of_six_with_wandb_reconciliation_without_checkpoint_tensors,three_seed_paper_derived_malt_family_and_ten_method_panel,quality_state_only_malt_main_malter_appendix_timing_excluded_not_official_reproduction,external_neighbor_extension_and_appendix_negative_control,results/02_main_quality/ex49_malt_family/analysis/formal_20260810_authoritative/pilot_selection_verified.json,2b6a8688d7e891309a9030e97511dd4de5130117764375d50c5753d26c4c3a3b,results,49_r1_malt_strong_baseline/analysis/formal_20260810_authoritative/pilot_selection_verified.json,591348aad2d19f36ca405abe2162d329dc89246bc41fc1fec3cb0581a28fe4ee,observed_after_record_anchor_verification,json_structured_portable_rewrite,core
ex49_malt_family__analysis_formal_20260810_authoritative_r1_malt_family_paired_aggregate_csv__3e38b85a99,49_r1_malt_strong_baseline,49_r1_malt_strong_baseline,main_quality,accepted_fresh_v4_six_of_six_with_wandb_reconciliation_without_checkpoint_tensors,three_seed_paper_derived_malt_family_and_ten_method_panel,quality_state_only_malt_main_malter_appendix_timing_excluded_not_official_reproduction,external_neighbor_extension_and_appendix_negative_control,results/02_main_quality/ex49_malt_family/analysis/formal_20260810_authoritative/r1_malt_family_paired_aggregate.csv,e6b7bb6408334f2b6ba206e145f80ff46d01bd9375302c677fcc367473429dfb,results,49_r1_malt_strong_baseline/analysis/formal_20260810_authoritative/r1_malt_family_paired_aggregate.csv,e6b7bb6408334f2b6ba206e145f80ff46d01bd9375302c677fcc367473429dfb,observed_after_record_anchor_verification,text_identity,core
ex49_malt_family__analysis_formal_20260810_authoritative_r1_malt_family_paired_seed_deltas_csv__ea3cdfcdae,49_r1_malt_strong_baseline,49_r1_malt_strong_baseline,main_quality,accepted_fresh_v4_six_of_six_with_wandb_reconciliation_without_checkpoint_tensors,three_seed_paper_derived_malt_family_and_ten_method_panel,quality_state_only_malt_main_malter_appendix_timing_excluded_not_official_reproduction,external_neighbor_extension_and_appendix_negative_control,results/02_main_quality/ex49_malt_family/analysis/formal_20260810_authoritative/r1_malt_family_paired_seed_deltas.csv,13211b3e5a49d8b9cd68d875c510812703cd3fa82cd9ea72c313a3f49d9dd0a4,results,49_r1_malt_strong_baseline/analysis/formal_20260810_authoritative/r1_malt_family_paired_seed_deltas.csv,13211b3e5a49d8b9cd68d875c510812703cd3fa82cd9ea72c313a3f49d9dd0a4,observed_after_record_anchor_verification,text_identity,core
ex49_malt_family__analysis_formal_20260810_authoritative_r1_unified_ten_method_aggregate_csv__e42c241270,49_r1_malt_strong_baseline,49_r1_malt_strong_baseline,main_quality,accepted_fresh_v4_six_of_six_with_wandb_reconciliation_without_checkpoint_tensors,three_seed_paper_derived_malt_family_and_ten_method_panel,quality_state_only_malt_main_malter_appendix_timing_excluded_not_official_reproduction,external_neighbor_extension_and_appendix_negative_control,results/02_main_quality/ex49_malt_family/analysis/formal_20260810_authoritative/r1_unified_ten_method_aggregate.csv,fa5b7b88d5669bccbb27e6692ca34bd379881e5486caed316d49b26536884716,results,49_r1_malt_strong_baseline/analysis/formal_20260810_authoritative/r1_unified_ten_method_aggregate.csv,fa5b7b88d5669bccbb27e6692ca34bd379881e5486caed316d49b26536884716,observed_after_record_anchor_verification,text_identity,core
ex49_malt_family__analysis_formal_20260810_authoritative_r1_unified_ten_method_quality_state_summa__c2077bc66e,49_r1_malt_strong_baseline,49_r1_malt_strong_baseline,main_quality,accepted_fresh_v4_six_of_six_with_wandb_reconciliation_without_checkpoint_tensors,three_seed_paper_derived_malt_family_and_ten_method_panel,quality_state_only_malt_main_malter_appendix_timing_excluded_not_official_reproduction,external_neighbor_extension_and_appendix_negative_control,results/02_main_quality/ex49_malt_family/analysis/formal_20260810_authoritative/r1_unified_ten_method_quality_state_summary.csv,d932f5b8611c5e80b93cef7e2a015c07805101259e2968be068bed23d5d67ba6,results,49_r1_malt_strong_baseline/analysis/formal_20260810_authoritative/r1_unified_ten_method_quality_state_summary.csv,d932f5b8611c5e80b93cef7e2a015c07805101259e2968be068bed23d5d67ba6,observed_after_record_anchor_verification,text_identity,core
ex49_malt_family__analysis_formal_20260810_authoritative_r1_unified_ten_method_run_summary_csv__183a741fb4,49_r1_malt_strong_baseline,49_r1_malt_strong_baseline,main_quality,accepted_fresh_v4_six_of_six_with_wandb_reconciliation_without_checkpoint_tensors,three_seed_paper_derived_malt_family_and_ten_method_panel,quality_state_only_malt_main_malter_appendix_timing_excluded_not_official_reproduction,external_neighbor_extension_and_appendix_negative_control,results/02_main_quality/ex49_malt_family/analysis/formal_20260810_authoritative/r1_unified_ten_method_run_summary.csv,6da83e28c832c145676128e761de4309f49b04fe48f845a411c23043c2a8c42a,results,49_r1_malt_strong_baseline/analysis/formal_20260810_authoritative/r1_unified_ten_method_run_summary.csv,6da83e28c832c145676128e761de4309f49b04fe48f845a411c23043c2a8c42a,observed_after_record_anchor_verification,text_identity,core
ex49_malt_family__analysis_wandb_20260810_formal_review_WANDB_FORMAL_AUDIT_md__2e5733d438,49_r1_malt_strong_baseline,49_r1_malt_strong_baseline,main_quality,accepted_fresh_v4_six_of_six_with_wandb_reconciliation_without_checkpoint_tensors,three_seed_paper_derived_malt_family_and_ten_method_panel,quality_state_only_malt_main_malter_appendix_timing_excluded_not_official_reproduction,external_neighbor_extension_and_appendix_negative_control,results/02_main_quality/ex49_malt_family/analysis/wandb_20260810_formal_review/WANDB_FORMAL_AUDIT.md,6d7e41b871aca51e0824f426a9d585c2a3fd5db4521fa0d61c792ad1ab379472,results,49_r1_malt_strong_baseline/analysis/wandb_20260810_formal_review/WANDB_FORMAL_AUDIT.md,6d7e41b871aca51e0824f426a9d585c2a3fd5db4521fa0d61c792ad1ab379472,observed_after_record_anchor_verification,text_identity,core
ex49_malt_family__analysis_wandb_20260810_formal_review_wandb_endpoint_reconciliation_csv__bfa1bf70f2,49_r1_malt_strong_baseline,49_r1_malt_strong_baseline,main_quality,accepted_fresh_v4_six_of_six_with_wandb_reconciliation_without_checkpoint_tensors,three_seed_paper_derived_malt_family_and_ten_method_panel,quality_state_only_malt_main_malter_appendix_timing_excluded_not_official_reproduction,external_neighbor_extension_and_appendix_negative_control,results/02_main_quality/ex49_malt_family/analysis/wandb_20260810_formal_review/wandb_endpoint_reconciliation.csv,d26662340dc0ae82a17c2779efa7d5b65e2672b6b9cbe4ac27dbcdb2e7b22571,results,49_r1_malt_strong_baseline/analysis/wandb_20260810_formal_review/wandb_endpoint_reconciliation.csv,d26662340dc0ae82a17c2779efa7d5b65e2672b6b9cbe4ac27dbcdb2e7b22571,observed_after_record_anchor_verification,text_identity,core
ex50_52_wandb_reconciliation__WANDB_AUDIT_md__00e4922def,50_r1_global_activation_diag,50_r1_global_activation_diag;51_moddedgpt_global_diag_scale;52_llama_global_diag_scale,main_quality,accepted_111_of_111_metric_reconciliations,secondary_wandb_mirror_with_ex52_stitched_history_boundary,supporting_lineage_only_timing_excluded,wandb_crosscheck_and_loss_trajectory_mirror,results/02_main_quality/ex50_52_wandb_reconciliation/WANDB_AUDIT.md,73aa98b06ca9b70c7b48824725b6d174c14abdee3474a6af9d89ec503d775d4f,results,_shared/analysis/global_diag_wandb_reconciliation_20260816/WANDB_AUDIT.md,73aa98b06ca9b70c7b48824725b6d174c14abdee3474a6af9d89ec503d775d4f,observed_after_record_anchor_verification,text_identity,supporting
ex50_52_wandb_reconciliation__wandb_audit_manifest_json__0f614ec83b,50_r1_global_activation_diag,50_r1_global_activation_diag;51_moddedgpt_global_diag_scale;52_llama_global_diag_scale,main_quality,accepted_111_of_111_metric_reconciliations,secondary_wandb_mirror_with_ex52_stitched_history_boundary,supporting_lineage_only_timing_excluded,wandb_crosscheck_and_loss_trajectory_mirror,results/02_main_quality/ex50_52_wandb_reconciliation/wandb_audit_manifest.json,9a6a1cc33178aff11dd46edae7b18649cf3e376f3159ae08d6df6a5344ca3dec,results,_shared/analysis/global_diag_wandb_reconciliation_20260816/wandb_audit_manifest.json,9a6a1cc33178aff11dd46edae7b18649cf3e376f3159ae08d6df6a5344ca3dec,selection_anchor,text_identity,supporting
ex50_52_wandb_reconciliation__wandb_loss_trajectories_csv__6a7c2d832a,50_r1_global_activation_diag,50_r1_global_activation_diag;51_moddedgpt_global_diag_scale;52_llama_global_diag_scale,main_quality,accepted_111_of_111_metric_reconciliations,secondary_wandb_mirror_with_ex52_stitched_history_boundary,supporting_lineage_only_timing_excluded,wandb_crosscheck_and_loss_trajectory_mirror,results/02_main_quality/ex50_52_wandb_reconciliation/wandb_loss_trajectories.csv,65b4c48609d7ecd6d1625b3569b4ae578dfbb2a00e2093189ece22109629eaa6,results,_shared/analysis/global_diag_wandb_reconciliation_20260816/wandb_loss_trajectories.csv,65b4c48609d7ecd6d1625b3569b4ae578dfbb2a00e2093189ece22109629eaa6,observed_after_record_anchor_verification,text_identity,supporting
ex50_52_wandb_reconciliation__wandb_reconciliation_csv__ff144603cd,50_r1_global_activation_diag,50_r1_global_activation_diag;51_moddedgpt_global_diag_scale;52_llama_global_diag_scale,main_quality,accepted_111_of_111_metric_reconciliations,secondary_wandb_mirror_with_ex52_stitched_history_boundary,supporting_lineage_only_timing_excluded,wandb_crosscheck_and_loss_trajectory_mirror,results/02_main_quality/ex50_52_wandb_reconciliation/wandb_reconciliation.csv,872d86426c92de571a164b15d70be77158b09ff39a70d5778268e2a246678a69,results,_shared/analysis/global_diag_wandb_reconciliation_20260816/wandb_reconciliation.csv,872d86426c92de571a164b15d70be77158b09ff39a70d5778268e2a246678a69,observed_after_record_anchor_verification,text_identity,supporting
ex50_global_activation_diag_124m__20260814T045805_0000_analysis_EXPERIMENT_50_ANALYSIS_md__a251846020,50_r1_global_activation_diag,50_r1_global_activation_diag,main_quality,accepted_three_of_three_with_wandb_reconciliation,global_diag_worse_than_selective_diag_at_moddedgpt_124m,quality_state_only_timing_excluded,global_vs_selective_diag_ablation,results/02_main_quality/ex50_global_activation_diag_124m/20260814T045805+0000/analysis/EXPERIMENT_50_ANALYSIS.md,58961efc6eb2d6d4eeaa54a519377c1f13304e8399487da1079adb50358ec904,results,50_r1_global_activation_diag/20260814T045805+0000/analysis/EXPERIMENT_50_ANALYSIS.md,58961efc6eb2d6d4eeaa54a519377c1f13304e8399487da1079adb50358ec904,observed_after_record_anchor_verification,text_identity,core
ex50_global_activation_diag_124m__20260814T045805_0000_analysis_aggregate_contrasts_csv__79418ace6d,50_r1_global_activation_diag,50_r1_global_activation_diag,main_quality,accepted_three_of_three_with_wandb_reconciliation,global_diag_worse_than_selective_diag_at_moddedgpt_124m,quality_state_only_timing_excluded,global_vs_selective_diag_ablation,results/02_main_quality/ex50_global_activation_diag_124m/20260814T045805+0000/analysis/aggregate_contrasts.csv,abc5bb1b53b948d3bf1e6683fc4125f3aa91ca3a65f283fd62f6791b99d09c8a,results,50_r1_global_activation_diag/20260814T045805+0000/analysis/aggregate_contrasts.csv,abc5bb1b53b948d3bf1e6683fc4125f3aa91ca3a65f283fd62f6791b99d09c8a,observed_after_record_anchor_verification,text_identity,core
ex50_global_activation_diag_124m__20260814T045805_0000_analysis_all_method_runs_csv__7137cd21b2,50_r1_global_activation_diag,50_r1_global_activation_diag,main_quality,accepted_three_of_three_with_wandb_reconciliation,global_diag_worse_than_selective_diag_at_moddedgpt_124m,quality_state_only_timing_excluded,global_vs_selective_diag_ablation,results/02_main_quality/ex50_global_activation_diag_124m/20260814T045805+0000/analysis/all_method_runs.csv,2b0c727a84a3d605ab40a3aa1429ca14283fd2b48d8903fd35a6423f6b112a51,results,50_r1_global_activation_diag/20260814T045805+0000/analysis/all_method_runs.csv,2b0c727a84a3d605ab40a3aa1429ca14283fd2b48d8903fd35a6423f6b112a51,observed_after_record_anchor_verification,text_identity,core
ex50_global_activation_diag_124m__20260814T045805_0000_analysis_analysis_manifest_json__37874c38e1,50_r1_global_activation_diag,50_r1_global_activation_diag,main_quality,accepted_three_of_three_with_wandb_reconciliation,global_diag_worse_than_selective_diag_at_moddedgpt_124m,quality_state_only_timing_excluded,global_vs_selective_diag_ablation,results/02_main_quality/ex50_global_activation_diag_124m/20260814T045805+0000/analysis/analysis_manifest.json,044de3b2e1ad6470dc3731c013692d921a2e8106028223e613611dbff0a9898d,results,50_r1_global_activation_diag/20260814T045805+0000/analysis/analysis_manifest.json,a34f32e82ca9ecb47d77eb61452d6ab2b996d779b736adc82800b9044b6ee62b,selection_anchor,json_structured_portable_rewrite,core
ex50_global_activation_diag_124m__20260814T045805_0000_analysis_global_diag_formal_results_csv__f3eb135aa4,50_r1_global_activation_diag,50_r1_global_activation_diag,main_quality,accepted_three_of_three_with_wandb_reconciliation,global_diag_worse_than_selective_diag_at_moddedgpt_124m,quality_state_only_timing_excluded,global_vs_selective_diag_ablation,results/02_main_quality/ex50_global_activation_diag_124m/20260814T045805+0000/analysis/global_diag_formal_results.csv,6f72f02bbba1d2f3abe30b4171aa4adcc8eddc9d33bb2887ff078e4346125c2b,results,50_r1_global_activation_diag/20260814T045805+0000/analysis/global_diag_formal_results.csv,ebe3d99fb4eae9097c3f9457e3892d63a219366ab6ce527ee8edecc4a9ef9573,observed_after_record_anchor_verification,submission_sanitized,core
ex50_global_activation_diag_124m__20260814T045805_0000_analysis_method_summary_csv__fbc4ec5749,50_r1_global_activation_diag,50_r1_global_activation_diag,main_quality,accepted_three_of_three_with_wandb_reconciliation,global_diag_worse_than_selective_diag_at_moddedgpt_124m,quality_state_only_timing_excluded,global_vs_selective_diag_ablation,results/02_main_quality/ex50_global_activation_diag_124m/20260814T045805+0000/analysis/method_summary.csv,16cb5962024debd4e1df3d9a8cd778ae2b78b0d59993614d9773f9a661773f37,results,50_r1_global_activation_diag/20260814T045805+0000/analysis/method_summary.csv,16cb5962024debd4e1df3d9a8cd778ae2b78b0d59993614d9773f9a661773f37,observed_after_record_anchor_verification,text_identity,core
ex50_global_activation_diag_124m__20260814T045805_0000_analysis_paired_contrasts_csv__65ccc4c0fa,50_r1_global_activation_diag,50_r1_global_activation_diag,main_quality,accepted_three_of_three_with_wandb_reconciliation,global_diag_worse_than_selective_diag_at_moddedgpt_124m,quality_state_only_timing_excluded,global_vs_selective_diag_ablation,results/02_main_quality/ex50_global_activation_diag_124m/20260814T045805+0000/analysis/paired_contrasts.csv,8544916c3955dd71352819ba29af13ae82ffc0e2417e9b2936b2a04183cbba0c,results,50_r1_global_activation_diag/20260814T045805+0000/analysis/paired_contrasts.csv,8544916c3955dd71352819ba29af13ae82ffc0e2417e9b2936b2a04183cbba0c,observed_after_record_anchor_verification,text_identity,core
ex50_global_activation_diag_124m__20260814T045805_0000_formal_manifest_json__fba27b8179,50_r1_global_activation_diag,50_r1_global_activation_diag,main_quality,accepted_three_of_three_with_wandb_reconciliation,global_diag_worse_than_selective_diag_at_moddedgpt_124m,quality_state_only_timing_excluded,global_vs_selective_diag_ablation,results/02_main_quality/ex50_global_activation_diag_124m/20260814T045805+0000/formal_manifest.json,46aa50d533843854bfb449a990002cedc91ddf123019b5702cac0b73f5b4092d,results,50_r1_global_activation_diag/20260814T045805+0000/formal_manifest.json,f1fcf8c1c6a957e7061b835168de8e620d0be659f527dc4e65cc45f92e89dd32,observed_after_record_anchor_verification,json_structured_portable_rewrite,core
ex50_global_activation_diag_124m__20260814T045805_0000_handoff_manifest_json__bb4b2f8715,50_r1_global_activation_diag,50_r1_global_activation_diag,main_quality,accepted_three_of_three_with_wandb_reconciliation,global_diag_worse_than_selective_diag_at_moddedgpt_124m,quality_state_only_timing_excluded,global_vs_selective_diag_ablation,results/02_main_quality/ex50_global_activation_diag_124m/20260814T045805+0000/handoff_manifest.json,13111d80819d0de100d7cf98b88295fa860c3a3825257d7ba422e08031d160a6,results,50_r1_global_activation_diag/20260814T045805+0000/handoff_manifest.json,2acbc1b8df4fe63617af19df87cee298623ba0094ca5c449d3ddebb0a8abaa9b,observed_after_record_anchor_verification,json_structured_portable_rewrite,core
ex50_global_activation_diag_124m__20260814T045805_0000_pilot_manifest_json__4a16e117e5,50_r1_global_activation_diag,50_r1_global_activation_diag,main_quality,accepted_three_of_three_with_wandb_reconciliation,global_diag_worse_than_selective_diag_at_moddedgpt_124m,quality_state_only_timing_excluded,global_vs_selective_diag_ablation,results/02_main_quality/ex50_global_activation_diag_124m/20260814T045805+0000/pilot_manifest.json,b2b4a082d2a6c11589f6aa2353d3cfb1595ec9ad43e4e93f9b1ff479957bcc58,results,50_r1_global_activation_diag/20260814T045805+0000/pilot_manifest.json,f6d0c8fb0daef3f5b251dcec8b3992b70ff823143d2f50f991cbf1aded1df27f,observed_after_record_anchor_verification,json_structured_portable_rewrite,core
ex50_global_activation_diag_124m__20260814T045805_0000_preflight_manifest_json__951e495140,50_r1_global_activation_diag,50_r1_global_activation_diag,main_quality,accepted_three_of_three_with_wandb_reconciliation,global_diag_worse_than_selective_diag_at_moddedgpt_124m,quality_state_only_timing_excluded,global_vs_selective_diag_ablation,results/02_main_quality/ex50_global_activation_diag_124m/20260814T045805+0000/preflight_manifest.json,36adff60532b9b78e2c5388afa214d68635d3ff8078bd76c75102133e1f0ae1f,results,50_r1_global_activation_diag/20260814T045805+0000/preflight_manifest.json,5e45f6c5e65368b20cd21a54eceeecf25377fa3bc73e767576fa212a69d9aa6e,observed_after_record_anchor_verification,json_structured_portable_rewrite,core
ex50_global_activation_diag_124m__20260814T045805_0000_source_snapshot_source_snapshot_manifest_json__20213c1355,50_r1_global_activation_diag,50_r1_global_activation_diag,main_quality,accepted_three_of_three_with_wandb_reconciliation,global_diag_worse_than_selective_diag_at_moddedgpt_124m,quality_state_only_timing_excluded,global_vs_selective_diag_ablation,results/02_main_quality/ex50_global_activation_diag_124m/20260814T045805+0000/source_snapshot/source_snapshot_manifest.json,2ade88d8dc2ee388f11cb5d3a82a4f9ff8ef3f53f21793c3de916427ae9b3d4b,results,50_r1_global_activation_diag/20260814T045805+0000/source_snapshot/source_snapshot_manifest.json,2ade88d8dc2ee388f11cb5d3a82a4f9ff8ef3f53f21793c3de916427ae9b3d4b,observed_after_record_anchor_verification,text_identity,core
ex51_moddedgpt_global_diag_scale__20260814T103626_0000_analysis_analysis_manifest_json__fedb570fe4,51_moddedgpt_global_diag_scale,51_moddedgpt_global_diag_scale,main_quality,accepted_seven_of_seven_with_wandb_reconciliation,moddedgpt_scale_confirmation_does_not_reverse_selective_result,quality_state_only_timing_excluded,global_vs_selective_diag_scale_ablation,results/02_main_quality/ex51_moddedgpt_global_diag_scale/20260814T103626+0000/analysis/analysis_manifest.json,aebc409fa4e4ab8f7f3d2d7b7f83d2a05e61c8b91ce759368ea5054501d331e9,results,51_moddedgpt_global_diag_scale/20260814T103626+0000/analysis/analysis_manifest.json,aebc409fa4e4ab8f7f3d2d7b7f83d2a05e61c8b91ce759368ea5054501d331e9,selection_anchor,text_identity,core
ex51_moddedgpt_global_diag_scale__20260814T103626_0000_analysis_formal_endpoints_csv__43f4f50f62,51_moddedgpt_global_diag_scale,51_moddedgpt_global_diag_scale,main_quality,accepted_seven_of_seven_with_wandb_reconciliation,moddedgpt_scale_confirmation_does_not_reverse_selective_result,quality_state_only_timing_excluded,global_vs_selective_diag_scale_ablation,results/02_main_quality/ex51_moddedgpt_global_diag_scale/20260814T103626+0000/analysis/formal_endpoints.csv,20469d629ba6271d7f5b9b86f7d098503ed3dfb73d5dc48cf1b91a8c6e8497fa,results,51_moddedgpt_global_diag_scale/20260814T103626+0000/analysis/formal_endpoints.csv,6776348027a3cf98a048e70b00cb352cfbce7367d34a89170cd6c46773090102,observed_after_record_anchor_verification,submission_sanitized,core
ex51_moddedgpt_global_diag_scale__20260814T103626_0000_analysis_method_summary_csv__66e2ad549c,51_moddedgpt_global_diag_scale,51_moddedgpt_global_diag_scale,main_quality,accepted_seven_of_seven_with_wandb_reconciliation,moddedgpt_scale_confirmation_does_not_reverse_selective_result,quality_state_only_timing_excluded,global_vs_selective_diag_scale_ablation,results/02_main_quality/ex51_moddedgpt_global_diag_scale/20260814T103626+0000/analysis/method_summary.csv,472aa48cf9fc2b361b7a0717267b32f73dedee2694a4091c1c11a56795e51ab0,results,51_moddedgpt_global_diag_scale/20260814T103626+0000/analysis/method_summary.csv,472aa48cf9fc2b361b7a0717267b32f73dedee2694a4091c1c11a56795e51ab0,observed_after_record_anchor_verification,text_identity,core
ex51_moddedgpt_global_diag_scale__20260814T103626_0000_analysis_paired_contrasts_csv__0e21bd0d72,51_moddedgpt_global_diag_scale,51_moddedgpt_global_diag_scale,main_quality,accepted_seven_of_seven_with_wandb_reconciliation,moddedgpt_scale_confirmation_does_not_reverse_selective_result,quality_state_only_timing_excluded,global_vs_selective_diag_scale_ablation,results/02_main_quality/ex51_moddedgpt_global_diag_scale/20260814T103626+0000/analysis/paired_contrasts.csv,38f83f4fc8f56b8bf40fc5123bf7fda4c0f08b6566285f5335bc403fcae91554,results,51_moddedgpt_global_diag_scale/20260814T103626+0000/analysis/paired_contrasts.csv,38f83f4fc8f56b8bf40fc5123bf7fda4c0f08b6566285f5335bc403fcae91554,observed_after_record_anchor_verification,text_identity,core
ex51_moddedgpt_global_diag_scale__20260814T103626_0000_formal_formal_manifest_json__e174d9ad0e,51_moddedgpt_global_diag_scale,51_moddedgpt_global_diag_scale,main_quality,accepted_seven_of_seven_with_wandb_reconciliation,moddedgpt_scale_confirmation_does_not_reverse_selective_result,quality_state_only_timing_excluded,global_vs_selective_diag_scale_ablation,results/02_main_quality/ex51_moddedgpt_global_diag_scale/20260814T103626+0000/formal/formal_manifest.json,a9cb96c7fa50062e866110def9c16d9d2d21a0227904618135932a9749481685,results,51_moddedgpt_global_diag_scale/20260814T103626+0000/formal/formal_manifest.json,d433011d3d3ac0868554f91ec5783f07dec10be955cfb4c6166464f032b05746,observed_after_record_anchor_verification,json_structured_portable_rewrite,core
ex51_moddedgpt_global_diag_scale__20260814T103626_0000_handoff_manifest_json__e12cce94af,51_moddedgpt_global_diag_scale,51_moddedgpt_global_diag_scale,main_quality,accepted_seven_of_seven_with_wandb_reconciliation,moddedgpt_scale_confirmation_does_not_reverse_selective_result,quality_state_only_timing_excluded,global_vs_selective_diag_scale_ablation,results/02_main_quality/ex51_moddedgpt_global_diag_scale/20260814T103626+0000/handoff_manifest.json,37c42e966c7900d4ad9290f6ae92bf966295aa0f2cde1d0b517007ebed5ad86d,results,51_moddedgpt_global_diag_scale/20260814T103626+0000/handoff_manifest.json,745a03295acb91e10417590bb4158239b3a21802a885bc47a0a3ef929707e805,observed_after_record_anchor_verification,json_structured_portable_rewrite,core
ex51_moddedgpt_global_diag_scale__20260814T103626_0000_pilot_pilot_manifest_json__ae729759ff,51_moddedgpt_global_diag_scale,51_moddedgpt_global_diag_scale,main_quality,accepted_seven_of_seven_with_wandb_reconciliation,moddedgpt_scale_confirmation_does_not_reverse_selective_result,quality_state_only_timing_excluded,global_vs_selective_diag_scale_ablation,results/02_main_quality/ex51_moddedgpt_global_diag_scale/20260814T103626+0000/pilot/pilot_manifest.json,81d26a3dbb7a7958dfab20ffe51b25f6bec104d033bc71fedfadccfdc00cb1f3,results,51_moddedgpt_global_diag_scale/20260814T103626+0000/pilot/pilot_manifest.json,4af9e3811f79663cfb346be36345ea777d1f850ab4efa3bb44a9af4b1606b629,observed_after_record_anchor_verification,json_structured_portable_rewrite,core
ex51_moddedgpt_global_diag_scale__20260814T103626_0000_preflight_preflight_manifest_json__f8db0bc616,51_moddedgpt_global_diag_scale,51_moddedgpt_global_diag_scale,main_quality,accepted_seven_of_seven_with_wandb_reconciliation,moddedgpt_scale_confirmation_does_not_reverse_selective_result,quality_state_only_timing_excluded,global_vs_selective_diag_scale_ablation,results/02_main_quality/ex51_moddedgpt_global_diag_scale/20260814T103626+0000/preflight/preflight_manifest.json,0f294d8da9dde594e91010f32f94c9456d2df9b0729b4d5d44e00da88fbd77a0,results,51_moddedgpt_global_diag_scale/20260814T103626+0000/preflight/preflight_manifest.json,c6333b281293a66c94a8680e6948e6ecd508a4482ca15b4fadb3ea918289262a,observed_after_record_anchor_verification,json_structured_portable_rewrite,core
ex51_moddedgpt_global_diag_scale__20260814T103626_0000_source_snapshot_source_snapshot_manifest_json__9cc65cd343,51_moddedgpt_global_diag_scale,51_moddedgpt_global_diag_scale,main_quality,accepted_seven_of_seven_with_wandb_reconciliation,moddedgpt_scale_confirmation_does_not_reverse_selective_result,quality_state_only_timing_excluded,global_vs_selective_diag_scale_ablation,results/02_main_quality/ex51_moddedgpt_global_diag_scale/20260814T103626+0000/source_snapshot/source_snapshot_manifest.json,af018eb9d091154f2dc0fc6ffabec1bebed397e9931780a9fe85119ad167c820,results,51_moddedgpt_global_diag_scale/20260814T103626+0000/source_snapshot/source_snapshot_manifest.json,a3d8c7edf4f5e0857d41fb922e011af10d422e0dc47bee788adfc07a692c8be7,observed_after_record_anchor_verification,json_structured_portable_rewrite,core
ex51_moddedgpt_global_diag_scale__20260814T103626_0000_upload_upload_manifest_json__c3eeca50ac,51_moddedgpt_global_diag_scale,51_moddedgpt_global_diag_scale,main_quality,accepted_seven_of_seven_with_wandb_reconciliation,moddedgpt_scale_confirmation_does_not_reverse_selective_result,quality_state_only_timing_excluded,global_vs_selective_diag_scale_ablation,results/02_main_quality/ex51_moddedgpt_global_diag_scale/20260814T103626+0000/upload/upload_manifest.json,09240693af88b3d81481ab07f27c031b960ed98128fb8a2bd6492a7dd7525776,results,51_moddedgpt_global_diag_scale/20260814T103626+0000/upload/upload_manifest.json,a938e6e1865a08c461bf54226e3f10aa7317155a6fe47e90fe1461f1bfd25635,observed_after_record_anchor_verification,json_structured_portable_rewrite,core
ex52_llama_global_diag_scale__20260814T081710_0000_analysis_analysis_manifest_json__18675bf7d2,52_llama_global_diag_scale,52_llama_global_diag_scale,main_quality,accepted_six_of_six_with_documented_stitched_wandb_lineage,global_diag_strong_low_state_llama_alternative,quality_state_only_local_formal_primary_timing_excluded,architecture_conditioned_global_diag_ablation,results/02_main_quality/ex52_llama_global_diag_scale/20260814T081710+0000/analysis/analysis_manifest.json,9472b035a994d7e7810933c37383711ef47418a2508217aad053d8ed79056bbd,results,52_llama_global_diag_scale/20260814T081710+0000/analysis/analysis_manifest.json,9472b035a994d7e7810933c37383711ef47418a2508217aad053d8ed79056bbd,selection_anchor,text_identity,core
ex52_llama_global_diag_scale__20260814T081710_0000_analysis_formal_endpoints_csv__e9d4ca8c6b,52_llama_global_diag_scale,52_llama_global_diag_scale,main_quality,accepted_six_of_six_with_documented_stitched_wandb_lineage,global_diag_strong_low_state_llama_alternative,quality_state_only_local_formal_primary_timing_excluded,architecture_conditioned_global_diag_ablation,results/02_main_quality/ex52_llama_global_diag_scale/20260814T081710+0000/analysis/formal_endpoints.csv,48a9d4dc3ce7891dcb097e224ded325cff73844a9fee26d493f1d082872c274c,results,52_llama_global_diag_scale/20260814T081710+0000/analysis/formal_endpoints.csv,48a9d4dc3ce7891dcb097e224ded325cff73844a9fee26d493f1d082872c274c,observed_after_record_anchor_verification,text_identity,core
ex52_llama_global_diag_scale__20260814T081710_0000_analysis_method_summary_csv__386347dbbc,52_llama_global_diag_scale,52_llama_global_diag_scale,main_quality,accepted_six_of_six_with_documented_stitched_wandb_lineage,global_diag_strong_low_state_llama_alternative,quality_state_only_local_formal_primary_timing_excluded,architecture_conditioned_global_diag_ablation,results/02_main_quality/ex52_llama_global_diag_scale/20260814T081710+0000/analysis/method_summary.csv,9043274caa91f63a076ba827394742e31e1caec56cf984b527c5fdf6bf53d7c8,results,52_llama_global_diag_scale/20260814T081710+0000/analysis/method_summary.csv,9043274caa91f63a076ba827394742e31e1caec56cf984b527c5fdf6bf53d7c8,observed_after_record_anchor_verification,text_identity,core
ex52_llama_global_diag_scale__20260814T081710_0000_analysis_paired_contrasts_csv__19591a06da,52_llama_global_diag_scale,52_llama_global_diag_scale,main_quality,accepted_six_of_six_with_documented_stitched_wandb_lineage,global_diag_strong_low_state_llama_alternative,quality_state_only_local_formal_primary_timing_excluded,architecture_conditioned_global_diag_ablation,results/02_main_quality/ex52_llama_global_diag_scale/20260814T081710+0000/analysis/paired_contrasts.csv,e993b3a35852ea1039ded56866859aa0116cf05f1775bb4351ce7f723f05666d,results,52_llama_global_diag_scale/20260814T081710+0000/analysis/paired_contrasts.csv,e993b3a35852ea1039ded56866859aa0116cf05f1775bb4351ce7f723f05666d,observed_after_record_anchor_verification,text_identity,core
ex52_llama_global_diag_scale__20260814T081710_0000_formal_formal_manifest_json__fd644b6c96,52_llama_global_diag_scale,52_llama_global_diag_scale,main_quality,accepted_six_of_six_with_documented_stitched_wandb_lineage,global_diag_strong_low_state_llama_alternative,quality_state_only_local_formal_primary_timing_excluded,architecture_conditioned_global_diag_ablation,results/02_main_quality/ex52_llama_global_diag_scale/20260814T081710+0000/formal/formal_manifest.json,40db1edf54cef822a14dccf0222a1c92e1c6d3b781729a40d377fc50dc2d7661,results,52_llama_global_diag_scale/20260814T081710+0000/formal/formal_manifest.json,396fdf995e7fee379f67c3223191b2a62f27c4ff0410f093bbc4f719958a3a9d,observed_after_record_anchor_verification,json_structured_portable_rewrite,core
ex52_llama_global_diag_scale__20260814T081710_0000_handoff_manifest_json__5fb1538180,52_llama_global_diag_scale,52_llama_global_diag_scale,main_quality,accepted_six_of_six_with_documented_stitched_wandb_lineage,global_diag_strong_low_state_llama_alternative,quality_state_only_local_formal_primary_timing_excluded,architecture_conditioned_global_diag_ablation,results/02_main_quality/ex52_llama_global_diag_scale/20260814T081710+0000/handoff_manifest.json,5b825de88a0d5710174a3fccd1bbc02b7850d14b5f69bf2f10b9abb5c6ad85d2,results,52_llama_global_diag_scale/20260814T081710+0000/handoff_manifest.json,5b825de88a0d5710174a3fccd1bbc02b7850d14b5f69bf2f10b9abb5c6ad85d2,observed_after_record_anchor_verification,text_identity,core
ex52_llama_global_diag_scale__20260814T081710_0000_pilot_pilot_manifest_json__8108debde3,52_llama_global_diag_scale,52_llama_global_diag_scale,main_quality,accepted_six_of_six_with_documented_stitched_wandb_lineage,global_diag_strong_low_state_llama_alternative,quality_state_only_local_formal_primary_timing_excluded,architecture_conditioned_global_diag_ablation,results/02_main_quality/ex52_llama_global_diag_scale/20260814T081710+0000/pilot/pilot_manifest.json,aae088c64c0ab8c8e507e7a0aeb67a8e874d731a3664004e0b1b11e805b4569a,results,52_llama_global_diag_scale/20260814T081710+0000/pilot/pilot_manifest.json,ea51b95a6fc5c95e93f49033efc694ce7582b687fa979a9e687b7e6b93cf1125,observed_after_record_anchor_verification,json_structured_portable_rewrite,core
ex52_llama_global_diag_scale__20260814T081710_0000_preflight_preflight_manifest_json__bd03adc2a0,52_llama_global_diag_scale,52_llama_global_diag_scale,main_quality,accepted_six_of_six_with_documented_stitched_wandb_lineage,global_diag_strong_low_state_llama_alternative,quality_state_only_local_formal_primary_timing_excluded,architecture_conditioned_global_diag_ablation,results/02_main_quality/ex52_llama_global_diag_scale/20260814T081710+0000/preflight/preflight_manifest.json,b45bfadb14acf4deb9261852579fdf3a6f313bc35d971e991d3bd5f1f098c0e2,results,52_llama_global_diag_scale/20260814T081710+0000/preflight/preflight_manifest.json,1cf006a9186923ca1bcf2e1cba00dd6ff674d94868a3f14661cc33afca1affa7,observed_after_record_anchor_verification,json_structured_portable_rewrite,core
ex52_llama_global_diag_scale__20260814T081710_0000_screen_screen_manifest_json__34bbc7a811,52_llama_global_diag_scale,52_llama_global_diag_scale,main_quality,accepted_six_of_six_with_documented_stitched_wandb_lineage,global_diag_strong_low_state_llama_alternative,quality_state_only_local_formal_primary_timing_excluded,architecture_conditioned_global_diag_ablation,results/02_main_quality/ex52_llama_global_diag_scale/20260814T081710+0000/screen/screen_manifest.json,eb63c901d9a02957f3c69132d055fa70ef111234f24e9aa11741ac80454520d6,results,52_llama_global_diag_scale/20260814T081710+0000/screen/screen_manifest.json,becccb2145201eba34627bc1b8ccc0e51d0320254bf733f084fa831c367d8da9,observed_after_record_anchor_verification,json_structured_portable_rewrite,core
ex52_llama_global_diag_scale__20260814T081710_0000_source_snapshot_source_snapshot_manifest_json__5f90248252,52_llama_global_diag_scale,52_llama_global_diag_scale,main_quality,accepted_six_of_six_with_documented_stitched_wandb_lineage,global_diag_strong_low_state_llama_alternative,quality_state_only_local_formal_primary_timing_excluded,architecture_conditioned_global_diag_ablation,results/02_main_quality/ex52_llama_global_diag_scale/20260814T081710+0000/source_snapshot/source_snapshot_manifest.json,e7be5528a4f5e574f93d820f72c74a7305b56cb51840ac70b0137d12c6d7e15e,results,52_llama_global_diag_scale/20260814T081710+0000/source_snapshot/source_snapshot_manifest.json,3b55a132071d2fa340f9ae233fb154d43a46f0de188c16665d86e01d05c01f76,observed_after_record_anchor_verification,json_structured_portable_rewrite,core
ex54_57_post_review_synthesis__EX54_EX56_EX57_REMOTE_RESULT_REVIEW_20260831_md__7f7d8f977d,54_llama_moonlight_multiscale_multibudget,54_llama_moonlight_multiscale_multibudget;56_llama1b_10b_global_diag;57_llama1b_10b_moonlight,main_quality,independently_audited_combined_acceptance,accepted_cross_experiment_synthesis_without_pooling_ex54_ex57,quality_state_only_timing_excluded,post_review_supplemental_synthesis,results/02_main_quality/ex54_57_post_review_synthesis/EX54_EX56_EX57_REMOTE_RESULT_REVIEW_20260831.md,a87ca956b7d62c5bf97e938bb5fdc791498aa207d395293206261c7fb17645ca,results,_shared/analysis/post_review_ex54_ex56_ex57_20260831/EX54_EX56_EX57_REMOTE_RESULT_REVIEW_20260831.md,a87ca956b7d62c5bf97e938bb5fdc791498aa207d395293206261c7fb17645ca,observed_after_record_anchor_verification,text_identity,core
ex54_57_post_review_synthesis__combined_acceptance_manifest_json__ec5ef050c3,54_llama_moonlight_multiscale_multibudget,54_llama_moonlight_multiscale_multibudget;56_llama1b_10b_global_diag;57_llama1b_10b_moonlight,main_quality,independently_audited_combined_acceptance,accepted_cross_experiment_synthesis_without_pooling_ex54_ex57,quality_state_only_timing_excluded,post_review_supplemental_synthesis,results/02_main_quality/ex54_57_post_review_synthesis/combined_acceptance_manifest.json,1e932a7618adf7f838aaccb0234e1c5df2a05a1a287a5d25f8bf437e4461be60,results,_shared/analysis/post_review_ex54_ex56_ex57_20260831/combined_acceptance_manifest.json,19d9ac8909fca8831ab1be4059b9f6c0f04e33f46a00fbcf9633a09e3302dc63,selection_anchor,json_structured_portable_rewrite,core
ex54_llama_moonlight_multiscale_multibudget__independent_review_EXPERIMENT_54_REMOTE_RESULT_REVIEW_20260831_md__8b502e1441,54_llama_moonlight_multiscale_multibudget,54_llama_moonlight_multiscale_multibudget,main_quality,accepted_no_checkpoint_bundle_with_native_receipts,accepted_moonlight_multiscale_architecture_conditioned,quality_state_only_timing_excluded,moonlight_architecture_and_scale_control,results/02_main_quality/ex54_llama_moonlight_multiscale/independent_review/EXPERIMENT_54_REMOTE_RESULT_REVIEW_20260831.md,bc13f2081fa3313541b71c334f07c639ca182e4a4a3aa22487dfb3585508a0c3,results,54_llama_moonlight_multiscale_multibudget/received_20260831/independent_review/EXPERIMENT_54_REMOTE_RESULT_REVIEW_20260831.md,bc13f2081fa3313541b71c334f07c639ca182e4a4a3aa22487dfb3585508a0c3,observed_after_record_anchor_verification,text_identity,core
ex54_llama_moonlight_multiscale_multibudget__independent_review_independent_review_manifest_json__1b7ba8f479,54_llama_moonlight_multiscale_multibudget,54_llama_moonlight_multiscale_multibudget,main_quality,accepted_no_checkpoint_bundle_with_native_receipts,accepted_moonlight_multiscale_architecture_conditioned,quality_state_only_timing_excluded,moonlight_architecture_and_scale_control,results/02_main_quality/ex54_llama_moonlight_multiscale/independent_review/independent_review_manifest.json,152a5670e3a15728fc10c6607d1d9641b6f3dc30a513cfac72a585e72141f5ad,results,54_llama_moonlight_multiscale_multibudget/received_20260831/independent_review/independent_review_manifest.json,152a5670e3a15728fc10c6607d1d9641b6f3dc30a513cfac72a585e72141f5ad,observed_after_record_anchor_verification,text_identity,core
ex54_llama_moonlight_multiscale_multibudget__source_artifacts_analysis_analysis_manifest_json__cfddd02ce5,54_llama_moonlight_multiscale_multibudget,54_llama_moonlight_multiscale_multibudget,main_quality,accepted_no_checkpoint_bundle_with_native_receipts,accepted_moonlight_multiscale_architecture_conditioned,quality_state_only_timing_excluded,moonlight_architecture_and_scale_control,results/02_main_quality/ex54_llama_moonlight_multiscale/source_artifacts/analysis/analysis_manifest.json,18f1eadbbbc909af70866f040ff3f8b5e17b8a287bb7fd18ca979c31daecddb4,results,54_llama_moonlight_multiscale_multibudget/received_20260831/source_artifacts/analysis/analysis_manifest.json,18f1eadbbbc909af70866f040ff3f8b5e17b8a287bb7fd18ca979c31daecddb4,selection_anchor,text_identity,core
ex54_llama_moonlight_multiscale_multibudget__source_artifacts_analysis_endpoint_results_csv__14140f7440,54_llama_moonlight_multiscale_multibudget,54_llama_moonlight_multiscale_multibudget,main_quality,accepted_no_checkpoint_bundle_with_native_receipts,accepted_moonlight_multiscale_architecture_conditioned,quality_state_only_timing_excluded,moonlight_architecture_and_scale_control,results/02_main_quality/ex54_llama_moonlight_multiscale/source_artifacts/analysis/endpoint_results.csv,49d1b895b0f201f22a03145f2519080311c79b241b05753ff5f7489ada2a8414,results,54_llama_moonlight_multiscale_multibudget/received_20260831/source_artifacts/analysis/endpoint_results.csv,b295e0db23ebc7d7636066388944dd85e52f477d14076a9e52152d5ee73e50cc,observed_after_record_anchor_verification,submission_sanitized,core
ex54_llama_moonlight_multiscale_multibudget__source_artifacts_analysis_paired_contrasts_csv__4b7074c839,54_llama_moonlight_multiscale_multibudget,54_llama_moonlight_multiscale_multibudget,main_quality,accepted_no_checkpoint_bundle_with_native_receipts,accepted_moonlight_multiscale_architecture_conditioned,quality_state_only_timing_excluded,moonlight_architecture_and_scale_control,results/02_main_quality/ex54_llama_moonlight_multiscale/source_artifacts/analysis/paired_contrasts.csv,b27a4f2ebab68a5af0b253a66b7922790b0f4fd58b77a3bd7484c5882296adfd,results,54_llama_moonlight_multiscale_multibudget/received_20260831/source_artifacts/analysis/paired_contrasts.csv,b27a4f2ebab68a5af0b253a66b7922790b0f4fd58b77a3bd7484c5882296adfd,observed_after_record_anchor_verification,text_identity,core
ex54_llama_moonlight_multiscale_multibudget__source_artifacts_analysis_paired_seed_deltas_csv__f7162b3e43,54_llama_moonlight_multiscale_multibudget,54_llama_moonlight_multiscale_multibudget,main_quality,accepted_no_checkpoint_bundle_with_native_receipts,accepted_moonlight_multiscale_architecture_conditioned,quality_state_only_timing_excluded,moonlight_architecture_and_scale_control,results/02_main_quality/ex54_llama_moonlight_multiscale/source_artifacts/analysis/paired_seed_deltas.csv,ccfa992bfb23b24b85f7781de2a68eb86e203607f6342b7592d6918c509e2ea9,results,54_llama_moonlight_multiscale_multibudget/received_20260831/source_artifacts/analysis/paired_seed_deltas.csv,ccfa992bfb23b24b85f7781de2a68eb86e203607f6342b7592d6918c509e2ea9,observed_after_record_anchor_verification,text_identity,core
ex54_llama_moonlight_multiscale_multibudget__source_artifacts_analysis_verification_manifest_json__4b181eb9cc,54_llama_moonlight_multiscale_multibudget,54_llama_moonlight_multiscale_multibudget,main_quality,accepted_no_checkpoint_bundle_with_native_receipts,accepted_moonlight_multiscale_architecture_conditioned,quality_state_only_timing_excluded,moonlight_architecture_and_scale_control,results/02_main_quality/ex54_llama_moonlight_multiscale/source_artifacts/analysis/verification_manifest.json,cdb6029d89b383d567437c9d8a92cebb2384b13bc0afaeb6cc96514ff1ac8b01,results,54_llama_moonlight_multiscale_multibudget/received_20260831/source_artifacts/analysis/verification_manifest.json,cdb6029d89b383d567437c9d8a92cebb2384b13bc0afaeb6cc96514ff1ac8b01,observed_after_record_anchor_verification,text_identity,core
ex54_llama_moonlight_multiscale_multibudget__source_artifacts_completion_manifest_json__315053bda6,54_llama_moonlight_multiscale_multibudget,54_llama_moonlight_multiscale_multibudget,main_quality,accepted_no_checkpoint_bundle_with_native_receipts,accepted_moonlight_multiscale_architecture_conditioned,quality_state_only_timing_excluded,moonlight_architecture_and_scale_control,results/02_main_quality/ex54_llama_moonlight_multiscale/source_artifacts/completion_manifest.json,248308216c3d577bb9796a2d4b6cbe32fbcc4e9f70e64908e7d32d6ebba17a9e,results,54_llama_moonlight_multiscale_multibudget/received_20260831/source_artifacts/completion_manifest.json,254e9c5ae56be37f1d1d203081773f9851b46e3669a48f7301f3bda00949e7fe,observed_after_record_anchor_verification,json_structured_portable_rewrite,core
ex54_llama_moonlight_multiscale_multibudget__source_artifacts_formal_124m_seed2024_unit_manifest_json__8c48b157d4,54_llama_moonlight_multiscale_multibudget,54_llama_moonlight_multiscale_multibudget,main_quality,accepted_no_checkpoint_bundle_with_native_receipts,accepted_moonlight_multiscale_architecture_conditioned,quality_state_only_timing_excluded,moonlight_architecture_and_scale_control,results/02_main_quality/ex54_llama_moonlight_multiscale/source_artifacts/formal/124m/seed2024/unit_manifest.json,7a7df2a3b30a62c0c39588375e9e83db1c1f76cf6fe1a76bcf6dd8ea62367c2d,results,54_llama_moonlight_multiscale_multibudget/received_20260831/source_artifacts/formal/124m/seed2024/unit_manifest.json,7a7df2a3b30a62c0c39588375e9e83db1c1f76cf6fe1a76bcf6dd8ea62367c2d,observed_after_record_anchor_verification,text_identity,core
ex54_llama_moonlight_multiscale_multibudget__source_artifacts_formal_124m_seed2025_unit_manifest_json__c018201c0d,54_llama_moonlight_multiscale_multibudget,54_llama_moonlight_multiscale_multibudget,main_quality,accepted_no_checkpoint_bundle_with_native_receipts,accepted_moonlight_multiscale_architecture_conditioned,quality_state_only_timing_excluded,moonlight_architecture_and_scale_control,results/02_main_quality/ex54_llama_moonlight_multiscale/source_artifacts/formal/124m/seed2025/unit_manifest.json,77f65ec1738ba9a3b082ff0640f2795330b98d3f28382e4f011a3633ecb8dd0d,results,54_llama_moonlight_multiscale_multibudget/received_20260831/source_artifacts/formal/124m/seed2025/unit_manifest.json,77f65ec1738ba9a3b082ff0640f2795330b98d3f28382e4f011a3633ecb8dd0d,observed_after_record_anchor_verification,text_identity,core
ex54_llama_moonlight_multiscale_multibudget__source_artifacts_formal_124m_seed2026_unit_manifest_json__f3f30f7f95,54_llama_moonlight_multiscale_multibudget,54_llama_moonlight_multiscale_multibudget,main_quality,accepted_no_checkpoint_bundle_with_native_receipts,accepted_moonlight_multiscale_architecture_conditioned,quality_state_only_timing_excluded,moonlight_architecture_and_scale_control,results/02_main_quality/ex54_llama_moonlight_multiscale/source_artifacts/formal/124m/seed2026/unit_manifest.json,e6e855d06dab75ba98bbf985a75a12e84ec308441ee615db2097845795d25603,results,54_llama_moonlight_multiscale_multibudget/received_20260831/source_artifacts/formal/124m/seed2026/unit_manifest.json,e6e855d06dab75ba98bbf985a75a12e84ec308441ee615db2097845795d25603,observed_after_record_anchor_verification,text_identity,core
ex54_llama_moonlight_multiscale_multibudget__source_artifacts_formal_1b_seed2024_non10b_manifest_json__01ad841d72,54_llama_moonlight_multiscale_multibudget,54_llama_moonlight_multiscale_multibudget,main_quality,accepted_no_checkpoint_bundle_with_native_receipts,accepted_moonlight_multiscale_architecture_conditioned,quality_state_only_timing_excluded,moonlight_architecture_and_scale_control,results/02_main_quality/ex54_llama_moonlight_multiscale/source_artifacts/formal/1b/seed2024/non10b_manifest.json,7a66732d04c5d01db994116ebea3d9b2d7110363969207d4166809322c452139,results,54_llama_moonlight_multiscale_multibudget/received_20260831/source_artifacts/formal/1b/seed2024/non10b_manifest.json,eb8bba813b3c1a53b2a93073d8f0d923135e7d96e2e149aa17b73e7442c425e7,observed_after_record_anchor_verification,json_structured_portable_rewrite,core
ex54_llama_moonlight_multiscale_multibudget__source_artifacts_formal_1b_seed2025_non10b_manifest_json__ff49c772b3,54_llama_moonlight_multiscale_multibudget,54_llama_moonlight_multiscale_multibudget,main_quality,accepted_no_checkpoint_bundle_with_native_receipts,accepted_moonlight_multiscale_architecture_conditioned,quality_state_only_timing_excluded,moonlight_architecture_and_scale_control,results/02_main_quality/ex54_llama_moonlight_multiscale/source_artifacts/formal/1b/seed2025/non10b_manifest.json,75587fbbd7e0da58f11fe3fa6ebbd88a78f6ac69320a388d6caa787a9fb9324e,results,54_llama_moonlight_multiscale_multibudget/received_20260831/source_artifacts/formal/1b/seed2025/non10b_manifest.json,ecc5d9ab660f4dc009e306d7d67cffc190e0268507efd06103b48a6e79c70e1e,observed_after_record_anchor_verification,json_structured_portable_rewrite,core
ex54_llama_moonlight_multiscale_multibudget__source_artifacts_formal_1b_seed2026_non10b_manifest_json__1a2c1b2ac3,54_llama_moonlight_multiscale_multibudget,54_llama_moonlight_multiscale_multibudget,main_quality,accepted_no_checkpoint_bundle_with_native_receipts,accepted_moonlight_multiscale_architecture_conditioned,quality_state_only_timing_excluded,moonlight_architecture_and_scale_control,results/02_main_quality/ex54_llama_moonlight_multiscale/source_artifacts/formal/1b/seed2026/non10b_manifest.json,da3f347243bad6a9ca25b4aabee4ddd40f6217c126066a5b2f886eb8fbe46b45,results,54_llama_moonlight_multiscale_multibudget/received_20260831/source_artifacts/formal/1b/seed2026/non10b_manifest.json,207f164102c1e31d36415bec9e382d434ee55f21aef42f373f95bd879b9d7e09,observed_after_record_anchor_verification,json_structured_portable_rewrite,core
ex54_llama_moonlight_multiscale_multibudget__source_artifacts_formal_formal_non10b_manifest_json__452b3f1478,54_llama_moonlight_multiscale_multibudget,54_llama_moonlight_multiscale_multibudget,main_quality,accepted_no_checkpoint_bundle_with_native_receipts,accepted_moonlight_multiscale_architecture_conditioned,quality_state_only_timing_excluded,moonlight_architecture_and_scale_control,results/02_main_quality/ex54_llama_moonlight_multiscale/source_artifacts/formal/formal_non10b_manifest.json,c3a757232092bf1800559fb55c38d47b7385f030351729fdb30e16d5b2e60d8d,results,54_llama_moonlight_multiscale_multibudget/received_20260831/source_artifacts/formal/formal_non10b_manifest.json,69ab0de84079c968f1eb4e93a4baa560031015d99c303ca1092c7623ff986f0a,observed_after_record_anchor_verification,json_structured_portable_rewrite,core
ex54_llama_moonlight_multiscale_multibudget__source_artifacts_long_worker_contract_compatibility_amendment_v3_json__3273ac3939,54_llama_moonlight_multiscale_multibudget,54_llama_moonlight_multiscale_multibudget,main_quality,accepted_no_checkpoint_bundle_with_native_receipts,accepted_moonlight_multiscale_architecture_conditioned,quality_state_only_timing_excluded,moonlight_architecture_and_scale_control,results/02_main_quality/ex54_llama_moonlight_multiscale/source_artifacts/long_worker_contract_compatibility_amendment_v3.json,63e15c67dbbabe4f0160ccb3b73b0d58dfc14f55875484656073bb0df6daa234,results,54_llama_moonlight_multiscale_multibudget/received_20260831/source_artifacts/long_worker_contract_compatibility_amendment_v3.json,1628a45627bd664547ca13692ca62ec5e1a6fe4282306f6de643a63a890a9d8c,observed_after_record_anchor_verification,json_structured_portable_rewrite,core
ex54_llama_moonlight_multiscale_multibudget__source_artifacts_preflight_data_124m_json__2a5b583279,54_llama_moonlight_multiscale_multibudget,54_llama_moonlight_multiscale_multibudget,main_quality,accepted_no_checkpoint_bundle_with_native_receipts,accepted_moonlight_multiscale_architecture_conditioned,quality_state_only_timing_excluded,moonlight_architecture_and_scale_control,results/02_main_quality/ex54_llama_moonlight_multiscale/source_artifacts/preflight/data_124m.json,f820c7107c9c295f2ce1f8b241c2316aaa267f6c0099b4b9b3f9b529147325b3,results,54_llama_moonlight_multiscale_multibudget/received_20260831/source_artifacts/preflight/data_124m.json,c32eb014c9d0fd9a95351526ee69030112e680179a29753cdea6af663ed7e745,observed_after_record_anchor_verification,json_structured_portable_rewrite,core
ex54_llama_moonlight_multiscale_multibudget__source_artifacts_preflight_data_1b_json__6391b8a10c,54_llama_moonlight_multiscale_multibudget,54_llama_moonlight_multiscale_multibudget,main_quality,accepted_no_checkpoint_bundle_with_native_receipts,accepted_moonlight_multiscale_architecture_conditioned,quality_state_only_timing_excluded,moonlight_architecture_and_scale_control,results/02_main_quality/ex54_llama_moonlight_multiscale/source_artifacts/preflight/data_1b.json,9787aa3dcbf755de1eaffd95d0c443d12f74b81942c1f07024342470e52dfb3a,results,54_llama_moonlight_multiscale_multibudget/received_20260831/source_artifacts/preflight/data_1b.json,8d8f34fcc807fd68f566db8da306800fed604de2a690ddaa503e5025404631d1,observed_after_record_anchor_verification,json_structured_portable_rewrite,core
ex54_llama_moonlight_multiscale_multibudget__source_artifacts_preflight_preflight_manifest_json__34afbdc173,54_llama_moonlight_multiscale_multibudget,54_llama_moonlight_multiscale_multibudget,main_quality,accepted_no_checkpoint_bundle_with_native_receipts,accepted_moonlight_multiscale_architecture_conditioned,quality_state_only_timing_excluded,moonlight_architecture_and_scale_control,results/02_main_quality/ex54_llama_moonlight_multiscale/source_artifacts/preflight/preflight_manifest.json,1c8ecc2841a28cd1e3e8ce407bd1fa77370fc6d4a7a0600d9320d746ebfaa003,results,54_llama_moonlight_multiscale_multibudget/received_20260831/source_artifacts/preflight/preflight_manifest.json,dbba9f44fa71827c662e0f6c3935a47cd7cdf8c2bd035cdb5949c2af43a20435,observed_after_record_anchor_verification,json_structured_portable_rewrite,core
ex54_llama_moonlight_multiscale_multibudget__source_artifacts_rng_resume_compatibility_amendment_v1_json__3de789f49c,54_llama_moonlight_multiscale_multibudget,54_llama_moonlight_multiscale_multibudget,main_quality,accepted_no_checkpoint_bundle_with_native_receipts,accepted_moonlight_multiscale_architecture_conditioned,quality_state_only_timing_excluded,moonlight_architecture_and_scale_control,results/02_main_quality/ex54_llama_moonlight_multiscale/source_artifacts/rng_resume_compatibility_amendment_v1.json,363c4f70189c373445ddbad927de6251b1ad9332518aeea45a840b84224baf3f,results,54_llama_moonlight_multiscale_multibudget/received_20260831/source_artifacts/rng_resume_compatibility_amendment_v1.json,e4f7501ff73b2724aaa5a358f5983977b9785d19441175a4bc1b3a56802895f8,observed_after_record_anchor_verification,json_structured_portable_rewrite,core
ex54_llama_moonlight_multiscale_multibudget__source_artifacts_source_snapshot_scripts_54_llama_moonlight_multiscale_multibudg__3dd89b4431,54_llama_moonlight_multiscale_multibudget,54_llama_moonlight_multiscale_multibudget,main_quality,accepted_no_checkpoint_bundle_with_native_receipts,accepted_moonlight_multiscale_architecture_conditioned,quality_state_only_timing_excluded,moonlight_architecture_and_scale_control,results/02_main_quality/ex54_llama_moonlight_multiscale/source_artifacts/source_snapshot/scripts/54_llama_moonlight_multiscale_multibudget/frozen_controls.csv,702b5bc2d4f8b205b530664e14a17dc303a64fcea02a1c419174404c720b52c3,results,54_llama_moonlight_multiscale_multibudget/received_20260831/source_artifacts/source_snapshot/scripts/54_llama_moonlight_multiscale_multibudget/frozen_controls.csv,702b5bc2d4f8b205b530664e14a17dc303a64fcea02a1c419174404c720b52c3,observed_after_record_anchor_verification,text_identity,core
ex54_llama_moonlight_multiscale_multibudget__source_artifacts_source_snapshot_source_snapshot_manifest_json__d8011862e4,54_llama_moonlight_multiscale_multibudget,54_llama_moonlight_multiscale_multibudget,main_quality,accepted_no_checkpoint_bundle_with_native_receipts,accepted_moonlight_multiscale_architecture_conditioned,quality_state_only_timing_excluded,moonlight_architecture_and_scale_control,results/02_main_quality/ex54_llama_moonlight_multiscale/source_artifacts/source_snapshot/source_snapshot_manifest.json,b74311165b07eae365c1bbf78402f2cc6babbe6a355c072db974daa638d77379,results,54_llama_moonlight_multiscale_multibudget/received_20260831/source_artifacts/source_snapshot/source_snapshot_manifest.json,b74311165b07eae365c1bbf78402f2cc6babbe6a355c072db974daa638d77379,observed_after_record_anchor_verification,text_identity,core
ex54_llama_moonlight_multiscale_multibudget__source_artifacts_status_json__34ce191750,54_llama_moonlight_multiscale_multibudget,54_llama_moonlight_multiscale_multibudget,main_quality,accepted_no_checkpoint_bundle_with_native_receipts,accepted_moonlight_multiscale_architecture_conditioned,quality_state_only_timing_excluded,moonlight_architecture_and_scale_control,results/02_main_quality/ex54_llama_moonlight_multiscale/source_artifacts/status.json,5a64229467f3184dc8f84a286b6fa880842c8d589eb1ecd95769c48341103690,results,54_llama_moonlight_multiscale_multibudget/received_20260831/source_artifacts/status.json,5a64229467f3184dc8f84a286b6fa880842c8d589eb1ecd95769c48341103690,observed_after_record_anchor_verification,text_identity,core
ex54_llama_moonlight_multiscale_multibudget__source_artifacts_tuning_engineering_pilot_manifest_json__024ad0c296,54_llama_moonlight_multiscale_multibudget,54_llama_moonlight_multiscale_multibudget,main_quality,accepted_no_checkpoint_bundle_with_native_receipts,accepted_moonlight_multiscale_architecture_conditioned,quality_state_only_timing_excluded,moonlight_architecture_and_scale_control,results/02_main_quality/ex54_llama_moonlight_multiscale/source_artifacts/tuning/engineering_pilot_manifest.json,c7e40bef716d01563c32301c6ac7bf76f0c7cc97564a811805775c9c3e5e4bbe,results,54_llama_moonlight_multiscale_multibudget/received_20260831/source_artifacts/tuning/engineering_pilot_manifest.json,23383eb1a7994fba2194f6540360f2e8a6e0f499a3badb1928e83710b5ea290d,observed_after_record_anchor_verification,json_structured_portable_rewrite,core
ex54_llama_moonlight_multiscale_multibudget__source_artifacts_tuning_selected_formal_contract_json__62e5df61c5,54_llama_moonlight_multiscale_multibudget,54_llama_moonlight_multiscale_multibudget,main_quality,accepted_no_checkpoint_bundle_with_native_receipts,accepted_moonlight_multiscale_architecture_conditioned,quality_state_only_timing_excluded,moonlight_architecture_and_scale_control,results/02_main_quality/ex54_llama_moonlight_multiscale/source_artifacts/tuning/selected_formal_contract.json,98f39979fde2117b25daeba640fc821a812e2f0362306c04d470f69089d87494,results,54_llama_moonlight_multiscale_multibudget/received_20260831/source_artifacts/tuning/selected_formal_contract.json,ce7b8b14c45bb05262689a9457422130250e47fa6cbc247e346900e31a7e56d6,observed_after_record_anchor_verification,json_structured_portable_rewrite,core
ex54_llama_moonlight_multiscale_multibudget__source_artifacts_tuning_selection_json__84b23654ef,54_llama_moonlight_multiscale_multibudget,54_llama_moonlight_multiscale_multibudget,main_quality,accepted_no_checkpoint_bundle_with_native_receipts,accepted_moonlight_multiscale_architecture_conditioned,quality_state_only_timing_excluded,moonlight_architecture_and_scale_control,results/02_main_quality/ex54_llama_moonlight_multiscale/source_artifacts/tuning/selection.json,f8a75b3adf4c99f1ba910d7e1067f900abf6c10c058418e539debf50e1927702,results,54_llama_moonlight_multiscale_multibudget/received_20260831/source_artifacts/tuning/selection.json,f8a75b3adf4c99f1ba910d7e1067f900abf6c10c058418e539debf50e1927702,observed_after_record_anchor_verification,text_identity,core
ex54_llama_moonlight_multiscale_multibudget__source_artifacts_tuning_tuning_manifest_json__81e0e96046,54_llama_moonlight_multiscale_multibudget,54_llama_moonlight_multiscale_multibudget,main_quality,accepted_no_checkpoint_bundle_with_native_receipts,accepted_moonlight_multiscale_architecture_conditioned,quality_state_only_timing_excluded,moonlight_architecture_and_scale_control,results/02_main_quality/ex54_llama_moonlight_multiscale/source_artifacts/tuning/tuning_manifest.json,3e1caf5fe303063bb4a53744f179f2838e2c339f66e917e15e78115584331fe0,results,54_llama_moonlight_multiscale_multibudget/received_20260831/source_artifacts/tuning/tuning_manifest.json,a495884806eb269cdf2aba3d9260cdc0642de45e49bf1b8b722efd256f05777e,observed_after_record_anchor_verification,json_structured_portable_rewrite,core
ex55_r1_fresh_seed_baseline_fairness__independent_review_EXPERIMENT_55_REMOTE_RESULT_REVIEW_20260820_md__d3628b1fc9,55_r1_fresh_seed_baseline_fairness,55_r1_fresh_seed_baseline_fairness,main_quality,accepted_fresh_seed_panel_with_wandb_reconciliation,accepted_fresh_seed_baseline_fairness,quality_only_fresh_seed_fairness,fresh_seed_baseline_fairness_control,results/02_main_quality/ex55_fresh_seed_baseline_fairness/independent_review/EXPERIMENT_55_REMOTE_RESULT_REVIEW_20260820.md,c5119552b5de0c5cc9fc9a2031c84af72696cb067037df3876b0d4d5ae4129cb,results,55_r1_fresh_seed_baseline_fairness/received_20260820/independent_review/EXPERIMENT_55_REMOTE_RESULT_REVIEW_20260820.md,c5119552b5de0c5cc9fc9a2031c84af72696cb067037df3876b0d4d5ae4129cb,observed_after_record_anchor_verification,text_identity,core
ex55_r1_fresh_seed_baseline_fairness__independent_review_independent_review_manifest_json__1b7ba8f479,55_r1_fresh_seed_baseline_fairness,55_r1_fresh_seed_baseline_fairness,main_quality,accepted_fresh_seed_panel_with_wandb_reconciliation,accepted_fresh_seed_baseline_fairness,quality_only_fresh_seed_fairness,fresh_seed_baseline_fairness_control,results/02_main_quality/ex55_fresh_seed_baseline_fairness/independent_review/independent_review_manifest.json,b8236acbe61b8e7f226d04bdc979dad1b5b8895aa2bf57e7a56f7e51db9cb49b,results,55_r1_fresh_seed_baseline_fairness/received_20260820/independent_review/independent_review_manifest.json,9ba6d4bf94967b8119e4d246ed8e6d3072ace2f251734abcf68f16713369adfc,observed_after_record_anchor_verification,json_structured_portable_rewrite,core
ex55_r1_fresh_seed_baseline_fairness__source_artifacts_analysis_analysis_manifest_json__cfddd02ce5,55_r1_fresh_seed_baseline_fairness,55_r1_fresh_seed_baseline_fairness,main_quality,accepted_fresh_seed_panel_with_wandb_reconciliation,accepted_fresh_seed_baseline_fairness,quality_only_fresh_seed_fairness,fresh_seed_baseline_fairness_control,results/02_main_quality/ex55_fresh_seed_baseline_fairness/source_artifacts/analysis/analysis_manifest.json,9e92648626935a44766953af0942c5af49c668fcd68e9ff144964e8be0ccdcd0,results,55_r1_fresh_seed_baseline_fairness/received_20260820/source_artifacts/analysis/analysis_manifest.json,00f1adf557010d75459fad1cc29b1913c74d348118ef28de75ea97921b7b8f2e,selection_anchor,json_structured_portable_rewrite+package_hash_links_rewritten,core
ex55_r1_fresh_seed_baseline_fairness__source_artifacts_analysis_formal_metrics_tail5_lineage_json__725ae92ec3,55_r1_fresh_seed_baseline_fairness,55_r1_fresh_seed_baseline_fairness,main_quality,accepted_fresh_seed_panel_with_wandb_reconciliation,accepted_fresh_seed_baseline_fairness,quality_only_fresh_seed_fairness,fresh_seed_baseline_fairness_control,results/02_main_quality/ex55_fresh_seed_baseline_fairness/source_artifacts/analysis/formal_metrics_tail5_lineage.json,f5b9b96ac5490d9e93b260874b1ff60f58b3cec6a0f0a49fa00706c2d77ac3c8,results,55_r1_fresh_seed_baseline_fairness/received_20260820/source_artifacts/analysis/formal_metrics_tail5_lineage.json,6719b966115d77f8886cd90ba749400f1ab8707bdba8ea549481763c0fa0f23a,observed_after_record_anchor_verification,json_structured_portable_rewrite,core
ex55_r1_fresh_seed_baseline_fairness__source_artifacts_analysis_fresh_seed2027_paired_deltas_csv__db02fa4e53,55_r1_fresh_seed_baseline_fairness,55_r1_fresh_seed_baseline_fairness,main_quality,accepted_fresh_seed_panel_with_wandb_reconciliation,accepted_fresh_seed_baseline_fairness,quality_only_fresh_seed_fairness,fresh_seed_baseline_fairness_control,results/02_main_quality/ex55_fresh_seed_baseline_fairness/source_artifacts/analysis/fresh_seed2027_paired_deltas.csv,0e40d6c295eb227213d3ba1143f707c20d641a20de6c0d648eab8a758c57798b,results,55_r1_fresh_seed_baseline_fairness/received_20260820/source_artifacts/analysis/fresh_seed2027_paired_deltas.csv,0e40d6c295eb227213d3ba1143f707c20d641a20de6c0d648eab8a758c57798b,observed_after_record_anchor_verification,text_identity,core
ex55_r1_fresh_seed_baseline_fairness__source_artifacts_analysis_fresh_seed2027_panel_csv__637c185711,55_r1_fresh_seed_baseline_fairness,55_r1_fresh_seed_baseline_fairness,main_quality,accepted_fresh_seed_panel_with_wandb_reconciliation,accepted_fresh_seed_baseline_fairness,quality_only_fresh_seed_fairness,fresh_seed_baseline_fairness_control,results/02_main_quality/ex55_fresh_seed_baseline_fairness/source_artifacts/analysis/fresh_seed2027_panel.csv,a5677b8b042fb949a05e1591979f436b91a4f210c070de20b300092ca8940c6d,results,55_r1_fresh_seed_baseline_fairness/received_20260820/source_artifacts/analysis/fresh_seed2027_panel.csv,ca990eecca566450f1e5d749a38983be25f18fe3baf96890dd6f4ea2a52b7920,observed_after_record_anchor_verification,submission_sanitized,core
ex55_r1_fresh_seed_baseline_fairness__source_artifacts_analysis_historical_2024_2025_2026_panel_annotated_csv__159d737e16,55_r1_fresh_seed_baseline_fairness,55_r1_fresh_seed_baseline_fairness,main_quality,accepted_fresh_seed_panel_with_wandb_reconciliation,accepted_fresh_seed_baseline_fairness,quality_only_fresh_seed_fairness,fresh_seed_baseline_fairness_control,results/02_main_quality/ex55_fresh_seed_baseline_fairness/source_artifacts/analysis/historical_2024_2025_2026_panel_annotated.csv,19d196a9b66f5a84ddfb55690727b14c08b600e57c61fee66482e31d0ee830f8,results,55_r1_fresh_seed_baseline_fairness/received_20260820/source_artifacts/analysis/historical_2024_2025_2026_panel_annotated.csv,19d196a9b66f5a84ddfb55690727b14c08b600e57c61fee66482e31d0ee830f8,observed_after_record_anchor_verification,text_identity,core
ex55_r1_fresh_seed_baseline_fairness__source_artifacts_analysis_historical_2024_2025_2026_panel_source_csv__21b23e08ae,55_r1_fresh_seed_baseline_fairness,55_r1_fresh_seed_baseline_fairness,main_quality,accepted_fresh_seed_panel_with_wandb_reconciliation,accepted_fresh_seed_baseline_fairness,quality_only_fresh_seed_fairness,fresh_seed_baseline_fairness_control,results/02_main_quality/ex55_fresh_seed_baseline_fairness/source_artifacts/analysis/historical_2024_2025_2026_panel_source.csv,6da83e28c832c145676128e761de4309f49b04fe48f845a411c23043c2a8c42a,results,55_r1_fresh_seed_baseline_fairness/received_20260820/source_artifacts/analysis/historical_2024_2025_2026_panel_source.csv,6da83e28c832c145676128e761de4309f49b04fe48f845a411c23043c2a8c42a,observed_after_record_anchor_verification,text_identity,core
ex55_r1_fresh_seed_baseline_fairness__source_artifacts_analysis_leave_selection_seed_out_2024_2025_csv__43d372e50e,55_r1_fresh_seed_baseline_fairness,55_r1_fresh_seed_baseline_fairness,main_quality,accepted_fresh_seed_panel_with_wandb_reconciliation,accepted_fresh_seed_baseline_fairness,quality_only_fresh_seed_fairness,fresh_seed_baseline_fairness_control,results/02_main_quality/ex55_fresh_seed_baseline_fairness/source_artifacts/analysis/leave_selection_seed_out_2024_2025.csv,387f1945e9ba74588fed1af91cd0c5721c9e10ce0db2f86434872c158c96c6ae,results,55_r1_fresh_seed_baseline_fairness/received_20260820/source_artifacts/analysis/leave_selection_seed_out_2024_2025.csv,387f1945e9ba74588fed1af91cd0c5721c9e10ce0db2f86434872c158c96c6ae,observed_after_record_anchor_verification,text_identity,core
ex55_r1_fresh_seed_baseline_fairness__source_artifacts_analysis_repaired_fresh_panel_2024_2025_2027_csv__193d1d95ac,55_r1_fresh_seed_baseline_fairness,55_r1_fresh_seed_baseline_fairness,main_quality,accepted_fresh_seed_panel_with_wandb_reconciliation,accepted_fresh_seed_baseline_fairness,quality_only_fresh_seed_fairness,fresh_seed_baseline_fairness_control,results/02_main_quality/ex55_fresh_seed_baseline_fairness/source_artifacts/analysis/repaired_fresh_panel_2024_2025_2027.csv,2485c97a892890d7e1195f2759a1dec33465237582c52b9ad21dc78977213364,results,55_r1_fresh_seed_baseline_fairness/received_20260820/source_artifacts/analysis/repaired_fresh_panel_2024_2025_2027.csv,45e1c79eafab4d35caec17f77d882213290740b85bcb84e381090b19f713ae9f,observed_after_record_anchor_verification,submission_sanitized,core
ex55_r1_fresh_seed_baseline_fairness__source_artifacts_analysis_repaired_panel_method_summary_csv__b09b2df454,55_r1_fresh_seed_baseline_fairness,55_r1_fresh_seed_baseline_fairness,main_quality,accepted_fresh_seed_panel_with_wandb_reconciliation,accepted_fresh_seed_baseline_fairness,quality_only_fresh_seed_fairness,fresh_seed_baseline_fairness_control,results/02_main_quality/ex55_fresh_seed_baseline_fairness/source_artifacts/analysis/repaired_panel_method_summary.csv,47d6c04c5b4b8bfaa2fec0182156705cf39fc6c2e2839a6d38c277c2a6970f67,results,55_r1_fresh_seed_baseline_fairness/received_20260820/source_artifacts/analysis/repaired_panel_method_summary.csv,47d6c04c5b4b8bfaa2fec0182156705cf39fc6c2e2839a6d38c277c2a6970f67,observed_after_record_anchor_verification,text_identity,core
ex55_r1_fresh_seed_baseline_fairness__source_artifacts_analysis_repaired_panel_paired_aggregate_csv__eb4aeb5041,55_r1_fresh_seed_baseline_fairness,55_r1_fresh_seed_baseline_fairness,main_quality,accepted_fresh_seed_panel_with_wandb_reconciliation,accepted_fresh_seed_baseline_fairness,quality_only_fresh_seed_fairness,fresh_seed_baseline_fairness_control,results/02_main_quality/ex55_fresh_seed_baseline_fairness/source_artifacts/analysis/repaired_panel_paired_aggregate.csv,64b6902b6364308f57154686d6c5dc30c8aab3aff5b275060ec3c27574fb280a,results,55_r1_fresh_seed_baseline_fairness/received_20260820/source_artifacts/analysis/repaired_panel_paired_aggregate.csv,64b6902b6364308f57154686d6c5dc30c8aab3aff5b275060ec3c27574fb280a,observed_after_record_anchor_verification,text_identity,core
ex55_r1_fresh_seed_baseline_fairness__source_artifacts_analysis_repaired_panel_paired_deltas_csv__50b6fe68c7,55_r1_fresh_seed_baseline_fairness,55_r1_fresh_seed_baseline_fairness,main_quality,accepted_fresh_seed_panel_with_wandb_reconciliation,accepted_fresh_seed_baseline_fairness,quality_only_fresh_seed_fairness,fresh_seed_baseline_fairness_control,results/02_main_quality/ex55_fresh_seed_baseline_fairness/source_artifacts/analysis/repaired_panel_paired_deltas.csv,9cdc08bac333034c5e336ac7409f7556dff981ddaca89e4dc2dbf4162f77a951,results,55_r1_fresh_seed_baseline_fairness/received_20260820/source_artifacts/analysis/repaired_panel_paired_deltas.csv,9cdc08bac333034c5e336ac7409f7556dff981ddaca89e4dc2dbf4162f77a951,observed_after_record_anchor_verification,text_identity,core
ex55_r1_fresh_seed_baseline_fairness__source_artifacts_analysis_amendment_tail5_metrics_4e3730f2a3293391_json__137f11da0a,55_r1_fresh_seed_baseline_fairness,55_r1_fresh_seed_baseline_fairness,main_quality,accepted_fresh_seed_panel_with_wandb_reconciliation,accepted_fresh_seed_baseline_fairness,quality_only_fresh_seed_fairness,fresh_seed_baseline_fairness_control,results/02_main_quality/ex55_fresh_seed_baseline_fairness/source_artifacts/analysis_amendment_tail5_metrics_4e3730f2a3293391.json,cc3baac5b3786da259ce1bda62d39baf0c1195025c222a8aca2d81c4634b0059,results,55_r1_fresh_seed_baseline_fairness/received_20260820/source_artifacts/analysis_amendment_tail5_metrics_4e3730f2a3293391.json,f06e7b837899a5336040b4f43ebac5491a67495ea71ccce577f80970324eafdd,observed_after_record_anchor_verification,json_structured_portable_rewrite,core
ex55_r1_fresh_seed_baseline_fairness__source_artifacts_checkpoint_verification_manifest_json__3b9490d4b8,55_r1_fresh_seed_baseline_fairness,55_r1_fresh_seed_baseline_fairness,main_quality,accepted_fresh_seed_panel_with_wandb_reconciliation,accepted_fresh_seed_baseline_fairness,quality_only_fresh_seed_fairness,fresh_seed_baseline_fairness_control,results/02_main_quality/ex55_fresh_seed_baseline_fairness/source_artifacts/checkpoint_verification_manifest.json,ec84113eba63278af698e24638969c31424398b31fae461712ba0436319dcc40,results,55_r1_fresh_seed_baseline_fairness/received_20260820/source_artifacts/checkpoint_verification_manifest.json,738d8c078fa694e5842159a18ba3f579253eaff701825b6724394c42ff94d9ae,observed_after_record_anchor_verification,json_structured_portable_rewrite,core
ex55_r1_fresh_seed_baseline_fairness__source_artifacts_formal_units_manifest_json__ddeb9a19e6,55_r1_fresh_seed_baseline_fairness,55_r1_fresh_seed_baseline_fairness,main_quality,accepted_fresh_seed_panel_with_wandb_reconciliation,accepted_fresh_seed_baseline_fairness,quality_only_fresh_seed_fairness,fresh_seed_baseline_fairness_control,results/02_main_quality/ex55_fresh_seed_baseline_fairness/source_artifacts/formal_units_manifest.json,02ba339d601d08d827c2d5b005ba17080992fe5d312c4c2ecc7dbde8f52f20e7,results,55_r1_fresh_seed_baseline_fairness/received_20260820/source_artifacts/formal_units_manifest.json,a7c6a4967a81d619205957d1d81fac6e014c3838552ab158e8c0ca6b2fdb2e90,observed_after_record_anchor_verification,json_structured_portable_rewrite,core
ex55_r1_fresh_seed_baseline_fairness__source_artifacts_frozen_data_inventory_json__98bb0188f9,55_r1_fresh_seed_baseline_fairness,55_r1_fresh_seed_baseline_fairness,main_quality,accepted_fresh_seed_panel_with_wandb_reconciliation,accepted_fresh_seed_baseline_fairness,quality_only_fresh_seed_fairness,fresh_seed_baseline_fairness_control,results/02_main_quality/ex55_fresh_seed_baseline_fairness/source_artifacts/frozen_data_inventory.json,740882a1150351335c1b64062ded8d4a3d232eccfb1fe604a8949d6384f97e4b,results,55_r1_fresh_seed_baseline_fairness/received_20260820/source_artifacts/frozen_data_inventory.json,a1192ce059f053931efc7aaeb8c2dcb9a775abfc67da00234452ad98709b2e56,observed_after_record_anchor_verification,json_structured_portable_rewrite,core
ex55_r1_fresh_seed_baseline_fairness__source_artifacts_handoff_manifest_json__2c1b824573,55_r1_fresh_seed_baseline_fairness,55_r1_fresh_seed_baseline_fairness,main_quality,accepted_fresh_seed_panel_with_wandb_reconciliation,accepted_fresh_seed_baseline_fairness,quality_only_fresh_seed_fairness,fresh_seed_baseline_fairness_control,results/02_main_quality/ex55_fresh_seed_baseline_fairness/source_artifacts/handoff_manifest.json,ab8aae05476ef16f8b6937e83586579d89f6f765e7efa6eaf02ec75421cb3b94,results,55_r1_fresh_seed_baseline_fairness/received_20260820/source_artifacts/handoff_manifest.json,bd12087fc5f84ef78f2ced4fd374fa92f5f131824f21eacce029237535d7a763,observed_after_record_anchor_verification,json_structured_portable_rewrite,core
ex55_r1_fresh_seed_baseline_fairness__source_artifacts_pilot_manifest_json__5f8ce024aa,55_r1_fresh_seed_baseline_fairness,55_r1_fresh_seed_baseline_fairness,main_quality,accepted_fresh_seed_panel_with_wandb_reconciliation,accepted_fresh_seed_baseline_fairness,quality_only_fresh_seed_fairness,fresh_seed_baseline_fairness_control,results/02_main_quality/ex55_fresh_seed_baseline_fairness/source_artifacts/pilot_manifest.json,762d7482bf3b12261995ee6caa1933a9380657aa080f95a8fb3bda6a47298fa8,results,55_r1_fresh_seed_baseline_fairness/received_20260820/source_artifacts/pilot_manifest.json,8ba6b7fc58921db8e69fd69bf338dacab70d463325574bbb6f9ffabd2e18d052,observed_after_record_anchor_verification,json_structured_portable_rewrite,core
ex55_r1_fresh_seed_baseline_fairness__source_artifacts_preflight_manifest_json__f9c9bc5a1f,55_r1_fresh_seed_baseline_fairness,55_r1_fresh_seed_baseline_fairness,main_quality,accepted_fresh_seed_panel_with_wandb_reconciliation,accepted_fresh_seed_baseline_fairness,quality_only_fresh_seed_fairness,fresh_seed_baseline_fairness_control,results/02_main_quality/ex55_fresh_seed_baseline_fairness/source_artifacts/preflight_manifest.json,d618f09e64003336d166bcb0262efc1f6fd62c5b1e2ac95dc33445d87bd39776,results,55_r1_fresh_seed_baseline_fairness/received_20260820/source_artifacts/preflight_manifest.json,4a8dc686223d770d5db66c75ca247f28b2cee1acf019e2326e96cbfa58a3495a,observed_after_record_anchor_verification,json_structured_portable_rewrite,core
ex55_r1_fresh_seed_baseline_fairness__source_artifacts_source_snapshot_manifest_json__d90d470be1,55_r1_fresh_seed_baseline_fairness,55_r1_fresh_seed_baseline_fairness,main_quality,accepted_fresh_seed_panel_with_wandb_reconciliation,accepted_fresh_seed_baseline_fairness,quality_only_fresh_seed_fairness,fresh_seed_baseline_fairness_control,results/02_main_quality/ex55_fresh_seed_baseline_fairness/source_artifacts/source_snapshot_manifest.json,aea2bed59e788f72c4fba227560bb73e102ccbcbd5b901048cd2399045cea239,results,55_r1_fresh_seed_baseline_fairness/received_20260820/source_artifacts/source_snapshot_manifest.json,aea2bed59e788f72c4fba227560bb73e102ccbcbd5b901048cd2399045cea239,observed_after_record_anchor_verification,text_identity,core
ex55_r1_fresh_seed_baseline_fairness__source_artifacts_suite_plan_json__4dcfb64cdf,55_r1_fresh_seed_baseline_fairness,55_r1_fresh_seed_baseline_fairness,main_quality,accepted_fresh_seed_panel_with_wandb_reconciliation,accepted_fresh_seed_baseline_fairness,quality_only_fresh_seed_fairness,fresh_seed_baseline_fairness_control,results/02_main_quality/ex55_fresh_seed_baseline_fairness/source_artifacts/suite_plan.json,615ad01a74f55f14e35a5ac55fdf578c416948c20dad639cd5e6775b9c164b55,results,55_r1_fresh_seed_baseline_fairness/received_20260820/source_artifacts/suite_plan.json,163278e75041747ee895b0f09c9a578ce2a9c79d9b36d7c274b8a9e3e526f196,observed_after_record_anchor_verification,json_structured_portable_rewrite,core
ex55_tracking_reconciliation__wandb_audit_manifest_json__0f614ec83b,55_r1_fresh_seed_baseline_fairness,55_r1_fresh_seed_baseline_fairness,main_quality,accepted_pointwise_tracking_reconciliation,secondary_tracking_mirror_only,provenance_only_local_artifacts_primary,tracking_reconciliation,results/02_main_quality/ex55_fresh_seed_baseline_fairness/tracking_reconciliation/wandb_audit_manifest.json,2ef6ce89adec9bfce1990c59181b7109b15b82646e50efb97ed3b4099602f8a3,results,55_r1_fresh_seed_baseline_fairness/received_20260820/wandb/reconciliation/wandb_audit_manifest.json,2ef6ce89adec9bfce1990c59181b7109b15b82646e50efb97ed3b4099602f8a3,selection_anchor,text_identity,core
ex55_tracking_reconciliation__wandb_metric_reconciliation_csv__2cf28da087,55_r1_fresh_seed_baseline_fairness,55_r1_fresh_seed_baseline_fairness,main_quality,accepted_pointwise_tracking_reconciliation,secondary_tracking_mirror_only,provenance_only_local_artifacts_primary,tracking_reconciliation,results/02_main_quality/ex55_fresh_seed_baseline_fairness/tracking_reconciliation/wandb_metric_reconciliation.csv,2c0be832fa66925280da6793f7b4a182f08c48494d24ff898c635d745cedd402,results,55_r1_fresh_seed_baseline_fairness/received_20260820/wandb/reconciliation/wandb_metric_reconciliation.csv,2c0be832fa66925280da6793f7b4a182f08c48494d24ff898c635d745cedd402,observed_after_record_anchor_verification,text_identity,core
ex55_tracking_reconciliation__wandb_metric_summary_csv__c04c9665ce,55_r1_fresh_seed_baseline_fairness,55_r1_fresh_seed_baseline_fairness,main_quality,accepted_pointwise_tracking_reconciliation,secondary_tracking_mirror_only,provenance_only_local_artifacts_primary,tracking_reconciliation,results/02_main_quality/ex55_fresh_seed_baseline_fairness/tracking_reconciliation/wandb_metric_summary.csv,b1bdc0512323550867baaee60491073c17c6cd2f8b1edaa817831af4f916e869,results,55_r1_fresh_seed_baseline_fairness/received_20260820/wandb/reconciliation/wandb_metric_summary.csv,b1bdc0512323550867baaee60491073c17c6cd2f8b1edaa817831af4f916e869,observed_after_record_anchor_verification,text_identity,core
ex56_llama1b_10b_global_diag__independent_review_EXPERIMENT_56_REMOTE_RESULT_REVIEW_20260831_md__b8a945dcbb,56_llama1b_10b_global_diag,56_llama1b_10b_global_diag,main_quality,accepted_no_checkpoint_bundle_with_full_native_verify_receipt,accepted_llama1b_10b_global_diag_ordering,quality_state_only_timing_excluded_no_equivalence_claim,long_budget_global_diagonal_scope_control,results/02_main_quality/ex56_llama1b_10b_global_diag/independent_review/EXPERIMENT_56_REMOTE_RESULT_REVIEW_20260831.md,926ebf0428059fcda58f44014b5c15290bcb660c9afee8fffefba666abf3f4f7,results,56_llama1b_10b_global_diag/received_20260831/independent_review/EXPERIMENT_56_REMOTE_RESULT_REVIEW_20260831.md,926ebf0428059fcda58f44014b5c15290bcb660c9afee8fffefba666abf3f4f7,observed_after_record_anchor_verification,text_identity,core
ex56_llama1b_10b_global_diag__independent_review_independent_review_manifest_json__1b7ba8f479,56_llama1b_10b_global_diag,56_llama1b_10b_global_diag,main_quality,accepted_no_checkpoint_bundle_with_full_native_verify_receipt,accepted_llama1b_10b_global_diag_ordering,quality_state_only_timing_excluded_no_equivalence_claim,long_budget_global_diagonal_scope_control,results/02_main_quality/ex56_llama1b_10b_global_diag/independent_review/independent_review_manifest.json,a5ba90825e21a5b6ef82bf00c3f524be6aa0d1826bb39678f50d3698df293376,results,56_llama1b_10b_global_diag/received_20260831/independent_review/independent_review_manifest.json,a5ba90825e21a5b6ef82bf00c3f524be6aa0d1826bb39678f50d3698df293376,observed_after_record_anchor_verification,text_identity,core
ex56_llama1b_10b_global_diag__source_artifacts_analysis_EX56_FORMAL_ANALYSIS_md__6f77683e20,56_llama1b_10b_global_diag,56_llama1b_10b_global_diag,main_quality,accepted_no_checkpoint_bundle_with_full_native_verify_receipt,accepted_llama1b_10b_global_diag_ordering,quality_state_only_timing_excluded_no_equivalence_claim,long_budget_global_diagonal_scope_control,results/02_main_quality/ex56_llama1b_10b_global_diag/source_artifacts/analysis/EX56_FORMAL_ANALYSIS.md,29c40236dc76b974436466590dd94087e9422eb7e93a2e1d0500f6974aa9029f,results,56_llama1b_10b_global_diag/received_20260831/source_artifacts/analysis/EX56_FORMAL_ANALYSIS.md,29c40236dc76b974436466590dd94087e9422eb7e93a2e1d0500f6974aa9029f,observed_after_record_anchor_verification,text_identity,core
ex56_llama1b_10b_global_diag__source_artifacts_analysis_analysis_manifest_json__cfddd02ce5,56_llama1b_10b_global_diag,56_llama1b_10b_global_diag,main_quality,accepted_no_checkpoint_bundle_with_full_native_verify_receipt,accepted_llama1b_10b_global_diag_ordering,quality_state_only_timing_excluded_no_equivalence_claim,long_budget_global_diagonal_scope_control,results/02_main_quality/ex56_llama1b_10b_global_diag/source_artifacts/analysis/analysis_manifest.json,1cdd8cf50f7530cd81c8135ba32b0ae136285450d3da68c56a33ce8c09e1c0c4,results,56_llama1b_10b_global_diag/received_20260831/source_artifacts/analysis/analysis_manifest.json,1cdd8cf50f7530cd81c8135ba32b0ae136285450d3da68c56a33ce8c09e1c0c4,selection_anchor,text_identity,core
ex56_llama1b_10b_global_diag__source_artifacts_analysis_classification_json__85aee64065,56_llama1b_10b_global_diag,56_llama1b_10b_global_diag,main_quality,accepted_no_checkpoint_bundle_with_full_native_verify_receipt,accepted_llama1b_10b_global_diag_ordering,quality_state_only_timing_excluded_no_equivalence_claim,long_budget_global_diagonal_scope_control,results/02_main_quality/ex56_llama1b_10b_global_diag/source_artifacts/analysis/classification.json,58417c3f91b800b2c7b070447040fa1d9f8b6a86995445d69790031340355b4b,results,56_llama1b_10b_global_diag/received_20260831/source_artifacts/analysis/classification.json,58417c3f91b800b2c7b070447040fa1d9f8b6a86995445d69790031340355b4b,observed_after_record_anchor_verification,text_identity,core
ex56_llama1b_10b_global_diag__source_artifacts_analysis_endpoint_results_csv__14140f7440,56_llama1b_10b_global_diag,56_llama1b_10b_global_diag,main_quality,accepted_no_checkpoint_bundle_with_full_native_verify_receipt,accepted_llama1b_10b_global_diag_ordering,quality_state_only_timing_excluded_no_equivalence_claim,long_budget_global_diagonal_scope_control,results/02_main_quality/ex56_llama1b_10b_global_diag/source_artifacts/analysis/endpoint_results.csv,9e6537912915f779bc6f192adb97689ac4554ff069f5c0b01925450afb4f1ccf,results,56_llama1b_10b_global_diag/received_20260831/source_artifacts/analysis/endpoint_results.csv,34731dfcc69a32506296078f3add8e1ca41d9411a58f4aec5d0187707fa2a94f,observed_after_record_anchor_verification,submission_sanitized,core
ex56_llama1b_10b_global_diag__source_artifacts_analysis_native_verify_full_json__0870fb9351,56_llama1b_10b_global_diag,56_llama1b_10b_global_diag,main_quality,accepted_no_checkpoint_bundle_with_full_native_verify_receipt,accepted_llama1b_10b_global_diag_ordering,quality_state_only_timing_excluded_no_equivalence_claim,long_budget_global_diagonal_scope_control,results/02_main_quality/ex56_llama1b_10b_global_diag/source_artifacts/analysis/native_verify_full.json,6becd343a650d22cbfa15b61d7ba4f6da98e38ff7d6203f14c1157fb6781c59e,results,56_llama1b_10b_global_diag/received_20260831/source_artifacts/analysis/native_verify_full.json,6becd343a650d22cbfa15b61d7ba4f6da98e38ff7d6203f14c1157fb6781c59e,observed_after_record_anchor_verification,text_identity,core
ex56_llama1b_10b_global_diag__source_artifacts_analysis_paired_contrasts_csv__4b7074c839,56_llama1b_10b_global_diag,56_llama1b_10b_global_diag,main_quality,accepted_no_checkpoint_bundle_with_full_native_verify_receipt,accepted_llama1b_10b_global_diag_ordering,quality_state_only_timing_excluded_no_equivalence_claim,long_budget_global_diagonal_scope_control,results/02_main_quality/ex56_llama1b_10b_global_diag/source_artifacts/analysis/paired_contrasts.csv,5b37949d5d543f78b15fbc7e580d162cf06bfcb8c071342ff73c21ff97549432,results,56_llama1b_10b_global_diag/received_20260831/source_artifacts/analysis/paired_contrasts.csv,5b37949d5d543f78b15fbc7e580d162cf06bfcb8c071342ff73c21ff97549432,observed_after_record_anchor_verification,text_identity,core
ex56_llama1b_10b_global_diag__source_artifacts_analysis_unified_endpoint_results_csv__abf35fda41,56_llama1b_10b_global_diag,56_llama1b_10b_global_diag,main_quality,accepted_no_checkpoint_bundle_with_full_native_verify_receipt,accepted_llama1b_10b_global_diag_ordering,quality_state_only_timing_excluded_no_equivalence_claim,long_budget_global_diagonal_scope_control,results/02_main_quality/ex56_llama1b_10b_global_diag/source_artifacts/analysis/unified_endpoint_results.csv,f08ac76d89d83abe95a73805a2012fcd7ca38c93cc7470613aa02583aa3110f5,results,56_llama1b_10b_global_diag/received_20260831/source_artifacts/analysis/unified_endpoint_results.csv,7a840572f78c8ec4b9e494a460daae49c4450233540842e2580e31a971448135,observed_after_record_anchor_verification,submission_sanitized,core
ex56_llama1b_10b_global_diag__source_artifacts_data_audit_json__f5bcfa5704,56_llama1b_10b_global_diag,56_llama1b_10b_global_diag,main_quality,accepted_no_checkpoint_bundle_with_full_native_verify_receipt,accepted_llama1b_10b_global_diag_ordering,quality_state_only_timing_excluded_no_equivalence_claim,long_budget_global_diagonal_scope_control,results/02_main_quality/ex56_llama1b_10b_global_diag/source_artifacts/data_audit.json,80462ce7143c26d49eb239506adf22fb53781278e35e3a4da583d946dea6a31a,results,56_llama1b_10b_global_diag/received_20260831/source_artifacts/data_audit.json,668dd1c5f8571579b25081c1b6a8da89caa6c8e9effec38227a166166947e4f4,observed_after_record_anchor_verification,json_structured_portable_rewrite,core
ex56_llama1b_10b_global_diag__source_artifacts_formal_global_diag_seed2024_unit_manifest_json__02efc8d592,56_llama1b_10b_global_diag,56_llama1b_10b_global_diag,main_quality,accepted_no_checkpoint_bundle_with_full_native_verify_receipt,accepted_llama1b_10b_global_diag_ordering,quality_state_only_timing_excluded_no_equivalence_claim,long_budget_global_diagonal_scope_control,results/02_main_quality/ex56_llama1b_10b_global_diag/source_artifacts/formal/global_diag/seed2024/unit_manifest.json,61406e691d6accaa0caedb67cc16e7be76e19806190752711c3205a02c41ff18,results,56_llama1b_10b_global_diag/received_20260831/source_artifacts/formal/global_diag/seed2024/unit_manifest.json,5115dfebfb8092418e8d69da0e743099c3b7e8cb319d371ccdda200165313d4f,observed_after_record_anchor_verification,json_structured_portable_rewrite,core
ex56_llama1b_10b_global_diag__source_artifacts_formal_global_diag_seed2025_unit_manifest_json__d6286f1f41,56_llama1b_10b_global_diag,56_llama1b_10b_global_diag,main_quality,accepted_no_checkpoint_bundle_with_full_native_verify_receipt,accepted_llama1b_10b_global_diag_ordering,quality_state_only_timing_excluded_no_equivalence_claim,long_budget_global_diagonal_scope_control,results/02_main_quality/ex56_llama1b_10b_global_diag/source_artifacts/formal/global_diag/seed2025/unit_manifest.json,cbd0a54fab31b047ba56ddeaceed6ed83314705d0135075d62671be738770642,results,56_llama1b_10b_global_diag/received_20260831/source_artifacts/formal/global_diag/seed2025/unit_manifest.json,4f3726b6ee807c2d495897ce940b6dfe01456fccb686a87e1c17e469892e887e,observed_after_record_anchor_verification,json_structured_portable_rewrite,core
ex56_llama1b_10b_global_diag__source_artifacts_formal_global_diag_seed2026_unit_manifest_json__3891a05a71,56_llama1b_10b_global_diag,56_llama1b_10b_global_diag,main_quality,accepted_no_checkpoint_bundle_with_full_native_verify_receipt,accepted_llama1b_10b_global_diag_ordering,quality_state_only_timing_excluded_no_equivalence_claim,long_budget_global_diagonal_scope_control,results/02_main_quality/ex56_llama1b_10b_global_diag/source_artifacts/formal/global_diag/seed2026/unit_manifest.json,41c55b17a07a5478c97ce0b53b6297e11ee104dc177ded2a69ec9857235b47a8,results,56_llama1b_10b_global_diag/received_20260831/source_artifacts/formal/global_diag/seed2026/unit_manifest.json,a3247b5fe4284fe4843cc3995ed4e1937bdafc60fd0100a02b20da780a5c3b4c,observed_after_record_anchor_verification,json_structured_portable_rewrite,core
ex56_llama1b_10b_global_diag__source_artifacts_handoff_manifest_json__2c1b824573,56_llama1b_10b_global_diag,56_llama1b_10b_global_diag,main_quality,accepted_no_checkpoint_bundle_with_full_native_verify_receipt,accepted_llama1b_10b_global_diag_ordering,quality_state_only_timing_excluded_no_equivalence_claim,long_budget_global_diagonal_scope_control,results/02_main_quality/ex56_llama1b_10b_global_diag/source_artifacts/handoff_manifest.json,9f42e179cf42de441769ba8c3e269a52f711451b129bdc020d1bfd86eeacbe12,results,56_llama1b_10b_global_diag/received_20260831/source_artifacts/handoff_manifest.json,cbfb1afc0271617d94974276204909f4ecbae07394102bbd7900a2cca137d04c,observed_after_record_anchor_verification,json_structured_portable_rewrite,core
ex56_llama1b_10b_global_diag__source_artifacts_init_audit_json__fc863cb317,56_llama1b_10b_global_diag,56_llama1b_10b_global_diag,main_quality,accepted_no_checkpoint_bundle_with_full_native_verify_receipt,accepted_llama1b_10b_global_diag_ordering,quality_state_only_timing_excluded_no_equivalence_claim,long_budget_global_diagonal_scope_control,results/02_main_quality/ex56_llama1b_10b_global_diag/source_artifacts/init_audit.json,6cfb08160c0925aad07eedb664a0328a7a2b64d034cc797346638cd445488e9a,results,56_llama1b_10b_global_diag/received_20260831/source_artifacts/init_audit.json,6cfb08160c0925aad07eedb664a0328a7a2b64d034cc797346638cd445488e9a,observed_after_record_anchor_verification,text_identity,core
ex56_llama1b_10b_global_diag__source_artifacts_pilot_manifest_json__5f8ce024aa,56_llama1b_10b_global_diag,56_llama1b_10b_global_diag,main_quality,accepted_no_checkpoint_bundle_with_full_native_verify_receipt,accepted_llama1b_10b_global_diag_ordering,quality_state_only_timing_excluded_no_equivalence_claim,long_budget_global_diagonal_scope_control,results/02_main_quality/ex56_llama1b_10b_global_diag/source_artifacts/pilot_manifest.json,a6c6f605b070e1a4bb8328cc46a589190c421dcf46e7a4303a6a5fc9a464988c,results,56_llama1b_10b_global_diag/received_20260831/source_artifacts/pilot_manifest.json,87d25d4f5ccf7598cb4ecdcd270a573592445dad36f37477cb20bf0c21444c01,observed_after_record_anchor_verification,json_structured_portable_rewrite,core
ex56_llama1b_10b_global_diag__source_artifacts_preflight_manifest_json__f9c9bc5a1f,56_llama1b_10b_global_diag,56_llama1b_10b_global_diag,main_quality,accepted_no_checkpoint_bundle_with_full_native_verify_receipt,accepted_llama1b_10b_global_diag_ordering,quality_state_only_timing_excluded_no_equivalence_claim,long_budget_global_diagonal_scope_control,results/02_main_quality/ex56_llama1b_10b_global_diag/source_artifacts/preflight_manifest.json,fc4474c201d24e229f8045ff3d93022f2854f3fb056fcfb89e52821b1f0be38a,results,56_llama1b_10b_global_diag/received_20260831/source_artifacts/preflight_manifest.json,beb6d704058fb2af336fb43c8cdc9a997ed97b6f8524ec57103b53d5c1af0a1c,observed_after_record_anchor_verification,json_structured_portable_rewrite,core
ex56_llama1b_10b_global_diag__source_artifacts_run_identity_json__dcf5f6a34d,56_llama1b_10b_global_diag,56_llama1b_10b_global_diag,main_quality,accepted_no_checkpoint_bundle_with_full_native_verify_receipt,accepted_llama1b_10b_global_diag_ordering,quality_state_only_timing_excluded_no_equivalence_claim,long_budget_global_diagonal_scope_control,results/02_main_quality/ex56_llama1b_10b_global_diag/source_artifacts/run_identity.json,363ca33725994ab8471e3ff6380c8aad4275c26794de91c231b6b19445e047a6,results,56_llama1b_10b_global_diag/received_20260831/source_artifacts/run_identity.json,252492b73399e26c868212726c910ccd57ba6498241850c1157bfb10fea59644,observed_after_record_anchor_verification,json_structured_portable_rewrite,core
ex56_llama1b_10b_global_diag__source_artifacts_runtime_preflight_json__00c7c12d83,56_llama1b_10b_global_diag,56_llama1b_10b_global_diag,main_quality,accepted_no_checkpoint_bundle_with_full_native_verify_receipt,accepted_llama1b_10b_global_diag_ordering,quality_state_only_timing_excluded_no_equivalence_claim,long_budget_global_diagonal_scope_control,results/02_main_quality/ex56_llama1b_10b_global_diag/source_artifacts/runtime_preflight.json,7ea34ee6666da31cc3fe15c94f69704e5adf57f9986294e538978b0c635ca5a4,results,56_llama1b_10b_global_diag/received_20260831/source_artifacts/runtime_preflight.json,e6d0325263c4211ffd8b5eb99e2c8691d3105fe2c5819d5828bdb790b8e2ebc6,observed_after_record_anchor_verification,json_structured_portable_rewrite,core
ex56_llama1b_10b_global_diag__source_artifacts_source_snapshot_source_snapshot_manifest_json__d8011862e4,56_llama1b_10b_global_diag,56_llama1b_10b_global_diag,main_quality,accepted_no_checkpoint_bundle_with_full_native_verify_receipt,accepted_llama1b_10b_global_diag_ordering,quality_state_only_timing_excluded_no_equivalence_claim,long_budget_global_diagonal_scope_control,results/02_main_quality/ex56_llama1b_10b_global_diag/source_artifacts/source_snapshot/source_snapshot_manifest.json,284376d90a307e977edd647bd867c1a5b3e245a627e9ff901564e686b9a2ead5,results,56_llama1b_10b_global_diag/received_20260831/source_artifacts/source_snapshot/source_snapshot_manifest.json,284376d90a307e977edd647bd867c1a5b3e245a627e9ff901564e686b9a2ead5,observed_after_record_anchor_verification,text_identity,core
ex56_llama1b_10b_global_diag__source_artifacts_status_json__34ce191750,56_llama1b_10b_global_diag,56_llama1b_10b_global_diag,main_quality,accepted_no_checkpoint_bundle_with_full_native_verify_receipt,accepted_llama1b_10b_global_diag_ordering,quality_state_only_timing_excluded_no_equivalence_claim,long_budget_global_diagonal_scope_control,results/02_main_quality/ex56_llama1b_10b_global_diag/source_artifacts/status.json,1425e95ae1f18960fabc53da2e9b3d4549ec73dd56bcbbd7df9b58c8a5e2679c,results,56_llama1b_10b_global_diag/received_20260831/source_artifacts/status.json,1425e95ae1f18960fabc53da2e9b3d4549ec73dd56bcbbd7df9b58c8a5e2679c,observed_after_record_anchor_verification,text_identity,core
ex56_llama1b_10b_global_diag__source_artifacts_suite_plan_json__4dcfb64cdf,56_llama1b_10b_global_diag,56_llama1b_10b_global_diag,main_quality,accepted_no_checkpoint_bundle_with_full_native_verify_receipt,accepted_llama1b_10b_global_diag_ordering,quality_state_only_timing_excluded_no_equivalence_claim,long_budget_global_diagonal_scope_control,results/02_main_quality/ex56_llama1b_10b_global_diag/source_artifacts/suite_plan.json,8156ed83762b20b51225c51e3d5cfcdd0a9a92eb890dcb531a8549cc26ee6a29,results,56_llama1b_10b_global_diag/received_20260831/source_artifacts/suite_plan.json,8156ed83762b20b51225c51e3d5cfcdd0a9a92eb890dcb531a8549cc26ee6a29,observed_after_record_anchor_verification,text_identity,core
ex56_llama1b_10b_global_diag__source_artifacts_suite_status_json__d90fbf580b,56_llama1b_10b_global_diag,56_llama1b_10b_global_diag,main_quality,accepted_no_checkpoint_bundle_with_full_native_verify_receipt,accepted_llama1b_10b_global_diag_ordering,quality_state_only_timing_excluded_no_equivalence_claim,long_budget_global_diagonal_scope_control,results/02_main_quality/ex56_llama1b_10b_global_diag/source_artifacts/suite_status.json,8928cbca5921917cc6c3a8779266151c3e5a00431122e5f16b8ad9af2080c861,results,56_llama1b_10b_global_diag/received_20260831/source_artifacts/suite_status.json,8928cbca5921917cc6c3a8779266151c3e5a00431122e5f16b8ad9af2080c861,observed_after_record_anchor_verification,text_identity,core
ex57_llama1b_10b_moonlight__independent_review_EXPERIMENT_57_REMOTE_RESULT_REVIEW_20260831_md__d0f25940b4,57_llama1b_10b_moonlight,57_llama1b_10b_moonlight,main_quality,accepted_no_checkpoint_bundle_with_native_receipts,accepted_llama1b_10b_moonlight_long_budget,quality_state_only_timing_excluded,long_budget_moonlight_baseline,results/02_main_quality/ex57_llama1b_10b_moonlight/independent_review/EXPERIMENT_57_REMOTE_RESULT_REVIEW_20260831.md,b7b189cc5913a2a309eff028f150ae08cdab9d8f9fd6a522c2b43e4b9c76655b,results,57_llama1b_10b_moonlight/received_20260831/independent_review/EXPERIMENT_57_REMOTE_RESULT_REVIEW_20260831.md,b7b189cc5913a2a309eff028f150ae08cdab9d8f9fd6a522c2b43e4b9c76655b,observed_after_record_anchor_verification,text_identity,core
ex57_llama1b_10b_moonlight__independent_review_independent_review_manifest_json__1b7ba8f479,57_llama1b_10b_moonlight,57_llama1b_10b_moonlight,main_quality,accepted_no_checkpoint_bundle_with_native_receipts,accepted_llama1b_10b_moonlight_long_budget,quality_state_only_timing_excluded,long_budget_moonlight_baseline,results/02_main_quality/ex57_llama1b_10b_moonlight/independent_review/independent_review_manifest.json,768f6b6ff8c2c216fc3fb77d93c6272daaf5823bee24636a3f786235ed5ccc15,results,57_llama1b_10b_moonlight/received_20260831/independent_review/independent_review_manifest.json,768f6b6ff8c2c216fc3fb77d93c6272daaf5823bee24636a3f786235ed5ccc15,observed_after_record_anchor_verification,text_identity,core
ex57_llama1b_10b_moonlight__source_artifacts_analysis_analysis_manifest_json__cfddd02ce5,57_llama1b_10b_moonlight,57_llama1b_10b_moonlight,main_quality,accepted_no_checkpoint_bundle_with_native_receipts,accepted_llama1b_10b_moonlight_long_budget,quality_state_only_timing_excluded,long_budget_moonlight_baseline,results/02_main_quality/ex57_llama1b_10b_moonlight/source_artifacts/analysis/analysis_manifest.json,9ed007a81efc2ed7dbda10ddf1de972a4291fba693ad92e659293ec7ce0a7bcc,results,57_llama1b_10b_moonlight/received_20260831/source_artifacts/analysis/analysis_manifest.json,9ed007a81efc2ed7dbda10ddf1de972a4291fba693ad92e659293ec7ce0a7bcc,selection_anchor,text_identity,core
ex57_llama1b_10b_moonlight__source_artifacts_analysis_endpoint_results_csv__14140f7440,57_llama1b_10b_moonlight,57_llama1b_10b_moonlight,main_quality,accepted_no_checkpoint_bundle_with_native_receipts,accepted_llama1b_10b_moonlight_long_budget,quality_state_only_timing_excluded,long_budget_moonlight_baseline,results/02_main_quality/ex57_llama1b_10b_moonlight/source_artifacts/analysis/endpoint_results.csv,cabb524de46b21d8386bd2ad0659f36f641609e62641eb90ff5f13ae1cfcbff4,results,57_llama1b_10b_moonlight/received_20260831/source_artifacts/analysis/endpoint_results.csv,03055db04ad6f7555619e2c8423807f31eb31ea437876031feafcc42043eb6d3,observed_after_record_anchor_verification,submission_sanitized,core
ex57_llama1b_10b_moonlight__source_artifacts_analysis_paired_contrasts_csv__4b7074c839,57_llama1b_10b_moonlight,57_llama1b_10b_moonlight,main_quality,accepted_no_checkpoint_bundle_with_native_receipts,accepted_llama1b_10b_moonlight_long_budget,quality_state_only_timing_excluded,long_budget_moonlight_baseline,results/02_main_quality/ex57_llama1b_10b_moonlight/source_artifacts/analysis/paired_contrasts.csv,6c534e90c4cf581f293b747a94022de2775a6565f7b3f90837d56e5d85b4e6a7,results,57_llama1b_10b_moonlight/received_20260831/source_artifacts/analysis/paired_contrasts.csv,6c534e90c4cf581f293b747a94022de2775a6565f7b3f90837d56e5d85b4e6a7,observed_after_record_anchor_verification,text_identity,core
ex57_llama1b_10b_moonlight__source_artifacts_analysis_paired_seed_deltas_csv__f7162b3e43,57_llama1b_10b_moonlight,57_llama1b_10b_moonlight,main_quality,accepted_no_checkpoint_bundle_with_native_receipts,accepted_llama1b_10b_moonlight_long_budget,quality_state_only_timing_excluded,long_budget_moonlight_baseline,results/02_main_quality/ex57_llama1b_10b_moonlight/source_artifacts/analysis/paired_seed_deltas.csv,b8ff6064203871e5e47c4526fe9709cb79a42c6e4e2ecb4043d3182283f08044,results,57_llama1b_10b_moonlight/received_20260831/source_artifacts/analysis/paired_seed_deltas.csv,b8ff6064203871e5e47c4526fe9709cb79a42c6e4e2ecb4043d3182283f08044,observed_after_record_anchor_verification,text_identity,core
ex57_llama1b_10b_moonlight__source_artifacts_analysis_verification_manifest_json__4b181eb9cc,57_llama1b_10b_moonlight,57_llama1b_10b_moonlight,main_quality,accepted_no_checkpoint_bundle_with_native_receipts,accepted_llama1b_10b_moonlight_long_budget,quality_state_only_timing_excluded,long_budget_moonlight_baseline,results/02_main_quality/ex57_llama1b_10b_moonlight/source_artifacts/analysis/verification_manifest.json,17d3bb269bbdd935e2f9826195a27f52d674234396099174f6e02092df9a0944,results,57_llama1b_10b_moonlight/received_20260831/source_artifacts/analysis/verification_manifest.json,17d3bb269bbdd935e2f9826195a27f52d674234396099174f6e02092df9a0944,observed_after_record_anchor_verification,text_identity,core
ex57_llama1b_10b_moonlight__source_artifacts_completion_manifest_json__315053bda6,57_llama1b_10b_moonlight,57_llama1b_10b_moonlight,main_quality,accepted_no_checkpoint_bundle_with_native_receipts,accepted_llama1b_10b_moonlight_long_budget,quality_state_only_timing_excluded,long_budget_moonlight_baseline,results/02_main_quality/ex57_llama1b_10b_moonlight/source_artifacts/completion_manifest.json,11f31284266aadb9d8fc3b2452517aa7fbf579f8d49f965cbcf6c534501b6777,results,57_llama1b_10b_moonlight/received_20260831/source_artifacts/completion_manifest.json,85af81b4c77e47172e3db1b92cb8b9014545c6a51adf6deced216f0279a19383,observed_after_record_anchor_verification,json_structured_portable_rewrite,core
ex57_llama1b_10b_moonlight__source_artifacts_formal_1b_seed2024_unit_manifest_json__fc32ab80df,57_llama1b_10b_moonlight,57_llama1b_10b_moonlight,main_quality,accepted_no_checkpoint_bundle_with_native_receipts,accepted_llama1b_10b_moonlight_long_budget,quality_state_only_timing_excluded,long_budget_moonlight_baseline,results/02_main_quality/ex57_llama1b_10b_moonlight/source_artifacts/formal/1b/seed2024/unit_manifest.json,8a856b537186d4482628596514d12c595184df180f133532798f4123b8424597,results,57_llama1b_10b_moonlight/received_20260831/source_artifacts/formal/1b/seed2024/unit_manifest.json,2c893d7b419bccf3ca11ba032aa7fea46e499ae23c188edf585931ce03174b47,observed_after_record_anchor_verification,json_structured_portable_rewrite,core
ex57_llama1b_10b_moonlight__source_artifacts_formal_1b_seed2025_unit_manifest_json__3e59b5e0b0,57_llama1b_10b_moonlight,57_llama1b_10b_moonlight,main_quality,accepted_no_checkpoint_bundle_with_native_receipts,accepted_llama1b_10b_moonlight_long_budget,quality_state_only_timing_excluded,long_budget_moonlight_baseline,results/02_main_quality/ex57_llama1b_10b_moonlight/source_artifacts/formal/1b/seed2025/unit_manifest.json,f0d08914fcc6859ec537ae8e829a3b87dd50df353deac0eed37998f27dfe3bbd,results,57_llama1b_10b_moonlight/received_20260831/source_artifacts/formal/1b/seed2025/unit_manifest.json,ade76177aa81b86be21d1bf8fbae958368b621bf5b22fc5085556cf18a3b538a,observed_after_record_anchor_verification,json_structured_portable_rewrite,core
ex57_llama1b_10b_moonlight__source_artifacts_formal_1b_seed2026_unit_manifest_json__49d650833e,57_llama1b_10b_moonlight,57_llama1b_10b_moonlight,main_quality,accepted_no_checkpoint_bundle_with_native_receipts,accepted_llama1b_10b_moonlight_long_budget,quality_state_only_timing_excluded,long_budget_moonlight_baseline,results/02_main_quality/ex57_llama1b_10b_moonlight/source_artifacts/formal/1b/seed2026/unit_manifest.json,2fd9cfb55c559405274ea890afa9bfb8421b234c132787e67cb6d5c0b160bd1a,results,57_llama1b_10b_moonlight/received_20260831/source_artifacts/formal/1b/seed2026/unit_manifest.json,3dd85e50da4b1c0d12914f942ab7923eb97eb34c67957c39363d7a9c44c154e7,observed_after_record_anchor_verification,json_structured_portable_rewrite,core
ex57_llama1b_10b_moonlight__source_artifacts_formal_formal_manifest_json__ff5cf1a611,57_llama1b_10b_moonlight,57_llama1b_10b_moonlight,main_quality,accepted_no_checkpoint_bundle_with_native_receipts,accepted_llama1b_10b_moonlight_long_budget,quality_state_only_timing_excluded,long_budget_moonlight_baseline,results/02_main_quality/ex57_llama1b_10b_moonlight/source_artifacts/formal/formal_manifest.json,efa1b772fccda8cb53b058aa19f18864a256ef3add25b9a7ebbf54a2293e295a,results,57_llama1b_10b_moonlight/received_20260831/source_artifacts/formal/formal_manifest.json,65609fcf80909d31bc3370e9f58ba270eebeacb9b9c673075408ff6c340b8c16,observed_after_record_anchor_verification,json_structured_portable_rewrite,core
ex57_llama1b_10b_moonlight__source_artifacts_long_worker_contract_compatibility_amendment_v2_json__2ef7fc2d15,57_llama1b_10b_moonlight,57_llama1b_10b_moonlight,main_quality,accepted_no_checkpoint_bundle_with_native_receipts,accepted_llama1b_10b_moonlight_long_budget,quality_state_only_timing_excluded,long_budget_moonlight_baseline,results/02_main_quality/ex57_llama1b_10b_moonlight/source_artifacts/long_worker_contract_compatibility_amendment_v2.json,ef4ef9abf0664ebd2b55125f13741eebd72504c29fb4bf19e98bbd467ba17bee,results,57_llama1b_10b_moonlight/received_20260831/source_artifacts/long_worker_contract_compatibility_amendment_v2.json,e30acec1b2fcc2e30c062c43c66beb0d555a22c3347aad9e3d11d52846b43ba5,observed_after_record_anchor_verification,json_structured_portable_rewrite,core
ex57_llama1b_10b_moonlight__source_artifacts_preflight_data_1b_json__6391b8a10c,57_llama1b_10b_moonlight,57_llama1b_10b_moonlight,main_quality,accepted_no_checkpoint_bundle_with_native_receipts,accepted_llama1b_10b_moonlight_long_budget,quality_state_only_timing_excluded,long_budget_moonlight_baseline,results/02_main_quality/ex57_llama1b_10b_moonlight/source_artifacts/preflight/data_1b.json,9d72399963554e6fc9f13b572ccf01ecb90953adc7e7f7a9489be8a60074d799,results,57_llama1b_10b_moonlight/received_20260831/source_artifacts/preflight/data_1b.json,6c5f991dc4356ac5e74316c53e1485f715ee495f39204042a741400e7658bd71,observed_after_record_anchor_verification,json_structured_portable_rewrite,core
ex57_llama1b_10b_moonlight__source_artifacts_preflight_preflight_manifest_json__34afbdc173,57_llama1b_10b_moonlight,57_llama1b_10b_moonlight,main_quality,accepted_no_checkpoint_bundle_with_native_receipts,accepted_llama1b_10b_moonlight_long_budget,quality_state_only_timing_excluded,long_budget_moonlight_baseline,results/02_main_quality/ex57_llama1b_10b_moonlight/source_artifacts/preflight/preflight_manifest.json,b078b624c9fe6c6dce2e2dfa83339b4ced30caab673ffd5b354f21addb198ee6,results,57_llama1b_10b_moonlight/received_20260831/source_artifacts/preflight/preflight_manifest.json,0bdbeb6464069c2389f09f6c7e42cc258b3ba089064467303ff2fba5087fd48f,observed_after_record_anchor_verification,json_structured_portable_rewrite,core
ex57_llama1b_10b_moonlight__source_artifacts_rng_resume_compatibility_amendment_v1_json__3de789f49c,57_llama1b_10b_moonlight,57_llama1b_10b_moonlight,main_quality,accepted_no_checkpoint_bundle_with_native_receipts,accepted_llama1b_10b_moonlight_long_budget,quality_state_only_timing_excluded,long_budget_moonlight_baseline,results/02_main_quality/ex57_llama1b_10b_moonlight/source_artifacts/rng_resume_compatibility_amendment_v1.json,a849d14a5f9574913ed2b31ca7562a83f91a9eece2fb445cc810a5469fbede1f,results,57_llama1b_10b_moonlight/received_20260831/source_artifacts/rng_resume_compatibility_amendment_v1.json,57af2a6cf0c4395c4cfcf15327076e2e2a011d240dfa9a959504e21355f08699,observed_after_record_anchor_verification,json_structured_portable_rewrite,core
ex57_llama1b_10b_moonlight__source_artifacts_source_snapshot_scripts_57_llama1b_10b_moonlight_frozen_control__ef5c9184bb,57_llama1b_10b_moonlight,57_llama1b_10b_moonlight,main_quality,accepted_no_checkpoint_bundle_with_native_receipts,accepted_llama1b_10b_moonlight_long_budget,quality_state_only_timing_excluded,long_budget_moonlight_baseline,results/02_main_quality/ex57_llama1b_10b_moonlight/source_artifacts/source_snapshot/scripts/57_llama1b_10b_moonlight/frozen_controls.csv,702b5bc2d4f8b205b530664e14a17dc303a64fcea02a1c419174404c720b52c3,results,57_llama1b_10b_moonlight/received_20260831/source_artifacts/source_snapshot/scripts/57_llama1b_10b_moonlight/frozen_controls.csv,702b5bc2d4f8b205b530664e14a17dc303a64fcea02a1c419174404c720b52c3,observed_after_record_anchor_verification,text_identity,core
ex57_llama1b_10b_moonlight__source_artifacts_source_snapshot_source_snapshot_manifest_json__d8011862e4,57_llama1b_10b_moonlight,57_llama1b_10b_moonlight,main_quality,accepted_no_checkpoint_bundle_with_native_receipts,accepted_llama1b_10b_moonlight_long_budget,quality_state_only_timing_excluded,long_budget_moonlight_baseline,results/02_main_quality/ex57_llama1b_10b_moonlight/source_artifacts/source_snapshot/source_snapshot_manifest.json,e4ec8bb45d31e0d1722d665b8fbea4bf35be367aa620d19f76708732a7b89cc1,results,57_llama1b_10b_moonlight/received_20260831/source_artifacts/source_snapshot/source_snapshot_manifest.json,e4ec8bb45d31e0d1722d665b8fbea4bf35be367aa620d19f76708732a7b89cc1,observed_after_record_anchor_verification,text_identity,core
ex57_llama1b_10b_moonlight__source_artifacts_status_json__34ce191750,57_llama1b_10b_moonlight,57_llama1b_10b_moonlight,main_quality,accepted_no_checkpoint_bundle_with_native_receipts,accepted_llama1b_10b_moonlight_long_budget,quality_state_only_timing_excluded,long_budget_moonlight_baseline,results/02_main_quality/ex57_llama1b_10b_moonlight/source_artifacts/status.json,84035c589d4806088f89a78e3dc2d20b2482b6fb1b966ed1fbed4acfab2b24e7,results,57_llama1b_10b_moonlight/received_20260831/source_artifacts/status.json,84035c589d4806088f89a78e3dc2d20b2482b6fb1b966ed1fbed4acfab2b24e7,observed_after_record_anchor_verification,text_identity,core
ex57_llama1b_10b_moonlight__source_artifacts_tuning_selected_formal_contract_json__62e5df61c5,57_llama1b_10b_moonlight,57_llama1b_10b_moonlight,main_quality,accepted_no_checkpoint_bundle_with_native_receipts,accepted_llama1b_10b_moonlight_long_budget,quality_state_only_timing_excluded,long_budget_moonlight_baseline,results/02_main_quality/ex57_llama1b_10b_moonlight/source_artifacts/tuning/selected_formal_contract.json,86f2053f35afbe265e82909afe1fb63ee14f091861edfb56fa0bb96cb012140d,results,57_llama1b_10b_moonlight/received_20260831/source_artifacts/tuning/selected_formal_contract.json,2352597132ebaeaf6cd6eb4de08bb4a90a2e70b0cbc876a6dd0687b870d4fd48,observed_after_record_anchor_verification,json_structured_portable_rewrite,core
ex57_llama1b_10b_moonlight__source_artifacts_tuning_selection_json__84b23654ef,57_llama1b_10b_moonlight,57_llama1b_10b_moonlight,main_quality,accepted_no_checkpoint_bundle_with_native_receipts,accepted_llama1b_10b_moonlight_long_budget,quality_state_only_timing_excluded,long_budget_moonlight_baseline,results/02_main_quality/ex57_llama1b_10b_moonlight/source_artifacts/tuning/selection.json,54ec954990e6d386f21ced1ca6800e982eb892b61d709de7fa419847111539f6,results,57_llama1b_10b_moonlight/received_20260831/source_artifacts/tuning/selection.json,54ec954990e6d386f21ced1ca6800e982eb892b61d709de7fa419847111539f6,observed_after_record_anchor_verification,text_identity,core
ex57_llama1b_10b_moonlight__source_artifacts_tuning_tuning_manifest_json__81e0e96046,57_llama1b_10b_moonlight,57_llama1b_10b_moonlight,main_quality,accepted_no_checkpoint_bundle_with_native_receipts,accepted_llama1b_10b_moonlight_long_budget,quality_state_only_timing_excluded,long_budget_moonlight_baseline,results/02_main_quality/ex57_llama1b_10b_moonlight/source_artifacts/tuning/tuning_manifest.json,348d0d12e32457a272e20e3d7c3b82a5b4a5d2508f29453b016119a102e992cb,results,57_llama1b_10b_moonlight/received_20260831/source_artifacts/tuning/tuning_manifest.json,38f9a6f040a3667fc60a340ccc218f46dbf9ebd7c84a26e8b99b9cbf364abedb,observed_after_record_anchor_verification,json_structured_portable_rewrite,core
ex22_block_alpha__alpha_run_summary_csv__f63a377610,22_r1_block_alpha,22_r1_block_alpha,robustness_and_controls,accepted_alpha_analysis_checkpoint_transfer_excluded_nonblocking,multiseed_alpha_confirmation,alpha_claim_eligible_checkpoint_transfer_excluded,block_alpha_response,results/03_robustness_and_controls/ex22_block_alpha/alpha_run_summary.csv,c60c89c8caa4adfcf8772e745a8b8d85f20bb68f8b2ee2968c7977a822209acc,results,22_r1_block_alpha/analysis/wandb_20260729_multiseed_confirmation/alpha_run_summary.csv,c60c89c8caa4adfcf8772e745a8b8d85f20bb68f8b2ee2968c7977a822209acc,observed_after_record_anchor_verification,text_identity,core
ex22_block_alpha__audit_manifest_json__60dfbc6151,22_r1_block_alpha,22_r1_block_alpha,robustness_and_controls,accepted_alpha_analysis_checkpoint_transfer_excluded_nonblocking,multiseed_alpha_confirmation,alpha_claim_eligible_checkpoint_transfer_excluded,block_alpha_response,results/03_robustness_and_controls/ex22_block_alpha/audit_manifest.json,143d01779663d74a04c94ddafbd740d8259ae43c1484c6b097cb58570af4e7c2,results,22_r1_block_alpha/analysis/wandb_20260729_multiseed_confirmation/audit_manifest.json,143d01779663d74a04c94ddafbd740d8259ae43c1484c6b097cb58570af4e7c2,observed_after_record_anchor_verification,text_identity,core
ex22_block_alpha__canonical_alpha_curve_csv__bc611b03c5,22_r1_block_alpha,22_r1_block_alpha,robustness_and_controls,accepted_alpha_analysis_checkpoint_transfer_excluded_nonblocking,multiseed_alpha_confirmation,alpha_claim_eligible_checkpoint_transfer_excluded,block_alpha_response,results/03_robustness_and_controls/ex22_block_alpha/canonical_alpha_curve.csv,b65a0c0511d1fff6b184e80de7e352cd0f071d5be492e993eb2ff05c38ed3a03,results,22_r1_block_alpha/analysis/wandb_20260729_multiseed_confirmation/canonical_alpha_curve.csv,b65a0c0511d1fff6b184e80de7e352cd0f071d5be492e993eb2ff05c38ed3a03,observed_after_record_anchor_verification,text_identity,core
ex22_block_alpha__data_quality_audit_json__0ddd732df6,22_r1_block_alpha,22_r1_block_alpha,robustness_and_controls,accepted_alpha_analysis_checkpoint_transfer_excluded_nonblocking,multiseed_alpha_confirmation,alpha_claim_eligible_checkpoint_transfer_excluded,block_alpha_response,results/03_robustness_and_controls/ex22_block_alpha/data_quality_audit.json,bf89093e52c729ad95840cef4b4b99bee05fb33339aa0f67935d8aa44a6e7367,results,22_r1_block_alpha/analysis/wandb_20260729_multiseed_confirmation/data_quality_audit.json,bf89093e52c729ad95840cef4b4b99bee05fb33339aa0f67935d8aa44a6e7367,observed_after_record_anchor_verification,text_identity,core
ex22_block_alpha__data_quality_checks_csv__503b939b2b,22_r1_block_alpha,22_r1_block_alpha,robustness_and_controls,accepted_alpha_analysis_checkpoint_transfer_excluded_nonblocking,multiseed_alpha_confirmation,alpha_claim_eligible_checkpoint_transfer_excluded,block_alpha_response,results/03_robustness_and_controls/ex22_block_alpha/data_quality_checks.csv,8b2ea5969ac0086c8cbfceea8e2cacc24d27948f6d11cffbb36b67f2512506d9,results,22_r1_block_alpha/analysis/wandb_20260729_multiseed_confirmation/data_quality_checks.csv,410012eb34beddb41d560a74d1bf6b756d7a3ad4ced28ce8ac579dd5d55a787a,observed_after_record_anchor_verification,submission_sanitized,core
ex22_block_alpha__dense_alpha0_vs_efficient_diag_csv__d01cb23467,22_r1_block_alpha,22_r1_block_alpha,robustness_and_controls,accepted_alpha_analysis_checkpoint_transfer_excluded_nonblocking,multiseed_alpha_confirmation,alpha_claim_eligible_checkpoint_transfer_excluded,block_alpha_response,results/03_robustness_and_controls/ex22_block_alpha/dense_alpha0_vs_efficient_diag.csv,33a29d071ab6257d96c08544a3b18c3150dd3f5ef63cc7697a806810efe2ec97,results,22_r1_block_alpha/analysis/wandb_20260729_multiseed_confirmation/dense_alpha0_vs_efficient_diag.csv,33a29d071ab6257d96c08544a3b18c3150dd3f5ef63cc7697a806810efe2ec97,observed_after_record_anchor_verification,text_identity,core
ex22_block_alpha__final_acceptance_json__058a06e81f,22_r1_block_alpha,22_r1_block_alpha,robustness_and_controls,accepted_alpha_analysis_checkpoint_transfer_excluded_nonblocking,multiseed_alpha_confirmation,alpha_claim_eligible_checkpoint_transfer_excluded,block_alpha_response,results/03_robustness_and_controls/ex22_block_alpha/final_acceptance.json,3ee45db00eda77495754149d33fc9975af1c1066448a78a9f9fdeade7b9b6c13,results,22_r1_block_alpha/analysis/wandb_20260729_multiseed_confirmation/final_acceptance.json,3ee45db00eda77495754149d33fc9975af1c1066448a78a9f9fdeade7b9b6c13,selection_anchor,text_identity,core
ex22_block_alpha__important_results_json__fb447359ff,22_r1_block_alpha,22_r1_block_alpha,robustness_and_controls,accepted_alpha_analysis_checkpoint_transfer_excluded_nonblocking,multiseed_alpha_confirmation,alpha_claim_eligible_checkpoint_transfer_excluded,block_alpha_response,results/03_robustness_and_controls/ex22_block_alpha/important_results.json,aa755424bf15dd405581e505282ad791e1f1c899e6461ffe43249463ac724219,results,22_r1_block_alpha/analysis/wandb_20260729_multiseed_confirmation/important_results.json,aa755424bf15dd405581e505282ad791e1f1c899e6461ffe43249463ac724219,observed_after_record_anchor_verification,text_identity,core
ex22_block_alpha__local_artifact_review_local_artifact_audit_json__48358c3111,22_r1_block_alpha,22_r1_block_alpha,robustness_and_controls,accepted_alpha_analysis_checkpoint_transfer_excluded_nonblocking,multiseed_alpha_confirmation,alpha_claim_eligible_checkpoint_transfer_excluded,block_alpha_response,results/03_robustness_and_controls/ex22_block_alpha/local_artifact_review/local_artifact_audit.json,f2f4271f5d9044e0c06f5687071ea044a798792e594eb63d7f0b05b9ded8ce2c,results,22_r1_block_alpha/analysis/wandb_20260729_multiseed_confirmation/local_artifact_review/local_artifact_audit.json,a1292348f09399884aa36da44f2d74eb374a8d690d42901bb3eab9d06bb29db0,observed_after_record_anchor_verification,json_structured_portable_rewrite,core
ex22_block_alpha__local_artifact_review_local_artifact_audit_manifest_json__84a23204cc,22_r1_block_alpha,22_r1_block_alpha,robustness_and_controls,accepted_alpha_analysis_checkpoint_transfer_excluded_nonblocking,multiseed_alpha_confirmation,alpha_claim_eligible_checkpoint_transfer_excluded,block_alpha_response,results/03_robustness_and_controls/ex22_block_alpha/local_artifact_review/local_artifact_audit_manifest.json,a2ca33155f833cacb8258fd57bad6e55b2e2a491f6e78608d2396eab68dfc186,results,22_r1_block_alpha/analysis/wandb_20260729_multiseed_confirmation/local_artifact_review/local_artifact_audit_manifest.json,a2ca33155f833cacb8258fd57bad6e55b2e2a491f6e78608d2396eab68dfc186,observed_after_record_anchor_verification,text_identity,core
ex22_block_alpha__local_artifact_review_local_artifact_checks_csv__5ac56536c7,22_r1_block_alpha,22_r1_block_alpha,robustness_and_controls,accepted_alpha_analysis_checkpoint_transfer_excluded_nonblocking,multiseed_alpha_confirmation,alpha_claim_eligible_checkpoint_transfer_excluded,block_alpha_response,results/03_robustness_and_controls/ex22_block_alpha/local_artifact_review/local_artifact_checks.csv,f4998433c894811d557f5882d421b53a98aa93051fba491433f7717a97b465df,results,22_r1_block_alpha/analysis/wandb_20260729_multiseed_confirmation/local_artifact_review/local_artifact_checks.csv,921551c40979a6edd54607f669f6876986e07c8aefaaf6832fdf611296b86224,observed_after_record_anchor_verification,submission_sanitized,core
ex22_block_alpha__local_artifact_review_local_batch_summary_csv__508e302d38,22_r1_block_alpha,22_r1_block_alpha,robustness_and_controls,accepted_alpha_analysis_checkpoint_transfer_excluded_nonblocking,multiseed_alpha_confirmation,alpha_claim_eligible_checkpoint_transfer_excluded,block_alpha_response,results/03_robustness_and_controls/ex22_block_alpha/local_artifact_review/local_batch_summary.csv,027066570bb1a9300a37cbaf6a1302da17dcbe2d07e038683491b0d8ed5473ad,results,22_r1_block_alpha/analysis/wandb_20260729_multiseed_confirmation/local_artifact_review/local_batch_summary.csv,027066570bb1a9300a37cbaf6a1302da17dcbe2d07e038683491b0d8ed5473ad,observed_after_record_anchor_verification,text_identity,core
ex22_block_alpha__local_artifact_review_local_formal_run_summary_csv__9204cbc14a,22_r1_block_alpha,22_r1_block_alpha,robustness_and_controls,accepted_alpha_analysis_checkpoint_transfer_excluded_nonblocking,multiseed_alpha_confirmation,alpha_claim_eligible_checkpoint_transfer_excluded,block_alpha_response,results/03_robustness_and_controls/ex22_block_alpha/local_artifact_review/local_formal_run_summary.csv,a86b8a257f9529a8a3b9b87e8e69f15429682a9450e4bfc9c82ec70620a0d8e4,results,22_r1_block_alpha/analysis/wandb_20260729_multiseed_confirmation/local_artifact_review/local_formal_run_summary.csv,a86b8a257f9529a8a3b9b87e8e69f15429682a9450e4bfc9c82ec70620a0d8e4,observed_after_record_anchor_verification,text_identity,core
ex22_block_alpha__seed_curvature_csv__3d13a4200a,22_r1_block_alpha,22_r1_block_alpha,robustness_and_controls,accepted_alpha_analysis_checkpoint_transfer_excluded_nonblocking,multiseed_alpha_confirmation,alpha_claim_eligible_checkpoint_transfer_excluded,block_alpha_response,results/03_robustness_and_controls/ex22_block_alpha/seed_curvature.csv,72f3457f534c9003b9287a4ef353c16c7a0b0e1036612b195fc1397e8cb53c3d,results,22_r1_block_alpha/analysis/wandb_20260729_multiseed_confirmation/seed_curvature.csv,72f3457f534c9003b9287a4ef353c16c7a0b0e1036612b195fc1397e8cb53c3d,observed_after_record_anchor_verification,text_identity,core
ex22_block_alpha__source_manifest_csv__a14f9df1fa,22_r1_block_alpha,22_r1_block_alpha,robustness_and_controls,accepted_alpha_analysis_checkpoint_transfer_excluded_nonblocking,multiseed_alpha_confirmation,alpha_claim_eligible_checkpoint_transfer_excluded,block_alpha_response,results/03_robustness_and_controls/ex22_block_alpha/source_manifest.csv,c4d18d275d193fbff7ea0fb7496353736b25bddc49117c0841e75d545800ebd9,results,22_r1_block_alpha/analysis/wandb_20260729_multiseed_confirmation/source_manifest.csv,c4d18d275d193fbff7ea0fb7496353736b25bddc49117c0841e75d545800ebd9,observed_after_record_anchor_verification,text_identity,core
ex24_dense_full_alpha__alpha_aggregate_csv__1ebe738a6f,24_r1_dense_full_alpha,24_r1_dense_full_alpha,robustness_and_controls,accepted,multiseed_dense_full_alpha_confirmation,claim_eligible,dense_alpha_control,results/03_robustness_and_controls/ex24_dense_full_alpha/alpha_aggregate.csv,0235d69eb19d4776b9e4ef77f91b31f0cc7945c902b7971242ec7869c082ac59,results,24_r1_dense_full_alpha/analysis/wandb_20260729_multiseed_confirmation/alpha_aggregate.csv,0235d69eb19d4776b9e4ef77f91b31f0cc7945c902b7971242ec7869c082ac59,observed_after_record_anchor_verification,text_identity,core
ex24_dense_full_alpha__audit_manifest_json__60dfbc6151,24_r1_dense_full_alpha,24_r1_dense_full_alpha,robustness_and_controls,accepted,multiseed_dense_full_alpha_confirmation,claim_eligible,dense_alpha_control,results/03_robustness_and_controls/ex24_dense_full_alpha/audit_manifest.json,e79e5c418a532fab113175382d0ca790d8b77698e843bf0467dc786011f9739e,results,24_r1_dense_full_alpha/analysis/wandb_20260729_multiseed_confirmation/audit_manifest.json,e79e5c418a532fab113175382d0ca790d8b77698e843bf0467dc786011f9739e,observed_after_record_anchor_verification,text_identity,core
ex24_dense_full_alpha__canonical_alpha_curve_csv__bc611b03c5,24_r1_dense_full_alpha,24_r1_dense_full_alpha,robustness_and_controls,accepted,multiseed_dense_full_alpha_confirmation,claim_eligible,dense_alpha_control,results/03_robustness_and_controls/ex24_dense_full_alpha/canonical_alpha_curve.csv,58ea808e0dd678eff5634c04db0a828d0515079d32a9745f9eda64a8e848c356,results,24_r1_dense_full_alpha/analysis/wandb_20260729_multiseed_confirmation/canonical_alpha_curve.csv,58ea808e0dd678eff5634c04db0a828d0515079d32a9745f9eda64a8e848c356,observed_after_record_anchor_verification,text_identity,core
ex24_dense_full_alpha__data_quality_checks_csv__503b939b2b,24_r1_dense_full_alpha,24_r1_dense_full_alpha,robustness_and_controls,accepted,multiseed_dense_full_alpha_confirmation,claim_eligible,dense_alpha_control,results/03_robustness_and_controls/ex24_dense_full_alpha/data_quality_checks.csv,081c3286a08c70681805d4acf34dec57b1e7da639a10669ca3e5eae2fae91a57,results,24_r1_dense_full_alpha/analysis/wandb_20260729_multiseed_confirmation/data_quality_checks.csv,081c3286a08c70681805d4acf34dec57b1e7da639a10669ca3e5eae2fae91a57,observed_after_record_anchor_verification,text_identity,core
ex24_dense_full_alpha__data_quality_checks_json__a42256a6ea,24_r1_dense_full_alpha,24_r1_dense_full_alpha,robustness_and_controls,accepted,multiseed_dense_full_alpha_confirmation,claim_eligible,dense_alpha_control,results/03_robustness_and_controls/ex24_dense_full_alpha/data_quality_checks.json,279ba51d8a39dd622845a517731eb6bc540ddf41ca5de146d7a161b43b3aa23b,results,24_r1_dense_full_alpha/analysis/wandb_20260729_multiseed_confirmation/data_quality_checks.json,279ba51d8a39dd622845a517731eb6bc540ddf41ca5de146d7a161b43b3aa23b,observed_after_record_anchor_verification,text_identity,core
ex24_dense_full_alpha__dense_alpha0_vs_efficient_diag_csv__d01cb23467,24_r1_dense_full_alpha,24_r1_dense_full_alpha,robustness_and_controls,accepted,multiseed_dense_full_alpha_confirmation,claim_eligible,dense_alpha_control,results/03_robustness_and_controls/ex24_dense_full_alpha/dense_alpha0_vs_efficient_diag.csv,6029167dcb92dabc752b9ff0e55067ececf3ac8fd7fbe96d64c170d85b02085a,results,24_r1_dense_full_alpha/analysis/wandb_20260729_multiseed_confirmation/dense_alpha0_vs_efficient_diag.csv,6029167dcb92dabc752b9ff0e55067ececf3ac8fd7fbe96d64c170d85b02085a,observed_after_record_anchor_verification,text_identity,core
ex24_dense_full_alpha__dense_full_alpha_run_summary_csv__e024565e8b,24_r1_dense_full_alpha,24_r1_dense_full_alpha,robustness_and_controls,accepted,multiseed_dense_full_alpha_confirmation,claim_eligible,dense_alpha_control,results/03_robustness_and_controls/ex24_dense_full_alpha/dense_full_alpha_run_summary.csv,58ea808e0dd678eff5634c04db0a828d0515079d32a9745f9eda64a8e848c356,results,24_r1_dense_full_alpha/analysis/wandb_20260729_multiseed_confirmation/dense_full_alpha_run_summary.csv,58ea808e0dd678eff5634c04db0a828d0515079d32a9745f9eda64a8e848c356,observed_after_record_anchor_verification,text_identity,core
ex24_dense_full_alpha__final_audit_manifest_json__2159e31bd5,24_r1_dense_full_alpha,24_r1_dense_full_alpha,robustness_and_controls,accepted,multiseed_dense_full_alpha_confirmation,claim_eligible,dense_alpha_control,results/03_robustness_and_controls/ex24_dense_full_alpha/final_audit_manifest.json,7daf059839fa1447185135366afb127dc7871db0c5ccd3ebd9b1e1d940c6c658,results,24_r1_dense_full_alpha/analysis/wandb_20260729_multiseed_confirmation/final_audit_manifest.json,5f1858d7b380991373b169b0cbb9de5448c5fa875d420b160563adafef2b1c88,selection_anchor,package_hash_links_rewritten,core
ex24_dense_full_alpha__final_important_results_json__18f4626767,24_r1_dense_full_alpha,24_r1_dense_full_alpha,robustness_and_controls,accepted,multiseed_dense_full_alpha_confirmation,claim_eligible,dense_alpha_control,results/03_robustness_and_controls/ex24_dense_full_alpha/final_important_results.json,2326a73444b52007f3a90f4974019b0d4a96ffb2cca87dd58110f50f7af6c513,results,24_r1_dense_full_alpha/analysis/wandb_20260729_multiseed_confirmation/final_important_results.json,2326a73444b52007f3a90f4974019b0d4a96ffb2cca87dd58110f50f7af6c513,observed_after_record_anchor_verification,text_identity,core
ex24_dense_full_alpha__important_results_json__fb447359ff,24_r1_dense_full_alpha,24_r1_dense_full_alpha,robustness_and_controls,accepted,multiseed_dense_full_alpha_confirmation,claim_eligible,dense_alpha_control,results/03_robustness_and_controls/ex24_dense_full_alpha/important_results.json,3ec55ac66a7aa9c93d24c5a1f3d32cfb4e0c48af2e76c5319fca836fd813b546,results,24_r1_dense_full_alpha/analysis/wandb_20260729_multiseed_confirmation/important_results.json,3ec55ac66a7aa9c93d24c5a1f3d32cfb4e0c48af2e76c5319fca836fd813b546,observed_after_record_anchor_verification,text_identity,core
ex24_dense_full_alpha__local_evidence_diagnostic_summary_csv__2d5e1dd3ae,24_r1_dense_full_alpha,24_r1_dense_full_alpha,robustness_and_controls,accepted,multiseed_dense_full_alpha_confirmation,claim_eligible,dense_alpha_control,results/03_robustness_and_controls/ex24_dense_full_alpha/local_evidence/diagnostic_summary.csv,6d49e90239ff2185c4c51286a4ade3f03f3b2cae4662cea4572629df8d5778d5,results,24_r1_dense_full_alpha/analysis/wandb_20260729_multiseed_confirmation/local_evidence/diagnostic_summary.csv,6d49e90239ff2185c4c51286a4ade3f03f3b2cae4662cea4572629df8d5778d5,observed_after_record_anchor_verification,text_identity,core
ex24_dense_full_alpha__local_evidence_local_audit_manifest_json__657c16b7e6,24_r1_dense_full_alpha,24_r1_dense_full_alpha,robustness_and_controls,accepted,multiseed_dense_full_alpha_confirmation,claim_eligible,dense_alpha_control,results/03_robustness_and_controls/ex24_dense_full_alpha/local_evidence/local_audit_manifest.json,ee817feca154600db7bc84a609aec95289812350876409f20e78f031663f0f57,results,24_r1_dense_full_alpha/analysis/wandb_20260729_multiseed_confirmation/local_evidence/local_audit_manifest.json,e70e12c071b3dd95b8c320eeb51f6b71d2138e271ff75f0a672ffdb19fff366c,observed_after_record_anchor_verification,json_structured_portable_rewrite,core
ex24_dense_full_alpha__local_evidence_local_data_quality_checks_csv__6065d27605,24_r1_dense_full_alpha,24_r1_dense_full_alpha,robustness_and_controls,accepted,multiseed_dense_full_alpha_confirmation,claim_eligible,dense_alpha_control,results/03_robustness_and_controls/ex24_dense_full_alpha/local_evidence/local_data_quality_checks.csv,2d284b9abdc62c71f656a4ac27853995b07e7a6f0efa11d59600b941dcf467af,results,24_r1_dense_full_alpha/analysis/wandb_20260729_multiseed_confirmation/local_evidence/local_data_quality_checks.csv,bf0a06df7de27a1b628e6ccf7708a4a3cb24b4d37cd720def24f1dc3d853a73f,observed_after_record_anchor_verification,submission_sanitized,core
ex24_dense_full_alpha__local_evidence_run_integrity_csv__4d3239ed5a,24_r1_dense_full_alpha,24_r1_dense_full_alpha,robustness_and_controls,accepted,multiseed_dense_full_alpha_confirmation,claim_eligible,dense_alpha_control,results/03_robustness_and_controls/ex24_dense_full_alpha/local_evidence/run_integrity.csv,e73019b4a5c5fe9af3d6a084fb7ffdd005ad6863963e54b9023515727a93a057,results,24_r1_dense_full_alpha/analysis/wandb_20260729_multiseed_confirmation/local_evidence/run_integrity.csv,e73019b4a5c5fe9af3d6a084fb7ffdd005ad6863963e54b9023515727a93a057,observed_after_record_anchor_verification,text_identity,core
ex24_dense_full_alpha__matched_topology_contrasts_csv__536063391d,24_r1_dense_full_alpha,24_r1_dense_full_alpha,robustness_and_controls,accepted,multiseed_dense_full_alpha_confirmation,claim_eligible,dense_alpha_control,results/03_robustness_and_controls/ex24_dense_full_alpha/matched_topology_contrasts.csv,8e906bf3219d5cef2bd89d846da382f6484f93c2a7b5c78eec1cc4179824db98,results,24_r1_dense_full_alpha/analysis/wandb_20260729_multiseed_confirmation/matched_topology_contrasts.csv,8e906bf3219d5cef2bd89d846da382f6484f93c2a7b5c78eec1cc4179824db98,observed_after_record_anchor_verification,text_identity,core
ex24_dense_full_alpha__seed_curvature_csv__3d13a4200a,24_r1_dense_full_alpha,24_r1_dense_full_alpha,robustness_and_controls,accepted,multiseed_dense_full_alpha_confirmation,claim_eligible,dense_alpha_control,results/03_robustness_and_controls/ex24_dense_full_alpha/seed_curvature.csv,af0c228311dd496a38d775c23ac9e2ea574509962cd366750fc56a1f2ae077ba,results,24_r1_dense_full_alpha/analysis/wandb_20260729_multiseed_confirmation/seed_curvature.csv,af0c228311dd496a38d775c23ac9e2ea574509962cd366750fc56a1f2ae077ba,observed_after_record_anchor_verification,text_identity,core
ex24_dense_full_alpha__source_manifest_csv__a14f9df1fa,24_r1_dense_full_alpha,24_r1_dense_full_alpha,robustness_and_controls,accepted,multiseed_dense_full_alpha_confirmation,claim_eligible,dense_alpha_control,results/03_robustness_and_controls/ex24_dense_full_alpha/source_manifest.csv,89c4c44e3c10be95ab04efe33230602476d749f7064fdea7c2badc28ec7025f2,results,24_r1_dense_full_alpha/analysis/wandb_20260729_multiseed_confirmation/source_manifest.csv,52bf31ccd3adbe79d355c83577c7410148397d64af4d025ba1e4c34500e5c7be,observed_after_record_anchor_verification,submission_sanitized,core
ex25_owt_depth_kmode__analysis_manifest_json__ddce9c913c,25_owt_depth_kmode,25_owt_depth_kmode,robustness_and_controls,accepted_multiseed_seed_level_compact_evidence,depth_allocation_supporting_seed_level_audit,supporting_seed_display_with_cross_environment_aggregate_reconciliation_timing_excluded,main_text_supporting_depth_transfer_and_appendix_seed_audit,results/03_robustness_and_controls/ex25_owt_depth_kmode/analysis_manifest.json,815d8266b70a9e3f5c6f51f777b6ac7878c3e1afc5681442c40abcb7bc28e2a5,results,25_owt_depth_kmode/analysis_20260724_multiseed/analysis_manifest.json,9544422ccde7d314eeeee973a16185c0c0b44c840b79d1df28e312606b546050,selection_anchor,json_structured_portable_rewrite,core
ex25_owt_depth_kmode__analysis_verdict_json__d45811fd38,25_owt_depth_kmode,25_owt_depth_kmode,robustness_and_controls,accepted_multiseed_seed_level_compact_evidence,depth_allocation_supporting_seed_level_audit,supporting_seed_display_with_cross_environment_aggregate_reconciliation_timing_excluded,main_text_supporting_depth_transfer_and_appendix_seed_audit,results/03_robustness_and_controls/ex25_owt_depth_kmode/analysis_verdict.json,facd7e7ad50d06b6860681e1feae01553446856aa252daa84d3f6c488dfed348,results,25_owt_depth_kmode/analysis_20260724_multiseed/analysis_verdict.json,facd7e7ad50d06b6860681e1feae01553446856aa252daa84d3f6c488dfed348,observed_after_record_anchor_verification,text_identity,core
ex25_owt_depth_kmode__data_quality_checks_json__a42256a6ea,25_owt_depth_kmode,25_owt_depth_kmode,robustness_and_controls,accepted_multiseed_seed_level_compact_evidence,depth_allocation_supporting_seed_level_audit,supporting_seed_display_with_cross_environment_aggregate_reconciliation_timing_excluded,main_text_supporting_depth_transfer_and_appendix_seed_audit,results/03_robustness_and_controls/ex25_owt_depth_kmode/data_quality_checks.json,0473769a6112c8eb99c1fbbfcdcfbe40b6b2b9badd5a992cf880eb7d41ac71cc,results,25_owt_depth_kmode/analysis_20260724_multiseed/data_quality_checks.json,0473769a6112c8eb99c1fbbfcdcfbe40b6b2b9badd5a992cf880eb7d41ac71cc,observed_after_record_anchor_verification,text_identity,core
ex25_owt_depth_kmode__paired_depth_contrasts_csv__c170272e0d,25_owt_depth_kmode,25_owt_depth_kmode,robustness_and_controls,accepted_multiseed_seed_level_compact_evidence,depth_allocation_supporting_seed_level_audit,supporting_seed_display_with_cross_environment_aggregate_reconciliation_timing_excluded,main_text_supporting_depth_transfer_and_appendix_seed_audit,results/03_robustness_and_controls/ex25_owt_depth_kmode/paired_depth_contrasts.csv,3f2bf1a33bf47a3d63424fb78b26b6094960663d1053d38fbafa6bb8e66b7ef8,results,25_owt_depth_kmode/analysis_20260724_multiseed/paired_depth_contrasts.csv,3f2bf1a33bf47a3d63424fb78b26b6094960663d1053d38fbafa6bb8e66b7ef8,observed_after_record_anchor_verification,text_identity,core
ex28_wikitext_depth_kmode__analysis_manifest_json__ddce9c913c,28_wikitext_depth_kmode,28_wikitext_depth_kmode,robustness_and_controls,accepted_multiseed_seed_level_compact_evidence,depth_allocation_supporting_seed_level_audit,supporting_seed_display_with_cross_environment_aggregate_reconciliation_timing_excluded,main_text_supporting_depth_transfer_and_appendix_seed_audit,results/03_robustness_and_controls/ex28_wikitext_depth_kmode/analysis_manifest.json,803b7401fdbc7955039912785f5ae76f1dcb588b7dcda4a66dea74f69c37fc0b,results,28_wikitext_depth_kmode/analysis_20260725_multiseed/analysis_manifest.json,803b7401fdbc7955039912785f5ae76f1dcb588b7dcda4a66dea74f69c37fc0b,selection_anchor,text_identity,core
ex28_wikitext_depth_kmode__analysis_verdict_json__d45811fd38,28_wikitext_depth_kmode,28_wikitext_depth_kmode,robustness_and_controls,accepted_multiseed_seed_level_compact_evidence,depth_allocation_supporting_seed_level_audit,supporting_seed_display_with_cross_environment_aggregate_reconciliation_timing_excluded,main_text_supporting_depth_transfer_and_appendix_seed_audit,results/03_robustness_and_controls/ex28_wikitext_depth_kmode/analysis_verdict.json,fb7b4ef17e3beaee5513d9ee9720ba1d93a14b20e5c194b08eca8e06de722cc6,results,28_wikitext_depth_kmode/analysis_20260725_multiseed/analysis_verdict.json,fb7b4ef17e3beaee5513d9ee9720ba1d93a14b20e5c194b08eca8e06de722cc6,observed_after_record_anchor_verification,text_identity,core
ex28_wikitext_depth_kmode__data_quality_checks_json__a42256a6ea,28_wikitext_depth_kmode,28_wikitext_depth_kmode,robustness_and_controls,accepted_multiseed_seed_level_compact_evidence,depth_allocation_supporting_seed_level_audit,supporting_seed_display_with_cross_environment_aggregate_reconciliation_timing_excluded,main_text_supporting_depth_transfer_and_appendix_seed_audit,results/03_robustness_and_controls/ex28_wikitext_depth_kmode/data_quality_checks.json,377daeb1a357fbdb51573532c360e68edb78cb48d6032aef10a41efd463a0ee8,results,28_wikitext_depth_kmode/analysis_20260725_multiseed/data_quality_checks.json,377daeb1a357fbdb51573532c360e68edb78cb48d6032aef10a41efd463a0ee8,observed_after_record_anchor_verification,text_identity,core
ex28_wikitext_depth_kmode__paired_depth_contrasts_csv__c170272e0d,28_wikitext_depth_kmode,28_wikitext_depth_kmode,robustness_and_controls,accepted_multiseed_seed_level_compact_evidence,depth_allocation_supporting_seed_level_audit,supporting_seed_display_with_cross_environment_aggregate_reconciliation_timing_excluded,main_text_supporting_depth_transfer_and_appendix_seed_audit,results/03_robustness_and_controls/ex28_wikitext_depth_kmode/paired_depth_contrasts.csv,8cd4cef15657c851324d1493679a93181ea2a59b7f1720bb5b6ef3b85cdd9fde,results,28_wikitext_depth_kmode/analysis_20260725_multiseed/paired_depth_contrasts.csv,8cd4cef15657c851324d1493679a93181ea2a59b7f1720bb5b6ef3b85cdd9fde,observed_after_record_anchor_verification,text_identity,core
ex29_r1_depth_kmode__ACCEPTANCE_AND_ARCHIVE_STATUS_20260809_md__b54be0270b,29_r1_depth_kmode,29_r1_depth_kmode,robustness_and_controls,accepted_three_seed_36_of_36_with_wandb_crosscheck,uniform_diag_direction_transfer_with_environment_specific_depth_amplitude,quality_and_state_only_timing_excluded,main_text_supporting_depth_transfer_and_appendix_full_contrasts,results/03_robustness_and_controls/ex29_r1_depth_kmode/ACCEPTANCE_AND_ARCHIVE_STATUS_20260809.md,97fbdb0648129ff7bf654a0ebd236ea940040bb7e770acd746359a04c933088c,results,29_r1_depth_kmode/ACCEPTANCE_AND_ARCHIVE_STATUS_20260809.md,97fbdb0648129ff7bf654a0ebd236ea940040bb7e770acd746359a04c933088c,observed_after_record_anchor_verification,text_identity,core
ex29_r1_depth_kmode__analysis_20260809_formal_R1_DEPTH_KMODE_FORMAL_ANALYSIS_20260809_md__eefbb7d990,29_r1_depth_kmode,29_r1_depth_kmode,robustness_and_controls,accepted_three_seed_36_of_36_with_wandb_crosscheck,uniform_diag_direction_transfer_with_environment_specific_depth_amplitude,quality_and_state_only_timing_excluded,main_text_supporting_depth_transfer_and_appendix_full_contrasts,results/03_robustness_and_controls/ex29_r1_depth_kmode/analysis_20260809_formal/R1_DEPTH_KMODE_FORMAL_ANALYSIS_20260809.md,aba30871f6cc1d89ee797fcdce7076774155c7f29ac7982eddc70f99ca171793,results,29_r1_depth_kmode/analysis_20260809_formal/R1_DEPTH_KMODE_FORMAL_ANALYSIS_20260809.md,aba30871f6cc1d89ee797fcdce7076774155c7f29ac7982eddc70f99ca171793,observed_after_record_anchor_verification,text_identity,core
ex29_r1_depth_kmode__analysis_20260809_formal_analysis_manifest_json__392e00c8cb,29_r1_depth_kmode,29_r1_depth_kmode,robustness_and_controls,accepted_three_seed_36_of_36_with_wandb_crosscheck,uniform_diag_direction_transfer_with_environment_specific_depth_amplitude,quality_and_state_only_timing_excluded,main_text_supporting_depth_transfer_and_appendix_full_contrasts,results/03_robustness_and_controls/ex29_r1_depth_kmode/analysis_20260809_formal/analysis_manifest.json,a792565b329528bbdcb123186ac163eff95cc8af977b1cd96979958d3aacb3ae,results,29_r1_depth_kmode/analysis_20260809_formal/analysis_manifest.json,a792565b329528bbdcb123186ac163eff95cc8af977b1cd96979958d3aacb3ae,selection_anchor,text_identity,core
ex29_r1_depth_kmode__analysis_20260809_formal_analysis_verdict_json__215744cab8,29_r1_depth_kmode,29_r1_depth_kmode,robustness_and_controls,accepted_three_seed_36_of_36_with_wandb_crosscheck,uniform_diag_direction_transfer_with_environment_specific_depth_amplitude,quality_and_state_only_timing_excluded,main_text_supporting_depth_transfer_and_appendix_full_contrasts,results/03_robustness_and_controls/ex29_r1_depth_kmode/analysis_20260809_formal/analysis_verdict.json,eb69b7c6b99da46b46ed4292a4ba985250082057d130e0b3593e39c60dbc8809,results,29_r1_depth_kmode/analysis_20260809_formal/analysis_verdict.json,eb69b7c6b99da46b46ed4292a4ba985250082057d130e0b3593e39c60dbc8809,observed_after_record_anchor_verification,text_identity,core
ex29_r1_depth_kmode__analysis_20260809_formal_anchor_summary_csv__f42326f54c,29_r1_depth_kmode,29_r1_depth_kmode,robustness_and_controls,accepted_three_seed_36_of_36_with_wandb_crosscheck,uniform_diag_direction_transfer_with_environment_specific_depth_amplitude,quality_and_state_only_timing_excluded,main_text_supporting_depth_transfer_and_appendix_full_contrasts,results/03_robustness_and_controls/ex29_r1_depth_kmode/analysis_20260809_formal/anchor_summary.csv,ed78e85a799df51cd703e0a8e8dbfb6b96f7cd8d3ebbfa22195688007e9fa1f6,results,29_r1_depth_kmode/analysis_20260809_formal/anchor_summary.csv,ed78e85a799df51cd703e0a8e8dbfb6b96f7cd8d3ebbfa22195688007e9fa1f6,observed_after_record_anchor_verification,text_identity,core
ex29_r1_depth_kmode__analysis_20260809_formal_cross_environment_depth_deltas_svg__a877e5f155,29_r1_depth_kmode,29_r1_depth_kmode,robustness_and_controls,accepted_three_seed_36_of_36_with_wandb_crosscheck,uniform_diag_direction_transfer_with_environment_specific_depth_amplitude,quality_and_state_only_timing_excluded,main_text_supporting_depth_transfer_and_appendix_full_contrasts,results/03_robustness_and_controls/ex29_r1_depth_kmode/analysis_20260809_formal/cross_environment_depth_deltas.svg,1dbe7cd0ce6c5e458544b47f0aecf9cbb06febc55d6030631cb46b28324425c9,results,29_r1_depth_kmode/analysis_20260809_formal/cross_environment_depth_deltas.svg,1dbe7cd0ce6c5e458544b47f0aecf9cbb06febc55d6030631cb46b28324425c9,observed_after_record_anchor_verification,text_identity,core
ex29_r1_depth_kmode__analysis_20260809_formal_cross_environment_depth_transfer_csv__386c85b991,29_r1_depth_kmode,29_r1_depth_kmode,robustness_and_controls,accepted_three_seed_36_of_36_with_wandb_crosscheck,uniform_diag_direction_transfer_with_environment_specific_depth_amplitude,quality_and_state_only_timing_excluded,main_text_supporting_depth_transfer_and_appendix_full_contrasts,results/03_robustness_and_controls/ex29_r1_depth_kmode/analysis_20260809_formal/cross_environment_depth_transfer.csv,cff7e5e37e66af239ebef056095e0b3b1aafaa12b29de1ab6cd0375267830a91,results,29_r1_depth_kmode/analysis_20260809_formal/cross_environment_depth_transfer.csv,cff7e5e37e66af239ebef056095e0b3b1aafaa12b29de1ab6cd0375267830a91,observed_after_record_anchor_verification,text_identity,core
ex29_r1_depth_kmode__analysis_20260809_formal_data_quality_checks_csv__d16d7c701f,29_r1_depth_kmode,29_r1_depth_kmode,robustness_and_controls,accepted_three_seed_36_of_36_with_wandb_crosscheck,uniform_diag_direction_transfer_with_environment_specific_depth_amplitude,quality_and_state_only_timing_excluded,main_text_supporting_depth_transfer_and_appendix_full_contrasts,results/03_robustness_and_controls/ex29_r1_depth_kmode/analysis_20260809_formal/data_quality_checks.csv,d883147ca6da9c8abcd0854333dd0aaf67d6892a0eeb5543514291beb65658a9,results,29_r1_depth_kmode/analysis_20260809_formal/data_quality_checks.csv,97a2fb6eee35b8f65814891e6539bf870e376967d3fa7f32863d6e3c667cc2b8,observed_after_record_anchor_verification,submission_sanitized,core
ex29_r1_depth_kmode__analysis_20260809_formal_data_quality_checks_json__4d4a39b23a,29_r1_depth_kmode,29_r1_depth_kmode,robustness_and_controls,accepted_three_seed_36_of_36_with_wandb_crosscheck,uniform_diag_direction_transfer_with_environment_specific_depth_amplitude,quality_and_state_only_timing_excluded,main_text_supporting_depth_transfer_and_appendix_full_contrasts,results/03_robustness_and_controls/ex29_r1_depth_kmode/analysis_20260809_formal/data_quality_checks.json,438f224d190da28c013956721e9699880456824279d3d5f2b628d858121f87d1,results,29_r1_depth_kmode/analysis_20260809_formal/data_quality_checks.json,33ae5b3bfde3af5a98a56e719f06c27032d26f06c3607440609654f34f0db812,observed_after_record_anchor_verification,json_structured_portable_rewrite,core
ex29_r1_depth_kmode__analysis_20260809_formal_input_manifest_csv__513cbe484f,29_r1_depth_kmode,29_r1_depth_kmode,robustness_and_controls,accepted_three_seed_36_of_36_with_wandb_crosscheck,uniform_diag_direction_transfer_with_environment_specific_depth_amplitude,quality_and_state_only_timing_excluded,main_text_supporting_depth_transfer_and_appendix_full_contrasts,results/03_robustness_and_controls/ex29_r1_depth_kmode/analysis_20260809_formal/input_manifest.csv,c03da79885e1489671d50ce7f4a1383190fb051daf44e786b4118412da912f04,results,29_r1_depth_kmode/analysis_20260809_formal/input_manifest.csv,c03da79885e1489671d50ce7f4a1383190fb051daf44e786b4118412da912f04,observed_after_record_anchor_verification,text_identity,core
ex29_r1_depth_kmode__analysis_20260809_formal_paired_depth_contrasts_csv__9ed63955b8,29_r1_depth_kmode,29_r1_depth_kmode,robustness_and_controls,accepted_three_seed_36_of_36_with_wandb_crosscheck,uniform_diag_direction_transfer_with_environment_specific_depth_amplitude,quality_and_state_only_timing_excluded,main_text_supporting_depth_transfer_and_appendix_full_contrasts,results/03_robustness_and_controls/ex29_r1_depth_kmode/analysis_20260809_formal/paired_depth_contrasts.csv,ac5c000abe949ccce525119121b086094e8cdd985611b4bfcdf5d52cda530755,results,29_r1_depth_kmode/analysis_20260809_formal/paired_depth_contrasts.csv,ac5c000abe949ccce525119121b086094e8cdd985611b4bfcdf5d52cda530755,observed_after_record_anchor_verification,text_identity,core
ex29_r1_depth_kmode__analysis_20260809_formal_r1_depth_deltas_svg__c410b6eb84,29_r1_depth_kmode,29_r1_depth_kmode,robustness_and_controls,accepted_three_seed_36_of_36_with_wandb_crosscheck,uniform_diag_direction_transfer_with_environment_specific_depth_amplitude,quality_and_state_only_timing_excluded,main_text_supporting_depth_transfer_and_appendix_full_contrasts,results/03_robustness_and_controls/ex29_r1_depth_kmode/analysis_20260809_formal/r1_depth_deltas.svg,60d4c0968c4f1903af4a5b2820b0be6ec32c9caf870735fa0130a5912df1d6a1,results,29_r1_depth_kmode/analysis_20260809_formal/r1_depth_deltas.svg,60d4c0968c4f1903af4a5b2820b0be6ec32c9caf870735fa0130a5912df1d6a1,observed_after_record_anchor_verification,text_identity,core
ex29_r1_depth_kmode__analysis_20260809_formal_remote_bundle_inventory_csv__cd58b220ec,29_r1_depth_kmode,29_r1_depth_kmode,robustness_and_controls,accepted_three_seed_36_of_36_with_wandb_crosscheck,uniform_diag_direction_transfer_with_environment_specific_depth_amplitude,quality_and_state_only_timing_excluded,main_text_supporting_depth_transfer_and_appendix_full_contrasts,results/03_robustness_and_controls/ex29_r1_depth_kmode/analysis_20260809_formal/remote_bundle_inventory.csv,02c0375a9ddbba6ec9df8b978ce70fc4380ba1ac3985584a401450808053ad85,results,29_r1_depth_kmode/analysis_20260809_formal/remote_bundle_inventory.csv,2d28dbe654b17072e3d6d8e0a8db9a58638a806e72018756c391299b2a5cc91d,observed_after_record_anchor_verification,submission_sanitized,core
ex29_r1_depth_kmode__analysis_20260809_formal_rule_multiseed_summary_csv__34b1d2841d,29_r1_depth_kmode,29_r1_depth_kmode,robustness_and_controls,accepted_three_seed_36_of_36_with_wandb_crosscheck,uniform_diag_direction_transfer_with_environment_specific_depth_amplitude,quality_and_state_only_timing_excluded,main_text_supporting_depth_transfer_and_appendix_full_contrasts,results/03_robustness_and_controls/ex29_r1_depth_kmode/analysis_20260809_formal/rule_multiseed_summary.csv,3f4cb333a2f31988c6f5fd0fe48faab54e203877f54b41fe68428ddaa368df2b,results,29_r1_depth_kmode/analysis_20260809_formal/rule_multiseed_summary.csv,3f4cb333a2f31988c6f5fd0fe48faab54e203877f54b41fe68428ddaa368df2b,observed_after_record_anchor_verification,text_identity,core
ex29_r1_depth_kmode__analysis_20260809_formal_run_summary_csv__915ff27517,29_r1_depth_kmode,29_r1_depth_kmode,robustness_and_controls,accepted_three_seed_36_of_36_with_wandb_crosscheck,uniform_diag_direction_transfer_with_environment_specific_depth_amplitude,quality_and_state_only_timing_excluded,main_text_supporting_depth_transfer_and_appendix_full_contrasts,results/03_robustness_and_controls/ex29_r1_depth_kmode/analysis_20260809_formal/run_summary.csv,89844a6e47a7510571c8cdc054d8bcbe7586d99049bde3d707c28315570d2580,results,29_r1_depth_kmode/analysis_20260809_formal/run_summary.csv,8ebd31daf890c3eeed7b83170e73539c1cb260466e27a22e7a1063e0c852015d,observed_after_record_anchor_verification,submission_sanitized,core
ex29_r1_depth_kmode__analysis_20260809_formal_wandb_local_crosscheck_csv__34921430b9,29_r1_depth_kmode,29_r1_depth_kmode,robustness_and_controls,accepted_three_seed_36_of_36_with_wandb_crosscheck,uniform_diag_direction_transfer_with_environment_specific_depth_amplitude,quality_and_state_only_timing_excluded,main_text_supporting_depth_transfer_and_appendix_full_contrasts,results/03_robustness_and_controls/ex29_r1_depth_kmode/analysis_20260809_formal/wandb_local_crosscheck.csv,9ad0e984deac988c6112e1743b3c793611a702fb0a13ffad86419ad7aa6b3a9d,results,29_r1_depth_kmode/analysis_20260809_formal/wandb_local_crosscheck.csv,9ad0e984deac988c6112e1743b3c793611a702fb0a13ffad86419ad7aa6b3a9d,observed_after_record_anchor_verification,text_identity,core
ex40_llama_block_invariance__analysis_REPORT_md__299b8d9032,40_llama_block_partition_invariance_audit,40_llama_block_partition_invariance_audit,robustness_and_controls,accepted_with_independent_review,block_partition_invariance_audit,claim_eligible,transfer_boundary_control,results/03_robustness_and_controls/ex40_llama_block_invariance/analysis/REPORT.md,37503d5d2bfd33741773f34571ba40c305ee5a77c11960042c05103c5adffde1,results,40_llama_block_partition_invariance_audit/20260729T044926+0000/analysis/REPORT.md,37503d5d2bfd33741773f34571ba40c305ee5a77c11960042c05103c5adffde1,observed_after_record_anchor_verification,text_identity,core
ex40_llama_block_invariance__analysis_checkpoint_summary_csv__495b6edf96,40_llama_block_partition_invariance_audit,40_llama_block_partition_invariance_audit,robustness_and_controls,accepted_with_independent_review,block_partition_invariance_audit,claim_eligible,transfer_boundary_control,results/03_robustness_and_controls/ex40_llama_block_invariance/analysis/checkpoint_summary.csv,73e735cf7cacd5c58e5e4dc8929a8d82419a0aeeccd64c4ec001127d1efbbf73,results,40_llama_block_partition_invariance_audit/20260729T044926+0000/analysis/checkpoint_summary.csv,73e735cf7cacd5c58e5e4dc8929a8d82419a0aeeccd64c4ec001127d1efbbf73,observed_after_record_anchor_verification,text_identity,core
ex40_llama_block_invariance__analysis_classification_json__0bac41dc60,40_llama_block_partition_invariance_audit,40_llama_block_partition_invariance_audit,robustness_and_controls,accepted_with_independent_review,block_partition_invariance_audit,claim_eligible,transfer_boundary_control,results/03_robustness_and_controls/ex40_llama_block_invariance/analysis/classification.json,1d8c6c09c041ce34fc8d86e905fba1073c5eccbd1aacc0ee5dd5387fb5a8c807,results,40_llama_block_partition_invariance_audit/20260729T044926+0000/analysis/classification.json,1d8c6c09c041ce34fc8d86e905fba1073c5eccbd1aacc0ee5dd5387fb5a8c807,observed_after_record_anchor_verification,text_identity,core
ex40_llama_block_invariance__analysis_input_audit_json__b5c711bb6e,40_llama_block_partition_invariance_audit,40_llama_block_partition_invariance_audit,robustness_and_controls,accepted_with_independent_review,block_partition_invariance_audit,claim_eligible,transfer_boundary_control,results/03_robustness_and_controls/ex40_llama_block_invariance/analysis/input_audit.json,f844a5b9c0291ecf5a25ec1bcf020798ee558ba4b53d20ba05e26a29d77a5c41,results,40_llama_block_partition_invariance_audit/20260729T044926+0000/analysis/input_audit.json,46538c2205855b5747fc1b43a8976107029c6d914224f2e972295cea58a8854e,observed_after_record_anchor_verification,json_structured_portable_rewrite,core
ex40_llama_block_invariance__analysis_llama_block_audit_analysis_manifest_json__7c038c4f6f,40_llama_block_partition_invariance_audit,40_llama_block_partition_invariance_audit,robustness_and_controls,accepted_with_independent_review,block_partition_invariance_audit,claim_eligible,transfer_boundary_control,results/03_robustness_and_controls/ex40_llama_block_invariance/analysis/llama_block_audit_analysis_manifest.json,a50761bb9679657bdaa88a4a9ab60f71243986cff4ef630ea31997b741a1fdb9,results,40_llama_block_partition_invariance_audit/20260729T044926+0000/analysis/llama_block_audit_analysis_manifest.json,9b9d36bd0a06637b26cf8c8af563be4330f04d518f95f329c56d3400270d4404,observed_after_record_anchor_verification,json_structured_portable_rewrite,core
ex40_llama_block_invariance__analysis_partition_energy_summary_csv__c0304a1737,40_llama_block_partition_invariance_audit,40_llama_block_partition_invariance_audit,robustness_and_controls,accepted_with_independent_review,block_partition_invariance_audit,claim_eligible,transfer_boundary_control,results/03_robustness_and_controls/ex40_llama_block_invariance/analysis/partition_energy_summary.csv,b09dd79b27dd44cff6310207a5b6971b5a365b284a08aa1b5f48a9e6c5996472,results,40_llama_block_partition_invariance_audit/20260729T044926+0000/analysis/partition_energy_summary.csv,b09dd79b27dd44cff6310207a5b6971b5a365b284a08aa1b5f48a9e6c5996472,observed_after_record_anchor_verification,text_identity,core
ex40_llama_block_invariance__analysis_shadow_partition_spread_csv__eb2e72eec5,40_llama_block_partition_invariance_audit,40_llama_block_partition_invariance_audit,robustness_and_controls,accepted_with_independent_review,block_partition_invariance_audit,claim_eligible,transfer_boundary_control,results/03_robustness_and_controls/ex40_llama_block_invariance/analysis/shadow_partition_spread.csv,9cb4e74ad7abca3e240a4fb348b9684304cbdd890c79d0e6489248d7f3e7a6b6,results,40_llama_block_partition_invariance_audit/20260729T044926+0000/analysis/shadow_partition_spread.csv,9cb4e74ad7abca3e240a4fb348b9684304cbdd890c79d0e6489248d7f3e7a6b6,observed_after_record_anchor_verification,text_identity,core
ex40_llama_block_invariance__independent_review_REPORT_md__5e7ec54963,40_llama_block_partition_invariance_audit,40_llama_block_partition_invariance_audit,robustness_and_controls,accepted_with_independent_review,block_partition_invariance_audit,claim_eligible,transfer_boundary_control,results/03_robustness_and_controls/ex40_llama_block_invariance/independent_review/REPORT.md,3f7d42e4c6f1fabd5770e67ef626ba25d5822a30c6029c97bbf4e68916810fee,results,40_llama_block_partition_invariance_audit/20260729T044926+0000/independent_review/REPORT.md,3f7d42e4c6f1fabd5770e67ef626ba25d5822a30c6029c97bbf4e68916810fee,observed_after_record_anchor_verification,text_identity,core
ex40_llama_block_invariance__independent_review_checkpoint_summary_csv__ad9cc05ae4,40_llama_block_partition_invariance_audit,40_llama_block_partition_invariance_audit,robustness_and_controls,accepted_with_independent_review,block_partition_invariance_audit,claim_eligible,transfer_boundary_control,results/03_robustness_and_controls/ex40_llama_block_invariance/independent_review/checkpoint_summary.csv,73e735cf7cacd5c58e5e4dc8929a8d82419a0aeeccd64c4ec001127d1efbbf73,results,40_llama_block_partition_invariance_audit/20260729T044926+0000/independent_review/checkpoint_summary.csv,73e735cf7cacd5c58e5e4dc8929a8d82419a0aeeccd64c4ec001127d1efbbf73,observed_after_record_anchor_verification,text_identity,core
ex40_llama_block_invariance__independent_review_important_results_json__3b98441707,40_llama_block_partition_invariance_audit,40_llama_block_partition_invariance_audit,robustness_and_controls,accepted_with_independent_review,block_partition_invariance_audit,claim_eligible,transfer_boundary_control,results/03_robustness_and_controls/ex40_llama_block_invariance/independent_review/important_results.json,6cad5c6b58c7afba28c11bc82fc3534fc6c4fffd8d4335d9b52baaa6bc928207,results,40_llama_block_partition_invariance_audit/20260729T044926+0000/independent_review/important_results.json,6cad5c6b58c7afba28c11bc82fc3534fc6c4fffd8d4335d9b52baaa6bc928207,observed_after_record_anchor_verification,text_identity,core
ex40_llama_block_invariance__independent_review_independent_audit_json__2402e9c5cc,40_llama_block_partition_invariance_audit,40_llama_block_partition_invariance_audit,robustness_and_controls,accepted_with_independent_review,block_partition_invariance_audit,claim_eligible,transfer_boundary_control,results/03_robustness_and_controls/ex40_llama_block_invariance/independent_review/independent_audit.json,f778b55a1d0c62c27f983f195d2072cd1800a3eba9f2214657c42d8eed37a9bf,results,40_llama_block_partition_invariance_audit/20260729T044926+0000/independent_review/independent_audit.json,f778b55a1d0c62c27f983f195d2072cd1800a3eba9f2214657c42d8eed37a9bf,observed_after_record_anchor_verification,text_identity,core
ex40_llama_block_invariance__independent_review_independent_audit_manifest_json__f45bab1ea4,40_llama_block_partition_invariance_audit,40_llama_block_partition_invariance_audit,robustness_and_controls,accepted_with_independent_review,block_partition_invariance_audit,claim_eligible,transfer_boundary_control,results/03_robustness_and_controls/ex40_llama_block_invariance/independent_review/independent_audit_manifest.json,ce567bd2aaa59d4bd01f915e3df0fefcc55f6e9d7ba5821d87b2aa7a0590f14e,results,40_llama_block_partition_invariance_audit/20260729T044926+0000/independent_review/independent_audit_manifest.json,ce567bd2aaa59d4bd01f915e3df0fefcc55f6e9d7ba5821d87b2aa7a0590f14e,selection_anchor,text_identity,core
ex40_llama_block_invariance__independent_review_layer_summary_csv__4a73af236f,40_llama_block_partition_invariance_audit,40_llama_block_partition_invariance_audit,robustness_and_controls,accepted_with_independent_review,block_partition_invariance_audit,claim_eligible,transfer_boundary_control,results/03_robustness_and_controls/ex40_llama_block_invariance/independent_review/layer_summary.csv,1f04d95734dc6688a92a1c84742fb48a06b67209a9aceefb9d3266cf9b661110,results,40_llama_block_partition_invariance_audit/20260729T044926+0000/independent_review/layer_summary.csv,1f04d95734dc6688a92a1c84742fb48a06b67209a9aceefb9d3266cf9b661110,observed_after_record_anchor_verification,text_identity,core
ex40_llama_block_invariance__independent_review_shadow_partition_spread_csv__cdd7fd95b6,40_llama_block_partition_invariance_audit,40_llama_block_partition_invariance_audit,robustness_and_controls,accepted_with_independent_review,block_partition_invariance_audit,claim_eligible,transfer_boundary_control,results/03_robustness_and_controls/ex40_llama_block_invariance/independent_review/shadow_partition_spread.csv,19c7ad1872614c8e3bd3badf9a71c9a011db00daa2cb36d8455ac3ad4b7df16b,results,40_llama_block_partition_invariance_audit/20260729T044926+0000/independent_review/shadow_partition_spread.csv,19c7ad1872614c8e3bd3badf9a71c9a011db00daa2cb36d8455ac3ad4b7df16b,observed_after_record_anchor_verification,text_identity,core
ex40_llama_block_invariance__independent_review_source_artifact_hashes_csv__fea875fae7,40_llama_block_partition_invariance_audit,40_llama_block_partition_invariance_audit,robustness_and_controls,accepted_with_independent_review,block_partition_invariance_audit,claim_eligible,transfer_boundary_control,results/03_robustness_and_controls/ex40_llama_block_invariance/independent_review/source_artifact_hashes.csv,3bbaa08bff6011813c060d9902fa761aecfbd7e84322997db0f9f4c5140a5ff8,results,40_llama_block_partition_invariance_audit/20260729T044926+0000/independent_review/source_artifact_hashes.csv,3bbaa08bff6011813c060d9902fa761aecfbd7e84322997db0f9f4c5140a5ff8,observed_after_record_anchor_verification,text_identity,core
ex41_diag_bridge__R1_DIAG_BRIDGE_REPORT_md__cacb3f0899,41_r1_kstate_module_factorial,41_r1_kstate_module_factorial,robustness_and_controls,accepted,diag_bridge_analysis,quality_state_structure_only_timing_excluded,diag_to_module_factorial_bridge,results/03_robustness_and_controls/ex41_diag_bridge/R1_DIAG_BRIDGE_REPORT.md,4be77b549637365cfad4ec209fee139feb9f1508df50923f544d13b1a4e1aaf2,results,41_r1_kstate_module_factorial/analysis/diag_bridge_20260731/R1_DIAG_BRIDGE_REPORT.md,4be77b549637365cfad4ec209fee139feb9f1508df50923f544d13b1a4e1aaf2,observed_after_record_anchor_verification,text_identity,core
ex41_diag_bridge__checks_json__59674e3a9b,41_r1_kstate_module_factorial,41_r1_kstate_module_factorial,robustness_and_controls,accepted,diag_bridge_analysis,quality_state_structure_only_timing_excluded,diag_to_module_factorial_bridge,results/03_robustness_and_controls/ex41_diag_bridge/checks.json,b860cac41745a0a048543217351da5f3f0c04e867a5827d117f07342ebcd3c17,results,41_r1_kstate_module_factorial/analysis/diag_bridge_20260731/checks.json,b860cac41745a0a048543217351da5f3f0c04e867a5827d117f07342ebcd3c17,observed_after_record_anchor_verification,text_identity,core
ex41_diag_bridge__diag_bridge_cells_csv__549966c522,41_r1_kstate_module_factorial,41_r1_kstate_module_factorial,robustness_and_controls,accepted,diag_bridge_analysis,quality_state_structure_only_timing_excluded,diag_to_module_factorial_bridge,results/03_robustness_and_controls/ex41_diag_bridge/diag_bridge_cells.csv,a8cb5d227319be6831756b833073c98ff5046c761e1695fecbd2b62db4d31cc2,results,41_r1_kstate_module_factorial/analysis/diag_bridge_20260731/diag_bridge_cells.csv,a8cb5d227319be6831756b833073c98ff5046c761e1695fecbd2b62db4d31cc2,observed_after_record_anchor_verification,text_identity,core
ex41_diag_bridge__diag_bridge_decision_json__c7f5492491,41_r1_kstate_module_factorial,41_r1_kstate_module_factorial,robustness_and_controls,accepted,diag_bridge_analysis,quality_state_structure_only_timing_excluded,diag_to_module_factorial_bridge,results/03_robustness_and_controls/ex41_diag_bridge/diag_bridge_decision.json,addd23aa651f0be3803295f95314599d3e9bfa4693f8bb854311caf6ca8af236,results,41_r1_kstate_module_factorial/analysis/diag_bridge_20260731/diag_bridge_decision.json,addd23aa651f0be3803295f95314599d3e9bfa4693f8bb854311caf6ca8af236,observed_after_record_anchor_verification,text_identity,core
ex41_diag_bridge__diag_bridge_effects_by_seed_csv__2954b7fee6,41_r1_kstate_module_factorial,41_r1_kstate_module_factorial,robustness_and_controls,accepted,diag_bridge_analysis,quality_state_structure_only_timing_excluded,diag_to_module_factorial_bridge,results/03_robustness_and_controls/ex41_diag_bridge/diag_bridge_effects_by_seed.csv,268bbf89dffa66777b420a516656f28a7aa7933a8fa65aa94d8a215e1a1725c8,results,41_r1_kstate_module_factorial/analysis/diag_bridge_20260731/diag_bridge_effects_by_seed.csv,268bbf89dffa66777b420a516656f28a7aa7933a8fa65aa94d8a215e1a1725c8,observed_after_record_anchor_verification,text_identity,core
ex41_diag_bridge__diag_bridge_effects_summary_csv__787d9b7ea5,41_r1_kstate_module_factorial,41_r1_kstate_module_factorial,robustness_and_controls,accepted,diag_bridge_analysis,quality_state_structure_only_timing_excluded,diag_to_module_factorial_bridge,results/03_robustness_and_controls/ex41_diag_bridge/diag_bridge_effects_summary.csv,f8fbc7295781416cc8bf5b107137e33159dcac4e474918bc0223ccf124b1ac29,results,41_r1_kstate_module_factorial/analysis/diag_bridge_20260731/diag_bridge_effects_summary.csv,f8fbc7295781416cc8bf5b107137e33159dcac4e474918bc0223ccf124b1ac29,observed_after_record_anchor_verification,text_identity,core
ex41_diag_bridge__diag_bridge_pareto_csv__49f6036ac2,41_r1_kstate_module_factorial,41_r1_kstate_module_factorial,robustness_and_controls,accepted,diag_bridge_analysis,quality_state_structure_only_timing_excluded,diag_to_module_factorial_bridge,results/03_robustness_and_controls/ex41_diag_bridge/diag_bridge_pareto.csv,b7bff72a5173d45f896f77caa6a14bba3b6f65d810ca067420387245b8376871,results,41_r1_kstate_module_factorial/analysis/diag_bridge_20260731/diag_bridge_pareto.csv,b7bff72a5173d45f896f77caa6a14bba3b6f65d810ca067420387245b8376871,observed_after_record_anchor_verification,text_identity,core
ex41_diag_bridge__r1_diag_bridge_analysis_manifest_json__6f03c4a401,41_r1_kstate_module_factorial,41_r1_kstate_module_factorial,robustness_and_controls,accepted,diag_bridge_analysis,quality_state_structure_only_timing_excluded,diag_to_module_factorial_bridge,results/03_robustness_and_controls/ex41_diag_bridge/r1_diag_bridge_analysis_manifest.json,aa015da673a9feecc968a5513c655aa741ce2d5ed035fd43c533baee2639595a,results,41_r1_kstate_module_factorial/analysis/diag_bridge_20260731/r1_diag_bridge_analysis_manifest.json,aa015da673a9feecc968a5513c655aa741ce2d5ed035fd43c533baee2639595a,selection_anchor,text_identity,core
ex41_diag_bridge__r1_diag_bridge_delivery_manifest_json__8a974c6dba,41_r1_kstate_module_factorial,41_r1_kstate_module_factorial,robustness_and_controls,accepted,diag_bridge_analysis,quality_state_structure_only_timing_excluded,diag_to_module_factorial_bridge,results/03_robustness_and_controls/ex41_diag_bridge/r1_diag_bridge_delivery_manifest.json,6ad5fb501b9c51e38510eb615971f0dc38d775deba5c1169dbbb6696a6fb2237,results,41_r1_kstate_module_factorial/analysis/diag_bridge_20260731/r1_diag_bridge_delivery_manifest.json,6ad5fb501b9c51e38510eb615971f0dc38d775deba5c1169dbbb6696a6fb2237,observed_after_record_anchor_verification,text_identity,core
ex41_diag_bridge__source_audit_json__0ce2e23dd2,41_r1_kstate_module_factorial,41_r1_kstate_module_factorial,robustness_and_controls,accepted,diag_bridge_analysis,quality_state_structure_only_timing_excluded,diag_to_module_factorial_bridge,results/03_robustness_and_controls/ex41_diag_bridge/source_audit.json,6d6aa12e8d9b0bce39541936eed3e71f83d6d6c65c87b582b5fbf249cd7a57e1,results,41_r1_kstate_module_factorial/analysis/diag_bridge_20260731/source_audit.json,f9bdec74bf5b98799b21cac27221a26e39e1d5213380fd73a824b4dbb9774d8a,observed_after_record_anchor_verification,json_structured_portable_rewrite,core
ex41_module_factorial__EXPERIMENT_41_ACCEPTANCE_20260731_md__8dfe63b5dc,41_r1_kstate_module_factorial,41_r1_kstate_module_factorial,robustness_and_controls,accepted_with_recorded_errata,module_factorial,quality_state_structure_only_timing_excluded_with_errata_disclosure,module_structure,results/03_robustness_and_controls/ex41_module_factorial/EXPERIMENT_41_ACCEPTANCE_20260731.md,1b4fe685e26ca8185311ece8372769d082545c85ea9c911cf754d5f523b4a205,results,41_r1_kstate_module_factorial/analysis/accepted_20260731/EXPERIMENT_41_ACCEPTANCE_20260731.md,1b4fe685e26ca8185311ece8372769d082545c85ea9c911cf754d5f523b4a205,observed_after_record_anchor_verification,text_identity,core
ex41_module_factorial__experiment41_key_results_json__47b5d56f4f,41_r1_kstate_module_factorial,41_r1_kstate_module_factorial,robustness_and_controls,accepted_with_recorded_errata,module_factorial,quality_state_structure_only_timing_excluded_with_errata_disclosure,module_structure,results/03_robustness_and_controls/ex41_module_factorial/experiment41_key_results.json,46c02e7919bd1c0a7ef7048624179460d0cfc1598473c0292ea0fe4e3fafa7a2,results,41_r1_kstate_module_factorial/analysis/accepted_20260731/experiment41_key_results.json,b5506b6e0902b4c1b338dac2336d24c7e3d2d7e3147e3a39e3f6d42b1357698f,selection_anchor,json_structured_portable_rewrite,core
ex53_r1_matched_diag_module_placement__independent_review_EXPERIMENT_53_REMOTE_RESULT_REVIEW_20260820_md__21b35bd381,53_r1_matched_diag_module_placement,53_r1_matched_diag_module_placement,robustness_and_controls,accepted_three_seed_with_wandb_reconciliation,accepted_matched_diagonal_module_placement_three_seed,quality_state_and_matched_placement_attribution,representation_matched_module_placement_ablation,results/03_robustness_and_controls/ex53_matched_diag_module_placement/independent_review/EXPERIMENT_53_REMOTE_RESULT_REVIEW_20260820.md,3e5be905a97e4ac18be270f584acdfa97f811371b12a05daca2c0714d9e72b34,results,53_r1_matched_diag_module_placement/received_20260820/independent_review/EXPERIMENT_53_REMOTE_RESULT_REVIEW_20260820.md,3e5be905a97e4ac18be270f584acdfa97f811371b12a05daca2c0714d9e72b34,observed_after_record_anchor_verification,text_identity,core
ex53_r1_matched_diag_module_placement__independent_review_independent_review_manifest_json__1b7ba8f479,53_r1_matched_diag_module_placement,53_r1_matched_diag_module_placement,robustness_and_controls,accepted_three_seed_with_wandb_reconciliation,accepted_matched_diagonal_module_placement_three_seed,quality_state_and_matched_placement_attribution,representation_matched_module_placement_ablation,results/03_robustness_and_controls/ex53_matched_diag_module_placement/independent_review/independent_review_manifest.json,a97f11dad0dc39c389956c05c5793d7356d2ce762f2344f19b0cea467bb8b072,results,53_r1_matched_diag_module_placement/received_20260820/independent_review/independent_review_manifest.json,d14d9cfa5e15be2ce3972b582156df9edd5dbf1a7c73d2f8c1655dab29124d7c,observed_after_record_anchor_verification,json_structured_portable_rewrite,core
ex53_r1_matched_diag_module_placement__source_artifacts_analysis_EXPERIMENT_53_ANALYSIS_md__81798ea9a6,53_r1_matched_diag_module_placement,53_r1_matched_diag_module_placement,robustness_and_controls,accepted_three_seed_with_wandb_reconciliation,accepted_matched_diagonal_module_placement_three_seed,quality_state_and_matched_placement_attribution,representation_matched_module_placement_ablation,results/03_robustness_and_controls/ex53_matched_diag_module_placement/source_artifacts/analysis/EXPERIMENT_53_ANALYSIS.md,da5d83b9ed1e2944fd9afa83e89b141522dddc41004cbe168134da7e81414e1a,results,53_r1_matched_diag_module_placement/received_20260820/source_artifacts/analysis/EXPERIMENT_53_ANALYSIS.md,da5d83b9ed1e2944fd9afa83e89b141522dddc41004cbe168134da7e81414e1a,observed_after_record_anchor_verification,text_identity,core
ex53_r1_matched_diag_module_placement__source_artifacts_analysis_aggregate_contrasts_csv__a1b7fd12cb,53_r1_matched_diag_module_placement,53_r1_matched_diag_module_placement,robustness_and_controls,accepted_three_seed_with_wandb_reconciliation,accepted_matched_diagonal_module_placement_three_seed,quality_state_and_matched_placement_attribution,representation_matched_module_placement_ablation,results/03_robustness_and_controls/ex53_matched_diag_module_placement/source_artifacts/analysis/aggregate_contrasts.csv,750eb6e61c70c3eee4201385b8dbbc1ba8cbb2195fa979e8503f5b593a5c1eea,results,53_r1_matched_diag_module_placement/received_20260820/source_artifacts/analysis/aggregate_contrasts.csv,750eb6e61c70c3eee4201385b8dbbc1ba8cbb2195fa979e8503f5b593a5c1eea,observed_after_record_anchor_verification,text_identity,core
ex53_r1_matched_diag_module_placement__source_artifacts_analysis_analysis_manifest_json__cfddd02ce5,53_r1_matched_diag_module_placement,53_r1_matched_diag_module_placement,robustness_and_controls,accepted_three_seed_with_wandb_reconciliation,accepted_matched_diagonal_module_placement_three_seed,quality_state_and_matched_placement_attribution,representation_matched_module_placement_ablation,results/03_robustness_and_controls/ex53_matched_diag_module_placement/source_artifacts/analysis/analysis_manifest.json,e19571b2764e56656a519953a1129ed20e7ada158ea83fe3331c1761e626e5d3,results,53_r1_matched_diag_module_placement/received_20260820/source_artifacts/analysis/analysis_manifest.json,87e13c29cac8932cb9a924a3c098ce1c84282a93c265b84cb6185c58e6d52628,selection_anchor,json_structured_portable_rewrite,core
ex53_r1_matched_diag_module_placement__source_artifacts_analysis_factorial_effects_aggregate_csv__ff6f20d172,53_r1_matched_diag_module_placement,53_r1_matched_diag_module_placement,robustness_and_controls,accepted_three_seed_with_wandb_reconciliation,accepted_matched_diagonal_module_placement_three_seed,quality_state_and_matched_placement_attribution,representation_matched_module_placement_ablation,results/03_robustness_and_controls/ex53_matched_diag_module_placement/source_artifacts/analysis/factorial_effects_aggregate.csv,db7b843d69489db665fef059d1c6bba0a6f1f1af7ac744b41a88cfc064331100,results,53_r1_matched_diag_module_placement/received_20260820/source_artifacts/analysis/factorial_effects_aggregate.csv,db7b843d69489db665fef059d1c6bba0a6f1f1af7ac744b41a88cfc064331100,observed_after_record_anchor_verification,text_identity,core
ex53_r1_matched_diag_module_placement__source_artifacts_analysis_factorial_effects_by_seed_csv__1f5d0ba4ff,53_r1_matched_diag_module_placement,53_r1_matched_diag_module_placement,robustness_and_controls,accepted_three_seed_with_wandb_reconciliation,accepted_matched_diagonal_module_placement_three_seed,quality_state_and_matched_placement_attribution,representation_matched_module_placement_ablation,results/03_robustness_and_controls/ex53_matched_diag_module_placement/source_artifacts/analysis/factorial_effects_by_seed.csv,819aa92851f00ea94a9ab05a5372c0811c92b31b723ef1e31a8c803545cb70a8,results,53_r1_matched_diag_module_placement/received_20260820/source_artifacts/analysis/factorial_effects_by_seed.csv,819aa92851f00ea94a9ab05a5372c0811c92b31b723ef1e31a8c803545cb70a8,observed_after_record_anchor_verification,text_identity,core
ex53_r1_matched_diag_module_placement__source_artifacts_analysis_formal_results_csv__52901b5bd6,53_r1_matched_diag_module_placement,53_r1_matched_diag_module_placement,robustness_and_controls,accepted_three_seed_with_wandb_reconciliation,accepted_matched_diagonal_module_placement_three_seed,quality_state_and_matched_placement_attribution,representation_matched_module_placement_ablation,results/03_robustness_and_controls/ex53_matched_diag_module_placement/source_artifacts/analysis/formal_results.csv,1f4e9614e0b31d7ce67903959181a82441e5047d5c4be86232f688afd55ba85f,results,53_r1_matched_diag_module_placement/received_20260820/source_artifacts/analysis/formal_results.csv,6ba536ba76c0a257c0695eb5c446d520e3f503f98c4ef82cfc33c8a99f0590d2,observed_after_record_anchor_verification,submission_sanitized,core
ex53_r1_matched_diag_module_placement__source_artifacts_analysis_method_summary_csv__ab2ab6b36d,53_r1_matched_diag_module_placement,53_r1_matched_diag_module_placement,robustness_and_controls,accepted_three_seed_with_wandb_reconciliation,accepted_matched_diagonal_module_placement_three_seed,quality_state_and_matched_placement_attribution,representation_matched_module_placement_ablation,results/03_robustness_and_controls/ex53_matched_diag_module_placement/source_artifacts/analysis/method_summary.csv,7757afd927d1754beaac63a299035a31fe91f5c1f238770809a6fee27170f708,results,53_r1_matched_diag_module_placement/received_20260820/source_artifacts/analysis/method_summary.csv,7757afd927d1754beaac63a299035a31fe91f5c1f238770809a6fee27170f708,observed_after_record_anchor_verification,text_identity,core
ex53_r1_matched_diag_module_placement__source_artifacts_analysis_paired_contrasts_by_seed_csv__186386330d,53_r1_matched_diag_module_placement,53_r1_matched_diag_module_placement,robustness_and_controls,accepted_three_seed_with_wandb_reconciliation,accepted_matched_diagonal_module_placement_three_seed,quality_state_and_matched_placement_attribution,representation_matched_module_placement_ablation,results/03_robustness_and_controls/ex53_matched_diag_module_placement/source_artifacts/analysis/paired_contrasts_by_seed.csv,5c87320e2208a6f015b59888e3644bb8735abfbc2a0e42bf6f11e3634b171a49,results,53_r1_matched_diag_module_placement/received_20260820/source_artifacts/analysis/paired_contrasts_by_seed.csv,5c87320e2208a6f015b59888e3644bb8735abfbc2a0e42bf6f11e3634b171a49,observed_after_record_anchor_verification,text_identity,core
ex53_r1_matched_diag_module_placement__source_artifacts_data_inventory_json__60256c0fa7,53_r1_matched_diag_module_placement,53_r1_matched_diag_module_placement,robustness_and_controls,accepted_three_seed_with_wandb_reconciliation,accepted_matched_diagonal_module_placement_three_seed,quality_state_and_matched_placement_attribution,representation_matched_module_placement_ablation,results/03_robustness_and_controls/ex53_matched_diag_module_placement/source_artifacts/data_inventory.json,10f7964879d9836fbb3f4a1fe16b917d112cdd40554acadef11ce85ec37972cd,results,53_r1_matched_diag_module_placement/received_20260820/source_artifacts/data_inventory.json,540ea4d4540c67510e0ea2dc26d6734cdab701e16ad5a5d8b5496c743172fe40,observed_after_record_anchor_verification,json_structured_portable_rewrite,core
ex53_r1_matched_diag_module_placement__source_artifacts_data_verify_receipt_json__429bd70676,53_r1_matched_diag_module_placement,53_r1_matched_diag_module_placement,robustness_and_controls,accepted_three_seed_with_wandb_reconciliation,accepted_matched_diagonal_module_placement_three_seed,quality_state_and_matched_placement_attribution,representation_matched_module_placement_ablation,results/03_robustness_and_controls/ex53_matched_diag_module_placement/source_artifacts/data_verify_receipt.json,8009c2b18e50e46b77da0c264063df36adf8781e50202ad88fcc705ff036deb8,results,53_r1_matched_diag_module_placement/received_20260820/source_artifacts/data_verify_receipt.json,8009c2b18e50e46b77da0c264063df36adf8781e50202ad88fcc705ff036deb8,observed_after_record_anchor_verification,text_identity,core
ex53_r1_matched_diag_module_placement__source_artifacts_formal_manifest_json__c6c4cd28b7,53_r1_matched_diag_module_placement,53_r1_matched_diag_module_placement,robustness_and_controls,accepted_three_seed_with_wandb_reconciliation,accepted_matched_diagonal_module_placement_three_seed,quality_state_and_matched_placement_attribution,representation_matched_module_placement_ablation,results/03_robustness_and_controls/ex53_matched_diag_module_placement/source_artifacts/formal_manifest.json,9b7a79f1b09001fa015cbd2d25680759dba7a3d6321a11943fa925a1cfb42cda,results,53_r1_matched_diag_module_placement/received_20260820/source_artifacts/formal_manifest.json,9b7a79f1b09001fa015cbd2d25680759dba7a3d6321a11943fa925a1cfb42cda,observed_after_record_anchor_verification,text_identity,core
ex53_r1_matched_diag_module_placement__source_artifacts_handoff_manifest_json__2c1b824573,53_r1_matched_diag_module_placement,53_r1_matched_diag_module_placement,robustness_and_controls,accepted_three_seed_with_wandb_reconciliation,accepted_matched_diagonal_module_placement_three_seed,quality_state_and_matched_placement_attribution,representation_matched_module_placement_ablation,results/03_robustness_and_controls/ex53_matched_diag_module_placement/source_artifacts/handoff_manifest.json,96a933592e30370659be7257f52d2730d12d0f7e38b68be64c0fecd522285822,results,53_r1_matched_diag_module_placement/received_20260820/source_artifacts/handoff_manifest.json,ef598568d326a3110bce60deb6b56449bd87fb49c39d1b78378b18d7dc8e5cd4,observed_after_record_anchor_verification,json_structured_portable_rewrite,core
ex53_r1_matched_diag_module_placement__source_artifacts_pilot_manifest_json__5f8ce024aa,53_r1_matched_diag_module_placement,53_r1_matched_diag_module_placement,robustness_and_controls,accepted_three_seed_with_wandb_reconciliation,accepted_matched_diagonal_module_placement_three_seed,quality_state_and_matched_placement_attribution,representation_matched_module_placement_ablation,results/03_robustness_and_controls/ex53_matched_diag_module_placement/source_artifacts/pilot_manifest.json,1102cf407d1199ca4122e51a9eac013684a1e21f4f2e6a42dd6d4858a6556149,results,53_r1_matched_diag_module_placement/received_20260820/source_artifacts/pilot_manifest.json,1102cf407d1199ca4122e51a9eac013684a1e21f4f2e6a42dd6d4858a6556149,observed_after_record_anchor_verification,text_identity,core
ex53_r1_matched_diag_module_placement__source_artifacts_preflight_manifest_json__f9c9bc5a1f,53_r1_matched_diag_module_placement,53_r1_matched_diag_module_placement,robustness_and_controls,accepted_three_seed_with_wandb_reconciliation,accepted_matched_diagonal_module_placement_three_seed,quality_state_and_matched_placement_attribution,representation_matched_module_placement_ablation,results/03_robustness_and_controls/ex53_matched_diag_module_placement/source_artifacts/preflight_manifest.json,ed8ec806a7919b3bf454e5af4489cf9e90a3836b8a69c329525c8944eb568eb2,results,53_r1_matched_diag_module_placement/received_20260820/source_artifacts/preflight_manifest.json,3fa2b17de10c140507be6ae45b1b34965e3ec6f2d3b8e35eddd93e44cdc0705d,observed_after_record_anchor_verification,json_structured_portable_rewrite,core
ex53_r1_matched_diag_module_placement__source_artifacts_source_snapshot_manifest_json__d90d470be1,53_r1_matched_diag_module_placement,53_r1_matched_diag_module_placement,robustness_and_controls,accepted_three_seed_with_wandb_reconciliation,accepted_matched_diagonal_module_placement_three_seed,quality_state_and_matched_placement_attribution,representation_matched_module_placement_ablation,results/03_robustness_and_controls/ex53_matched_diag_module_placement/source_artifacts/source_snapshot_manifest.json,076f31273d99f3312d1e8d7e1bcaf4486434e9dc2870e346a65f530c71214d50,results,53_r1_matched_diag_module_placement/received_20260820/source_artifacts/source_snapshot_manifest.json,076f31273d99f3312d1e8d7e1bcaf4486434e9dc2870e346a65f530c71214d50,observed_after_record_anchor_verification,text_identity,core
ex53_r1_matched_diag_module_placement__source_artifacts_suite_plan_json__4dcfb64cdf,53_r1_matched_diag_module_placement,53_r1_matched_diag_module_placement,robustness_and_controls,accepted_three_seed_with_wandb_reconciliation,accepted_matched_diagonal_module_placement_three_seed,quality_state_and_matched_placement_attribution,representation_matched_module_placement_ablation,results/03_robustness_and_controls/ex53_matched_diag_module_placement/source_artifacts/suite_plan.json,147b731383b307661f7cbcefffcdd8319ffc0cdfcd358a6f58b767e255e2b72a,results,53_r1_matched_diag_module_placement/received_20260820/source_artifacts/suite_plan.json,79c8b2813c5f67e90c884076725d9c6e4ee524669a87fc92bc050a5763d1c498,observed_after_record_anchor_verification,json_structured_portable_rewrite,core
ex53_tracking_reconciliation__wandb_audit_manifest_json__0f614ec83b,53_r1_matched_diag_module_placement,53_r1_matched_diag_module_placement,robustness_and_controls,accepted_pointwise_tracking_reconciliation,secondary_tracking_mirror_only,provenance_only_local_artifacts_primary,tracking_reconciliation,results/03_robustness_and_controls/ex53_matched_diag_module_placement/tracking_reconciliation/wandb_audit_manifest.json,0a174bf6475e2e8f73f83db9647bb91d73989d14d0f143d489da4e17e2562982,results,53_r1_matched_diag_module_placement/received_20260820/wandb/reconciliation/wandb_audit_manifest.json,0a174bf6475e2e8f73f83db9647bb91d73989d14d0f143d489da4e17e2562982,selection_anchor,text_identity,core
ex53_tracking_reconciliation__wandb_metric_reconciliation_csv__2cf28da087,53_r1_matched_diag_module_placement,53_r1_matched_diag_module_placement,robustness_and_controls,accepted_pointwise_tracking_reconciliation,secondary_tracking_mirror_only,provenance_only_local_artifacts_primary,tracking_reconciliation,results/03_robustness_and_controls/ex53_matched_diag_module_placement/tracking_reconciliation/wandb_metric_reconciliation.csv,4966ed8ec94290409682de05589c38e285b238bfa263ea97a9e1ed858067df86,results,53_r1_matched_diag_module_placement/received_20260820/wandb/reconciliation/wandb_metric_reconciliation.csv,4966ed8ec94290409682de05589c38e285b238bfa263ea97a9e1ed858067df86,observed_after_record_anchor_verification,text_identity,core
ex53_tracking_reconciliation__wandb_metric_summary_csv__c04c9665ce,53_r1_matched_diag_module_placement,53_r1_matched_diag_module_placement,robustness_and_controls,accepted_pointwise_tracking_reconciliation,secondary_tracking_mirror_only,provenance_only_local_artifacts_primary,tracking_reconciliation,results/03_robustness_and_controls/ex53_matched_diag_module_placement/tracking_reconciliation/wandb_metric_summary.csv,fb7b55817bee706ff22010dc34aa3137beaf1ed087befb684ac303e43608a613,results,53_r1_matched_diag_module_placement/received_20260820/wandb/reconciliation/wandb_metric_summary.csv,fb7b55817bee706ff22010dc34aa3137beaf1ed087befb684ac303e43608a613,observed_after_record_anchor_verification,text_identity,core
ex34_selective_primary_comparison__SELECTIVE_PRIMARY_COMPARISON_REPORT_md__dea9439196,34_selective_primary_comparison,34_selective_primary_comparison,mechanism,accepted_analysis_only,unified_primary_comparison,claim_eligible_as_synthesis,selective_primary_contrast,results/04_mechanism/ex34_selective_primary/SELECTIVE_PRIMARY_COMPARISON_REPORT.md,1ef0dd1c13386858f87cd02549fd9c62400511a837e1631e6b3d9f06224b77ed,results,34_selective_primary_comparison/20260727T083000+0000/SELECTIVE_PRIMARY_COMPARISON_REPORT.md,1ef0dd1c13386858f87cd02549fd9c62400511a837e1631e6b3d9f06224b77ed,observed_after_record_anchor_verification,text_identity,core
ex34_selective_primary_comparison__primary_analysis_manifest_json__d88db6696a,34_selective_primary_comparison,34_selective_primary_comparison,mechanism,accepted_analysis_only,unified_primary_comparison,claim_eligible_as_synthesis,selective_primary_contrast,results/04_mechanism/ex34_selective_primary/primary_analysis_manifest.json,73587cb8f2c57b992aeb930443eb1137bad6c5a776e2e327f016082b6fee4f92,results,34_selective_primary_comparison/20260727T083000+0000/primary_analysis_manifest.json,73587cb8f2c57b992aeb930443eb1137bad6c5a776e2e327f016082b6fee4f92,selection_anchor,text_identity,core
ex34_selective_primary_comparison__primary_contrasts_by_seed_csv__8c6ff42279,34_selective_primary_comparison,34_selective_primary_comparison,mechanism,accepted_analysis_only,unified_primary_comparison,claim_eligible_as_synthesis,selective_primary_contrast,results/04_mechanism/ex34_selective_primary/primary_contrasts_by_seed.csv,00e4bdefe2d857e3064934a99d2685a79fa93335dac8eecf59822e404ed14839,results,34_selective_primary_comparison/20260727T083000+0000/primary_contrasts_by_seed.csv,00e4bdefe2d857e3064934a99d2685a79fa93335dac8eecf59822e404ed14839,observed_after_record_anchor_verification,text_identity,core
ex34_selective_primary_comparison__primary_contrasts_summary_csv__854c6c641a,34_selective_primary_comparison,34_selective_primary_comparison,mechanism,accepted_analysis_only,unified_primary_comparison,claim_eligible_as_synthesis,selective_primary_contrast,results/04_mechanism/ex34_selective_primary/primary_contrasts_summary.csv,f17d484ab6613a1b2a661e461b2a614921f0c5a2f3bc3c69364e484694ed69a4,results,34_selective_primary_comparison/20260727T083000+0000/primary_contrasts_summary.csv,f17d484ab6613a1b2a661e461b2a614921f0c5a2f3bc3c69364e484694ed69a4,observed_after_record_anchor_verification,text_identity,core
ex34_selective_primary_comparison__primary_method_summary_csv__324b9bbc0d,34_selective_primary_comparison,34_selective_primary_comparison,mechanism,accepted_analysis_only,unified_primary_comparison,claim_eligible_as_synthesis,selective_primary_contrast,results/04_mechanism/ex34_selective_primary/primary_method_summary.csv,2433755f09b404a1aff104919c2160b22227b151b77c13c8aa24ae7912d2357f,results,34_selective_primary_comparison/20260727T083000+0000/primary_method_summary.csv,2433755f09b404a1aff104919c2160b22227b151b77c13c8aa24ae7912d2357f,observed_after_record_anchor_verification,text_identity,core
ex34_selective_primary_comparison__source_audit_json__0ce2e23dd2,34_selective_primary_comparison,34_selective_primary_comparison,mechanism,accepted_analysis_only,unified_primary_comparison,claim_eligible_as_synthesis,selective_primary_contrast,results/04_mechanism/ex34_selective_primary/source_audit.json,2b091d7e4a13e54eaf9b06a0a3a4e8fa42cd96ba9d3e872a7be266edd2f146dd,results,34_selective_primary_comparison/20260727T083000+0000/source_audit.json,69b6bb1da29477057f043a8c75ee378d2bd05385344a5ed4866f40993284dc3a,observed_after_record_anchor_verification,package_hash_links_rewritten,core
ex37_refresh_mediation__analysis_auc_contrasts_csv__bb9a3ca29a,37_mech09_downproj_refresh_mediation,37_mech09_downproj_refresh_mediation,mechanism,accepted_with_independent_review,refresh_short_horizon_loss_impulse,claim_eligible_with_protocol_amendment_disclosure,causal_refresh_mediation,results/04_mechanism/ex37_refresh_mediation/analysis/auc_contrasts.csv,e7facec2fd6daaee97f253ee3cec88e2391ee6a6f91dc274673abbeb17a7c1d5,results,37_mech09_downproj_refresh_mediation/20260728T075907+0000/analysis/auc_contrasts.csv,e7facec2fd6daaee97f253ee3cec88e2391ee6a6f91dc274673abbeb17a7c1d5,observed_after_record_anchor_verification,text_identity,core
ex37_refresh_mediation__analysis_evaluation_all_csv__e114ab87a4,37_mech09_downproj_refresh_mediation,37_mech09_downproj_refresh_mediation,mechanism,accepted_with_independent_review,refresh_short_horizon_loss_impulse,claim_eligible_with_protocol_amendment_disclosure,causal_refresh_mediation,results/04_mechanism/ex37_refresh_mediation/analysis/evaluation_all.csv,0f745c1b97abf2acd8fb87e3f3237fe9c858ef57c6a202d589dbe842b4a8dd43,results,37_mech09_downproj_refresh_mediation/20260728T075907+0000/analysis/evaluation_all.csv,0f745c1b97abf2acd8fb87e3f3237fe9c858ef57c6a202d589dbe842b4a8dd43,observed_after_record_anchor_verification,text_identity,core
ex37_refresh_mediation__analysis_integrity_checks_json__82cd239b70,37_mech09_downproj_refresh_mediation,37_mech09_downproj_refresh_mediation,mechanism,accepted_with_independent_review,refresh_short_horizon_loss_impulse,claim_eligible_with_protocol_amendment_disclosure,causal_refresh_mediation,results/04_mechanism/ex37_refresh_mediation/analysis/integrity_checks.json,b57b89526e2e35192da864e0b76b381343af4615666a0376ccabde9f5a3f10d7,results,37_mech09_downproj_refresh_mediation/20260728T075907+0000/analysis/integrity_checks.json,b57b89526e2e35192da864e0b76b381343af4615666a0376ccabde9f5a3f10d7,observed_after_record_anchor_verification,text_identity,core
ex37_refresh_mediation__analysis_mech09r_analysis_manifest_json__b415e9cf03,37_mech09_downproj_refresh_mediation,37_mech09_downproj_refresh_mediation,mechanism,accepted_with_independent_review,refresh_short_horizon_loss_impulse,claim_eligible_with_protocol_amendment_disclosure,causal_refresh_mediation,results/04_mechanism/ex37_refresh_mediation/analysis/mech09r_analysis_manifest.json,34b9525c4fcd061cbc3191b6844dd0000c3eac0bf0acc82876025f0ff3ee38d0,results,37_mech09_downproj_refresh_mediation/20260728T075907+0000/analysis/mech09r_analysis_manifest.json,34b9525c4fcd061cbc3191b6844dd0000c3eac0bf0acc82876025f0ff3ee38d0,observed_after_record_anchor_verification,text_identity,core
ex37_refresh_mediation__analysis_mediation_decision_json__bf48caaa5f,37_mech09_downproj_refresh_mediation,37_mech09_downproj_refresh_mediation,mechanism,accepted_with_independent_review,refresh_short_horizon_loss_impulse,claim_eligible_with_protocol_amendment_disclosure,causal_refresh_mediation,results/04_mechanism/ex37_refresh_mediation/analysis/mediation_decision.json,8b18d2ff76e8de016f13a3ae78beb12e772af47445e0a4a36260faf13febab1c,results,37_mech09_downproj_refresh_mediation/20260728T075907+0000/analysis/mediation_decision.json,8b18d2ff76e8de016f13a3ae78beb12e772af47445e0a4a36260faf13febab1c,observed_after_record_anchor_verification,text_identity,core
ex37_refresh_mediation__analysis_paired_contrast_summary_csv__9aa75d0e31,37_mech09_downproj_refresh_mediation,37_mech09_downproj_refresh_mediation,mechanism,accepted_with_independent_review,refresh_short_horizon_loss_impulse,claim_eligible_with_protocol_amendment_disclosure,causal_refresh_mediation,results/04_mechanism/ex37_refresh_mediation/analysis/paired_contrast_summary.csv,318e0105bc4a52a4eb7fa9c716d87a0b9a7a88251be0df702e17a1fe8c3b8f1b,results,37_mech09_downproj_refresh_mediation/20260728T075907+0000/analysis/paired_contrast_summary.csv,318e0105bc4a52a4eb7fa9c716d87a0b9a7a88251be0df702e17a1fe8c3b8f1b,observed_after_record_anchor_verification,text_identity,core
ex37_refresh_mediation__analysis_paired_contrasts_csv__52f7f1f174,37_mech09_downproj_refresh_mediation,37_mech09_downproj_refresh_mediation,mechanism,accepted_with_independent_review,refresh_short_horizon_loss_impulse,claim_eligible_with_protocol_amendment_disclosure,causal_refresh_mediation,results/04_mechanism/ex37_refresh_mediation/analysis/paired_contrasts.csv,9e61b39076a63c4c7c56ef46114f73ca7c1451ef410bf5de7460b1e3bce51f49,results,37_mech09_downproj_refresh_mediation/20260728T075907+0000/analysis/paired_contrasts.csv,9e61b39076a63c4c7c56ef46114f73ca7c1451ef410bf5de7460b1e3bce51f49,observed_after_record_anchor_verification,text_identity,core
ex37_refresh_mediation__analysis_protocol_amendment_json__cdf3176f41,37_mech09_downproj_refresh_mediation,37_mech09_downproj_refresh_mediation,mechanism,accepted_with_independent_review,refresh_short_horizon_loss_impulse,claim_eligible_with_protocol_amendment_disclosure,causal_refresh_mediation,results/04_mechanism/ex37_refresh_mediation/analysis/protocol_amendment.json,e4795d6998e1db534c01a16e10a0cc26f7d84c1d65be6f1f364371a51c0e1aa9,results,37_mech09_downproj_refresh_mediation/20260728T075907+0000/analysis/protocol_amendment.json,e4795d6998e1db534c01a16e10a0cc26f7d84c1d65be6f1f364371a51c0e1aa9,observed_after_record_anchor_verification,text_identity,core
ex37_refresh_mediation__analysis_shared_prefix_audit_json__f2e169904b,37_mech09_downproj_refresh_mediation,37_mech09_downproj_refresh_mediation,mechanism,accepted_with_independent_review,refresh_short_horizon_loss_impulse,claim_eligible_with_protocol_amendment_disclosure,causal_refresh_mediation,results/04_mechanism/ex37_refresh_mediation/analysis/shared_prefix_audit.json,3666efe81bdf556af55d64543483c48e2deee59005563062642ffca7fb550c43,results,37_mech09_downproj_refresh_mediation/20260728T075907+0000/analysis/shared_prefix_audit.json,3666efe81bdf556af55d64543483c48e2deee59005563062642ffca7fb550c43,observed_after_record_anchor_verification,text_identity,core
ex37_refresh_mediation__analysis_worker_inventory_csv__46ae733356,37_mech09_downproj_refresh_mediation,37_mech09_downproj_refresh_mediation,mechanism,accepted_with_independent_review,refresh_short_horizon_loss_impulse,claim_eligible_with_protocol_amendment_disclosure,causal_refresh_mediation,results/04_mechanism/ex37_refresh_mediation/analysis/worker_inventory.csv,bb6935089d7fd8c3104e1404903962e8126caadf3e7a9ff9a79777062233a51c,results,37_mech09_downproj_refresh_mediation/20260728T075907+0000/analysis/worker_inventory.csv,a7751874848c82b99f357768cfc1516a860f7f4f9ec676042ca1f15103fd62d8,observed_after_record_anchor_verification,submission_sanitized,core
ex37_refresh_mediation__checkpoint_inventory_json__ec3f8aa2b4,37_mech09_downproj_refresh_mediation,37_mech09_downproj_refresh_mediation,mechanism,accepted_with_independent_review,refresh_short_horizon_loss_impulse,claim_eligible_with_protocol_amendment_disclosure,causal_refresh_mediation,results/04_mechanism/ex37_refresh_mediation/checkpoint_inventory.json,771c53d5b22084d26904244484cbd7afa745878735510b35a068533119781a3c,results,37_mech09_downproj_refresh_mediation/20260728T075907+0000/checkpoint_inventory.json,692370610fe239ae2262c5c26785dd7085a0ee0147b5cb47b60863b0608c11b4,observed_after_record_anchor_verification,json_structured_portable_rewrite,core
ex37_refresh_mediation__formal_formal_manifest_json__f100966ac7,37_mech09_downproj_refresh_mediation,37_mech09_downproj_refresh_mediation,mechanism,accepted_with_independent_review,refresh_short_horizon_loss_impulse,claim_eligible_with_protocol_amendment_disclosure,causal_refresh_mediation,results/04_mechanism/ex37_refresh_mediation/formal/formal_manifest.json,c8c38d6a12311db6c5baca02c3d17e0a83917a05b63df9ab5c6852893276444f,results,37_mech09_downproj_refresh_mediation/20260728T075907+0000/formal/formal_manifest.json,25dafc43f7cfdc3a0e61cd84c9fbc9c94a16c9db5833581130be8d6bf930b3e9,observed_after_record_anchor_verification,json_structured_portable_rewrite,core
ex37_refresh_mediation__independent_review_auc_contrasts_recomputed_csv__d4629b35c9,37_mech09_downproj_refresh_mediation,37_mech09_downproj_refresh_mediation,mechanism,accepted_with_independent_review,refresh_short_horizon_loss_impulse,claim_eligible_with_protocol_amendment_disclosure,causal_refresh_mediation,results/04_mechanism/ex37_refresh_mediation/independent_review/auc_contrasts_recomputed.csv,acce8613c5e0dc073d5dbd06df3dd1c7a337270368c25eddc5c803313369f73f,results,37_mech09_downproj_refresh_mediation/20260728T075907+0000/independent_review/auc_contrasts_recomputed.csv,acce8613c5e0dc073d5dbd06df3dd1c7a337270368c25eddc5c803313369f73f,observed_after_record_anchor_verification,text_identity,core
ex37_refresh_mediation__independent_review_auc_summary_csv__770fb9f750,37_mech09_downproj_refresh_mediation,37_mech09_downproj_refresh_mediation,mechanism,accepted_with_independent_review,refresh_short_horizon_loss_impulse,claim_eligible_with_protocol_amendment_disclosure,causal_refresh_mediation,results/04_mechanism/ex37_refresh_mediation/independent_review/auc_summary.csv,a0f6320201b494bf29ae288fdba8f2bf628f7f4bf6f984ea2040eb789c0db1b8,results,37_mech09_downproj_refresh_mediation/20260728T075907+0000/independent_review/auc_summary.csv,a0f6320201b494bf29ae288fdba8f2bf628f7f4bf6f984ea2040eb789c0db1b8,observed_after_record_anchor_verification,text_identity,core
ex37_refresh_mediation__independent_review_contrast_by_origin_csv__8382a41ba7,37_mech09_downproj_refresh_mediation,37_mech09_downproj_refresh_mediation,mechanism,accepted_with_independent_review,refresh_short_horizon_loss_impulse,claim_eligible_with_protocol_amendment_disclosure,causal_refresh_mediation,results/04_mechanism/ex37_refresh_mediation/independent_review/contrast_by_origin.csv,dd8936a012fb298452f0e37326081f419ca3698b28f49d581f24573851ea1ff6,results,37_mech09_downproj_refresh_mediation/20260728T075907+0000/independent_review/contrast_by_origin.csv,dd8936a012fb298452f0e37326081f419ca3698b28f49d581f24573851ea1ff6,observed_after_record_anchor_verification,text_identity,core
ex37_refresh_mediation__independent_review_contrast_trajectory_summary_csv__32db757489,37_mech09_downproj_refresh_mediation,37_mech09_downproj_refresh_mediation,mechanism,accepted_with_independent_review,refresh_short_horizon_loss_impulse,claim_eligible_with_protocol_amendment_disclosure,causal_refresh_mediation,results/04_mechanism/ex37_refresh_mediation/independent_review/contrast_trajectory_summary.csv,6610cfb98327aad270321797fdcf25f1c7c84038f2c5ffd9d085247802cd76a5,results,37_mech09_downproj_refresh_mediation/20260728T075907+0000/independent_review/contrast_trajectory_summary.csv,6610cfb98327aad270321797fdcf25f1c7c84038f2c5ffd9d085247802cd76a5,observed_after_record_anchor_verification,text_identity,core
ex37_refresh_mediation__independent_review_data_quality_audit_json__cd5f99259e,37_mech09_downproj_refresh_mediation,37_mech09_downproj_refresh_mediation,mechanism,accepted_with_independent_review,refresh_short_horizon_loss_impulse,claim_eligible_with_protocol_amendment_disclosure,causal_refresh_mediation,results/04_mechanism/ex37_refresh_mediation/independent_review/data_quality_audit.json,083e8e197831810c078a44b1fde6589d37099c5501cc100fd5fe5404dbfab2d6,results,37_mech09_downproj_refresh_mediation/20260728T075907+0000/independent_review/data_quality_audit.json,a04f2392723c039130edc7bf243c773ac87c4aded6206e51fe96a2296f9729a6,observed_after_record_anchor_verification,json_structured_portable_rewrite,core
ex37_refresh_mediation__independent_review_important_results_json__3b98441707,37_mech09_downproj_refresh_mediation,37_mech09_downproj_refresh_mediation,mechanism,accepted_with_independent_review,refresh_short_horizon_loss_impulse,claim_eligible_with_protocol_amendment_disclosure,causal_refresh_mediation,results/04_mechanism/ex37_refresh_mediation/independent_review/important_results.json,7abb68032045609e78a0208b76b7910a6f73e2da3df11843a5e6bb8b5854824c,results,37_mech09_downproj_refresh_mediation/20260728T075907+0000/independent_review/important_results.json,7abb68032045609e78a0208b76b7910a6f73e2da3df11843a5e6bb8b5854824c,observed_after_record_anchor_verification,text_identity,core
ex37_refresh_mediation__independent_review_independent_audit_manifest_json__f45bab1ea4,37_mech09_downproj_refresh_mediation,37_mech09_downproj_refresh_mediation,mechanism,accepted_with_independent_review,refresh_short_horizon_loss_impulse,claim_eligible_with_protocol_amendment_disclosure,causal_refresh_mediation,results/04_mechanism/ex37_refresh_mediation/independent_review/independent_audit_manifest.json,3c19990a8bc9d5453f2fdbbb7eb6170af016df7edaa88c9d5608d04bf2869174,results,37_mech09_downproj_refresh_mediation/20260728T075907+0000/independent_review/independent_audit_manifest.json,3c19990a8bc9d5453f2fdbbb7eb6170af016df7edaa88c9d5608d04bf2869174,selection_anchor,text_identity,core
ex37_refresh_mediation__independent_review_paired_contrasts_recomputed_csv__11a6bedd02,37_mech09_downproj_refresh_mediation,37_mech09_downproj_refresh_mediation,mechanism,accepted_with_independent_review,refresh_short_horizon_loss_impulse,claim_eligible_with_protocol_amendment_disclosure,causal_refresh_mediation,results/04_mechanism/ex37_refresh_mediation/independent_review/paired_contrasts_recomputed.csv,ac57eeb8da105235bb5baeee872f86931c977168fce00c8fd1cc144a99cb295a,results,37_mech09_downproj_refresh_mediation/20260728T075907+0000/independent_review/paired_contrasts_recomputed.csv,ac57eeb8da105235bb5baeee872f86931c977168fce00c8fd1cc144a99cb295a,observed_after_record_anchor_verification,text_identity,core
ex37_refresh_mediation__independent_review_worker_audit_csv__3ff9fbb7b9,37_mech09_downproj_refresh_mediation,37_mech09_downproj_refresh_mediation,mechanism,accepted_with_independent_review,refresh_short_horizon_loss_impulse,claim_eligible_with_protocol_amendment_disclosure,causal_refresh_mediation,results/04_mechanism/ex37_refresh_mediation/independent_review/worker_audit.csv,5605ee1fd95dbaa7f6150d72928f17009daf5c9fb2a14d1395678936e9384bb2,results,37_mech09_downproj_refresh_mediation/20260728T075907+0000/independent_review/worker_audit.csv,5605ee1fd95dbaa7f6150d72928f17009daf5c9fb2a14d1395678936e9384bb2,observed_after_record_anchor_verification,text_identity,core
ex37_refresh_mediation__status_json__87a747fca8,37_mech09_downproj_refresh_mediation,37_mech09_downproj_refresh_mediation,mechanism,accepted_with_independent_review,refresh_short_horizon_loss_impulse,claim_eligible_with_protocol_amendment_disclosure,causal_refresh_mediation,results/04_mechanism/ex37_refresh_mediation/status.json,1e081d8102c6b2a36d3ef01a119585a55b387dd7a5936b97b13e8539168505e2,results,37_mech09_downproj_refresh_mediation/20260728T075907+0000/status.json,31f2e7bbbd2b9f47903db36db61368f492b7addc26be86c4814f26b2b9d66dd3,observed_after_record_anchor_verification,json_structured_portable_rewrite,core
ex38_unified_mechanism__UNIFIED_MECHANISM_SYNTHESIS_REPORT_md__f18808aa02,38_unified_mechanism_synthesis,38_unified_mechanism_synthesis,mechanism,accepted_analysis_only,unified_mechanism_synthesis,claim_eligible_with_boundary_matrix,mechanism_evidence_chain,results/04_mechanism/ex38_unified_synthesis/UNIFIED_MECHANISM_SYNTHESIS_REPORT.md,f037f1d0d8c028d9160f8e73de7c8ee2f47b432394dfaaddfad7754956fb90f0,results,38_unified_mechanism_synthesis/20260729T071451+0000/UNIFIED_MECHANISM_SYNTHESIS_REPORT.md,f037f1d0d8c028d9160f8e73de7c8ee2f47b432394dfaaddfad7754956fb90f0,observed_after_record_anchor_verification,text_identity,core
ex38_unified_mechanism__alpha_synthesis_csv__5983aa1a37,38_unified_mechanism_synthesis,38_unified_mechanism_synthesis,mechanism,accepted_analysis_only,unified_mechanism_synthesis,claim_eligible_with_boundary_matrix,mechanism_evidence_chain,results/04_mechanism/ex38_unified_synthesis/alpha_synthesis.csv,06662406cfd307d44085a667bb5ac50e00e5785c03fa52c3bd49b79a8571afe4,results,38_unified_mechanism_synthesis/20260729T071451+0000/alpha_synthesis.csv,06662406cfd307d44085a667bb5ac50e00e5785c03fa52c3bd49b79a8571afe4,observed_after_record_anchor_verification,text_identity,core
ex38_unified_mechanism__architecture_transfer_boundary_csv__b270561ae1,38_unified_mechanism_synthesis,38_unified_mechanism_synthesis,mechanism,accepted_analysis_only,unified_mechanism_synthesis,claim_eligible_with_boundary_matrix,mechanism_evidence_chain,results/04_mechanism/ex38_unified_synthesis/architecture_transfer_boundary.csv,ab2e0c51d63585d04b808d360fd18916d23c9e605fbe8a0de804783d23fc8ac3,results,38_unified_mechanism_synthesis/20260729T071451+0000/architecture_transfer_boundary.csv,ab2e0c51d63585d04b808d360fd18916d23c9e605fbe8a0de804783d23fc8ac3,observed_after_record_anchor_verification,text_identity,core
ex38_unified_mechanism__claim_evidence_matrix_csv__6929e8d4f5,38_unified_mechanism_synthesis,38_unified_mechanism_synthesis,mechanism,accepted_analysis_only,unified_mechanism_synthesis,claim_eligible_with_boundary_matrix,mechanism_evidence_chain,results/04_mechanism/ex38_unified_synthesis/claim_evidence_matrix.csv,38ee2dadd55b69a73cbcd4e76a54e05a078b22796a0bf5ae2917af6f93190316,results,38_unified_mechanism_synthesis/20260729T071451+0000/claim_evidence_matrix.csv,38ee2dadd55b69a73cbcd4e76a54e05a078b22796a0bf5ae2917af6f93190316,observed_after_record_anchor_verification,text_identity,core
ex38_unified_mechanism__complementary_bridge_summary_csv__0721dd35e6,38_unified_mechanism_synthesis,38_unified_mechanism_synthesis,mechanism,accepted_analysis_only,unified_mechanism_synthesis,claim_eligible_with_boundary_matrix,mechanism_evidence_chain,results/04_mechanism/ex38_unified_synthesis/complementary_bridge_summary.csv,5f4f4ee23edaaa9e795777469e284a5b23ea862cddc07ba89b9a814aeca2b0b2,results,38_unified_mechanism_synthesis/20260729T071451+0000/complementary_bridge_summary.csv,5f4f4ee23edaaa9e795777469e284a5b23ea862cddc07ba89b9a814aeca2b0b2,observed_after_record_anchor_verification,text_identity,core
ex38_unified_mechanism__foundational_module_structure_csv__2f958428d4,38_unified_mechanism_synthesis,38_unified_mechanism_synthesis,mechanism,accepted_analysis_only,unified_mechanism_synthesis,claim_eligible_with_boundary_matrix,mechanism_evidence_chain,results/04_mechanism/ex38_unified_synthesis/foundational_module_structure.csv,28bbad20200156592b3ce44c54838bc668b830ca3c16c66c3631a802c7468b49,results,38_unified_mechanism_synthesis/20260729T071451+0000/foundational_module_structure.csv,28bbad20200156592b3ce44c54838bc668b830ca3c16c66c3631a802c7468b49,observed_after_record_anchor_verification,text_identity,core
ex38_unified_mechanism__mechanism_chain_csv__056980ed77,38_unified_mechanism_synthesis,38_unified_mechanism_synthesis,mechanism,accepted_analysis_only,unified_mechanism_synthesis,claim_eligible_with_boundary_matrix,mechanism_evidence_chain,results/04_mechanism/ex38_unified_synthesis/mechanism_chain.csv,a1fe373c605401695a1330d7605098927146b8de2f1f1db38c606e62aa2f1130,results,38_unified_mechanism_synthesis/20260729T071451+0000/mechanism_chain.csv,a1fe373c605401695a1330d7605098927146b8de2f1f1db38c606e62aa2f1130,observed_after_record_anchor_verification,text_identity,core
ex38_unified_mechanism__prediction_rollout_alignment_csv__d0440065d3,38_unified_mechanism_synthesis,38_unified_mechanism_synthesis,mechanism,accepted_analysis_only,unified_mechanism_synthesis,claim_eligible_with_boundary_matrix,mechanism_evidence_chain,results/04_mechanism/ex38_unified_synthesis/prediction_rollout_alignment.csv,818226a80b889991b0f9c54ee712de5a97b670c82771b9fbf1ffe3f250055f48,results,38_unified_mechanism_synthesis/20260729T071451+0000/prediction_rollout_alignment.csv,818226a80b889991b0f9c54ee712de5a97b670c82771b9fbf1ffe3f250055f48,observed_after_record_anchor_verification,text_identity,core
ex38_unified_mechanism__primary_training_contrasts_csv__ffcbe465e6,38_unified_mechanism_synthesis,38_unified_mechanism_synthesis,mechanism,accepted_analysis_only,unified_mechanism_synthesis,claim_eligible_with_boundary_matrix,mechanism_evidence_chain,results/04_mechanism/ex38_unified_synthesis/primary_training_contrasts.csv,51ce415ea5010c82b951731f5a67d00efcb2db6bf107fa242bbc2a0907e62cff,results,38_unified_mechanism_synthesis/20260729T071451+0000/primary_training_contrasts.csv,51ce415ea5010c82b951731f5a67d00efcb2db6bf107fa242bbc2a0907e62cff,observed_after_record_anchor_verification,text_identity,core
ex38_unified_mechanism__rollout_cluster_bootstrap_csv__a1fc46d46e,38_unified_mechanism_synthesis,38_unified_mechanism_synthesis,mechanism,accepted_analysis_only,unified_mechanism_synthesis,claim_eligible_with_boundary_matrix,mechanism_evidence_chain,results/04_mechanism/ex38_unified_synthesis/rollout_cluster_bootstrap.csv,932b552d4f83d3d24d738a12feb16de6a405266dca63168b9f5edb73ee853099,results,38_unified_mechanism_synthesis/20260729T071451+0000/rollout_cluster_bootstrap.csv,932b552d4f83d3d24d738a12feb16de6a405266dca63168b9f5edb73ee853099,observed_after_record_anchor_verification,text_identity,core
ex38_unified_mechanism__unified_mechanism_manifest_json__2bade9290f,38_unified_mechanism_synthesis,38_unified_mechanism_synthesis,mechanism,accepted_analysis_only,unified_mechanism_synthesis,claim_eligible_with_boundary_matrix,mechanism_evidence_chain,results/04_mechanism/ex38_unified_synthesis/unified_mechanism_manifest.json,634ecfa12cd2ec46e8a72f354989f0dad09155a2489d7fd2f707cfb1c70a5c0d,results,38_unified_mechanism_synthesis/20260729T071451+0000/unified_mechanism_manifest.json,634ecfa12cd2ec46e8a72f354989f0dad09155a2489d7fd2f707cfb1c70a5c0d,selection_anchor,text_identity,core
mechanism_closure__MECHANISM_CLOSURE_REPORT_md__0c583c86d3,38_unified_mechanism_synthesis,38_unified_mechanism_synthesis;46_mdp05_confirmatory_update_shock;47b_geo01b_update_geometry_discovery;mdp04_refresh_streaming,mechanism,accepted_and_closed,mechanism_line_closed_with_bounded_positive_and_null_results,claim_eligible_with_claim_boundary,mechanism_closure,results/04_mechanism/mechanism_closure/MECHANISM_CLOSURE_REPORT.md,dafe2ad270e6a1c624785f4a58635cdbab27bb3d915e92c627a83d9675dbf10d,results,_shared/analysis/mechanism_closure_20260805/MECHANISM_CLOSURE_REPORT.md,dafe2ad270e6a1c624785f4a58635cdbab27bb3d915e92c627a83d9675dbf10d,observed_after_record_anchor_verification,text_identity,core
mechanism_closure__claim_boundary_csv__3d5c544f90,38_unified_mechanism_synthesis,38_unified_mechanism_synthesis;46_mdp05_confirmatory_update_shock;47b_geo01b_update_geometry_discovery;mdp04_refresh_streaming,mechanism,accepted_and_closed,mechanism_line_closed_with_bounded_positive_and_null_results,claim_eligible_with_claim_boundary,mechanism_closure,results/04_mechanism/mechanism_closure/claim_boundary.csv,c7090cdc17cf993d6efc5715f8b5b47184f5d8b14d570a1dcb958d8e6b2c2edd,results,_shared/analysis/mechanism_closure_20260805/claim_boundary.csv,c7090cdc17cf993d6efc5715f8b5b47184f5d8b14d570a1dcb958d8e6b2c2edd,observed_after_record_anchor_verification,text_identity,core
mechanism_closure__closure_decision_json__8fa6edd48b,38_unified_mechanism_synthesis,38_unified_mechanism_synthesis;46_mdp05_confirmatory_update_shock;47b_geo01b_update_geometry_discovery;mdp04_refresh_streaming,mechanism,accepted_and_closed,mechanism_line_closed_with_bounded_positive_and_null_results,claim_eligible_with_claim_boundary,mechanism_closure,results/04_mechanism/mechanism_closure/closure_decision.json,314aa94602c387a5566611275342190ea4974f1603956fcd1bbe4e2de9a4f918,results,_shared/analysis/mechanism_closure_20260805/closure_decision.json,314aa94602c387a5566611275342190ea4974f1603956fcd1bbe4e2de9a4f918,observed_after_record_anchor_verification,text_identity,core
mechanism_closure__closure_manifest_json__6de327a43b,38_unified_mechanism_synthesis,38_unified_mechanism_synthesis;46_mdp05_confirmatory_update_shock;47b_geo01b_update_geometry_discovery;mdp04_refresh_streaming,mechanism,accepted_and_closed,mechanism_line_closed_with_bounded_positive_and_null_results,claim_eligible_with_claim_boundary,mechanism_closure,results/04_mechanism/mechanism_closure/closure_manifest.json,d4d16a2333ffffcf8ab8b1ed09ef6cca3a3921f329dc9690e2291c596c81ed00,results,_shared/analysis/mechanism_closure_20260805/closure_manifest.json,f001042a51757a2e901b2a6fcdd12ecc675f58f417b10e46f887ccc46a2bf19a,selection_anchor,package_hash_links_rewritten,core
mechanism_closure__fig_predictor_generalization_png__e19e97ce29,38_unified_mechanism_synthesis,38_unified_mechanism_synthesis;46_mdp05_confirmatory_update_shock;47b_geo01b_update_geometry_discovery;mdp04_refresh_streaming,mechanism,accepted_and_closed,mechanism_line_closed_with_bounded_positive_and_null_results,claim_eligible_with_claim_boundary,mechanism_closure,results/04_mechanism/mechanism_closure/fig_predictor_generalization.png,93331f9671fef16dbad5e68254c7000285b372099935b6ddb2ff636d4ff5b276,results,_shared/analysis/mechanism_closure_20260805/fig_predictor_generalization.png,93331f9671fef16dbad5e68254c7000285b372099935b6ddb2ff636d4ff5b276,observed_after_record_anchor_verification,binary_identity,core
mechanism_closure__fig_predictor_generalization_svg__f99d13b1fb,38_unified_mechanism_synthesis,38_unified_mechanism_synthesis;46_mdp05_confirmatory_update_shock;47b_geo01b_update_geometry_discovery;mdp04_refresh_streaming,mechanism,accepted_and_closed,mechanism_line_closed_with_bounded_positive_and_null_results,claim_eligible_with_claim_boundary,mechanism_closure,results/04_mechanism/mechanism_closure/fig_predictor_generalization.svg,42eb4579ffb394e77dceff8c1b4329d4d493e01a42f1143ab9271f7ecbbf48af,results,_shared/analysis/mechanism_closure_20260805/fig_predictor_generalization.svg,42eb4579ffb394e77dceff8c1b4329d4d493e01a42f1143ab9271f7ecbbf48af,observed_after_record_anchor_verification,text_identity,core
mechanism_closure__fig_refresh_harm_replication_png__fd721be92a,38_unified_mechanism_synthesis,38_unified_mechanism_synthesis;46_mdp05_confirmatory_update_shock;47b_geo01b_update_geometry_discovery;mdp04_refresh_streaming,mechanism,accepted_and_closed,mechanism_line_closed_with_bounded_positive_and_null_results,claim_eligible_with_claim_boundary,mechanism_closure,results/04_mechanism/mechanism_closure/fig_refresh_harm_replication.png,6ce8ba1c395f8fe021d2539b173e4cd04898b7ac60535a1d71c6e1b0af49e622,results,_shared/analysis/mechanism_closure_20260805/fig_refresh_harm_replication.png,6ce8ba1c395f8fe021d2539b173e4cd04898b7ac60535a1d71c6e1b0af49e622,observed_after_record_anchor_verification,binary_identity,core
mechanism_closure__fig_refresh_harm_replication_svg__19eb3cd0f4,38_unified_mechanism_synthesis,38_unified_mechanism_synthesis;46_mdp05_confirmatory_update_shock;47b_geo01b_update_geometry_discovery;mdp04_refresh_streaming,mechanism,accepted_and_closed,mechanism_line_closed_with_bounded_positive_and_null_results,claim_eligible_with_claim_boundary,mechanism_closure,results/04_mechanism/mechanism_closure/fig_refresh_harm_replication.svg,5346a5daa5a05396a4b72b3fb292148db6ec34e4587579ba2e4e763e257ed562,results,_shared/analysis/mechanism_closure_20260805/fig_refresh_harm_replication.svg,5346a5daa5a05396a4b72b3fb292148db6ec34e4587579ba2e4e763e257ed562,observed_after_record_anchor_verification,text_identity,core
mechanism_closure__geo01b_event_summary_csv__489e3989ff,38_unified_mechanism_synthesis,38_unified_mechanism_synthesis;46_mdp05_confirmatory_update_shock;47b_geo01b_update_geometry_discovery;mdp04_refresh_streaming,mechanism,accepted_and_closed,mechanism_line_closed_with_bounded_positive_and_null_results,claim_eligible_with_claim_boundary,mechanism_closure,results/04_mechanism/mechanism_closure/geo01b_event_summary.csv,f1fe7a4d3a444e12cced66b647aacd83d90a95df30b37ac11e97d0a01660e6a0,results,_shared/analysis/mechanism_closure_20260805/geo01b_event_summary.csv,f1fe7a4d3a444e12cced66b647aacd83d90a95df30b37ac11e97d0a01660e6a0,observed_after_record_anchor_verification,text_identity,core
mechanism_closure__geo01b_independent_recomputation_json__f4e09acb5b,38_unified_mechanism_synthesis,38_unified_mechanism_synthesis;46_mdp05_confirmatory_update_shock;47b_geo01b_update_geometry_discovery;mdp04_refresh_streaming,mechanism,accepted_and_closed,mechanism_line_closed_with_bounded_positive_and_null_results,claim_eligible_with_claim_boundary,mechanism_closure,results/04_mechanism/mechanism_closure/geo01b_independent_recomputation.json,34d072dd47f9673a3eb0da631788c5790f21a7134584ac02589e80899011f767,results,_shared/analysis/mechanism_closure_20260805/geo01b_independent_recomputation.json,34d072dd47f9673a3eb0da631788c5790f21a7134584ac02589e80899011f767,observed_after_record_anchor_verification,text_identity,core
mechanism_closure__geo01b_unit_outcomes_csv__6af1789346,38_unified_mechanism_synthesis,38_unified_mechanism_synthesis;46_mdp05_confirmatory_update_shock;47b_geo01b_update_geometry_discovery;mdp04_refresh_streaming,mechanism,accepted_and_closed,mechanism_line_closed_with_bounded_positive_and_null_results,claim_eligible_with_claim_boundary,mechanism_closure,results/04_mechanism/mechanism_closure/geo01b_unit_outcomes.csv,d2277c9e4aae25ae3dd86606cc5ab4c7665fb4f39d99fd477e95a15b0664e2cf,results,_shared/analysis/mechanism_closure_20260805/geo01b_unit_outcomes.csv,d2277c9e4aae25ae3dd86606cc5ab4c7665fb4f39d99fd477e95a15b0664e2cf,observed_after_record_anchor_verification,text_identity,core
mechanism_closure__input_audit_csv__d936cf4375,38_unified_mechanism_synthesis,38_unified_mechanism_synthesis;46_mdp05_confirmatory_update_shock;47b_geo01b_update_geometry_discovery;mdp04_refresh_streaming,mechanism,accepted_and_closed,mechanism_line_closed_with_bounded_positive_and_null_results,claim_eligible_with_claim_boundary,mechanism_closure,results/04_mechanism/mechanism_closure/input_audit.csv,d715d80c54d1c296755fd374f6cbb4db8019782ca47f53c74bcf0e734e19ec8e,results,_shared/analysis/mechanism_closure_20260805/input_audit.csv,5b283a46d405e81e54b023f2082c0703ac4e3c96392577d01f43573c14244936,observed_after_record_anchor_verification,submission_sanitized,core
mechanism_closure__input_audit_json__305efa47d0,38_unified_mechanism_synthesis,38_unified_mechanism_synthesis;46_mdp05_confirmatory_update_shock;47b_geo01b_update_geometry_discovery;mdp04_refresh_streaming,mechanism,accepted_and_closed,mechanism_line_closed_with_bounded_positive_and_null_results,claim_eligible_with_claim_boundary,mechanism_closure,results/04_mechanism/mechanism_closure/input_audit.json,2685f29cb82013f598ea698f56d608536029ce4963f95feea95eb71cd5eaf6d8,results,_shared/analysis/mechanism_closure_20260805/input_audit.json,41d234d910cf6c0e1cc2cd4c2a3b2c65e47ce16b85e4f1ced3fd092fd11aeee8,observed_after_record_anchor_verification,json_structured_portable_rewrite,core
mechanism_closure__mechanism_evidence_ledger_csv__e1acc2cbe1,38_unified_mechanism_synthesis,38_unified_mechanism_synthesis;46_mdp05_confirmatory_update_shock;47b_geo01b_update_geometry_discovery;mdp04_refresh_streaming,mechanism,accepted_and_closed,mechanism_line_closed_with_bounded_positive_and_null_results,claim_eligible_with_claim_boundary,mechanism_closure,results/04_mechanism/mechanism_closure/mechanism_evidence_ledger.csv,f60a85f7804ac6740e1634f37eb4ef9a7401bb2c95043018691f97aa732762a7,results,_shared/analysis/mechanism_closure_20260805/mechanism_evidence_ledger.csv,f60a85f7804ac6740e1634f37eb4ef9a7401bb2c95043018691f97aa732762a7,observed_after_record_anchor_verification,text_identity,core
mechanism_closure__predictor_gate_summary_csv__ef88549a8e,38_unified_mechanism_synthesis,38_unified_mechanism_synthesis;46_mdp05_confirmatory_update_shock;47b_geo01b_update_geometry_discovery;mdp04_refresh_streaming,mechanism,accepted_and_closed,mechanism_line_closed_with_bounded_positive_and_null_results,claim_eligible_with_claim_boundary,mechanism_closure,results/04_mechanism/mechanism_closure/predictor_gate_summary.csv,f10b8497ed4a02ace7e148b4d2adc965df60922051b8ed3cc4753111bc0f6af2,results,_shared/analysis/mechanism_closure_20260805/predictor_gate_summary.csv,f10b8497ed4a02ace7e148b4d2adc965df60922051b8ed3cc4753111bc0f6af2,observed_after_record_anchor_verification,text_identity,core
mechanism_closure__refresh_harm_replication_csv__4c27284715,38_unified_mechanism_synthesis,38_unified_mechanism_synthesis;46_mdp05_confirmatory_update_shock;47b_geo01b_update_geometry_discovery;mdp04_refresh_streaming,mechanism,accepted_and_closed,mechanism_line_closed_with_bounded_positive_and_null_results,claim_eligible_with_claim_boundary,mechanism_closure,results/04_mechanism/mechanism_closure/refresh_harm_replication.csv,6f942ce0bddb6c591661de3a6cbe7e1e8ba89af2e5f33bf22154d3f0b0bd6198,results,_shared/analysis/mechanism_closure_20260805/refresh_harm_replication.csv,6f942ce0bddb6c591661de3a6cbe7e1e8ba89af2e5f33bf22154d3f0b0bd6198,observed_after_record_anchor_verification,text_identity,core
method_deepening_v2__PACKAGE_INDEX_md__8f41ac4e9b,22_r1_block_alpha,22_r1_block_alpha;24_r1_dense_full_alpha;38_unified_mechanism_synthesis;mdp04_refresh_streaming,mechanism,accepted_compact_bundle,method_formulation_complexity_equivariance_and_negative_evidence,claim_eligible_by_component,method_deepening,results/04_mechanism/method_deepening_v2/PACKAGE_INDEX.md,43fc27e93b81a4878906f8cdf6437301cde37f725f15c69779399b19d55c333f,results,_shared/analysis/method_deepening_20260803_v2/PACKAGE_INDEX.md,43fc27e93b81a4878906f8cdf6437301cde37f725f15c69779399b19d55c333f,observed_after_record_anchor_verification,text_identity,core
method_deepening_v2__bundle_complexity_routing_complexity_csv__3ac64ffc0f,22_r1_block_alpha,22_r1_block_alpha;24_r1_dense_full_alpha;38_unified_mechanism_synthesis;mdp04_refresh_streaming,mechanism,accepted_compact_bundle,method_formulation_complexity_equivariance_and_negative_evidence,claim_eligible_by_component,method_deepening,results/04_mechanism/method_deepening_v2/bundle/complexity/routing_complexity.csv,4466931a91c3025d18977efc8439dcaf65d5f5f0d6b19c3e28f2fe219c3d5718,results,_shared/analysis/method_deepening_20260803_v2/bundle/complexity/routing_complexity.csv,4466931a91c3025d18977efc8439dcaf65d5f5f0d6b19c3e28f2fe219c3d5718,observed_after_record_anchor_verification,text_identity,core
method_deepening_v2__bundle_complexity_routing_complexity_manifest_json__3dc596f84e,22_r1_block_alpha,22_r1_block_alpha;24_r1_dense_full_alpha;38_unified_mechanism_synthesis;mdp04_refresh_streaming,mechanism,accepted_compact_bundle,method_formulation_complexity_equivariance_and_negative_evidence,claim_eligible_by_component,method_deepening,results/04_mechanism/method_deepening_v2/bundle/complexity/routing_complexity_manifest.json,e09719910c1f80a9c050d45642774fc8003756d8d6c6c42a4659808efb15f6e0,results,_shared/analysis/method_deepening_20260803_v2/bundle/complexity/routing_complexity_manifest.json,22b4d6eacfb1a282ace7ae065f8c410c3b28982e74bec3897a8d68a9eac70d26,observed_after_record_anchor_verification,json_structured_portable_rewrite,core
method_deepening_v2__bundle_equivariance_route_equivariance_csv__15090778e7,22_r1_block_alpha,22_r1_block_alpha;24_r1_dense_full_alpha;38_unified_mechanism_synthesis;mdp04_refresh_streaming,mechanism,accepted_compact_bundle,method_formulation_complexity_equivariance_and_negative_evidence,claim_eligible_by_component,method_deepening,results/04_mechanism/method_deepening_v2/bundle/equivariance/route_equivariance.csv,9d42b4f220374ad7a5d6595412a23b03a4e2da4e6d303f9b0ae6fd3a8af065f2,results,_shared/analysis/method_deepening_20260803_v2/bundle/equivariance/route_equivariance.csv,9d42b4f220374ad7a5d6595412a23b03a4e2da4e6d303f9b0ae6fd3a8af065f2,observed_after_record_anchor_verification,text_identity,core
method_deepening_v2__bundle_equivariance_route_equivariance_manifest_json__4f36fe0642,22_r1_block_alpha,22_r1_block_alpha;24_r1_dense_full_alpha;38_unified_mechanism_synthesis;mdp04_refresh_streaming,mechanism,accepted_compact_bundle,method_formulation_complexity_equivariance_and_negative_evidence,claim_eligible_by_component,method_deepening,results/04_mechanism/method_deepening_v2/bundle/equivariance/route_equivariance_manifest.json,f9eed566ba9427a5d7a677319aa2890c12643f111b9d75559bd62f900bfff576,results,_shared/analysis/method_deepening_20260803_v2/bundle/equivariance/route_equivariance_manifest.json,f9eed566ba9427a5d7a677319aa2890c12643f111b9d75559bd62f900bfff576,observed_after_record_anchor_verification,text_identity,core
method_deepening_v2__bundle_formulation_method_formulation_checks_csv__c7c419cccd,22_r1_block_alpha,22_r1_block_alpha;24_r1_dense_full_alpha;38_unified_mechanism_synthesis;mdp04_refresh_streaming,mechanism,accepted_compact_bundle,method_formulation_complexity_equivariance_and_negative_evidence,claim_eligible_by_component,method_deepening,results/04_mechanism/method_deepening_v2/bundle/formulation/method_formulation_checks.csv,738f2c5881c3762db7e9648b7a0446e154bfbf44b5846d4deb9fe6aae793b566,results,_shared/analysis/method_deepening_20260803_v2/bundle/formulation/method_formulation_checks.csv,738f2c5881c3762db7e9648b7a0446e154bfbf44b5846d4deb9fe6aae793b566,observed_after_record_anchor_verification,text_identity,core
method_deepening_v2__bundle_formulation_method_formulation_manifest_json__f1af732566,22_r1_block_alpha,22_r1_block_alpha;24_r1_dense_full_alpha;38_unified_mechanism_synthesis;mdp04_refresh_streaming,mechanism,accepted_compact_bundle,method_formulation_complexity_equivariance_and_negative_evidence,claim_eligible_by_component,method_deepening,results/04_mechanism/method_deepening_v2/bundle/formulation/method_formulation_manifest.json,089cb92283646d08ca728b3955d4f98edee2f54c7ab399af43d7d3726a1c7063,results,_shared/analysis/method_deepening_20260803_v2/bundle/formulation/method_formulation_manifest.json,089cb92283646d08ca728b3955d4f98edee2f54c7ab399af43d7d3726a1c7063,observed_after_record_anchor_verification,text_identity,core
method_deepening_v2__bundle_integrity_audit_v2_BUNDLE_AUDIT_md__06a48ad0f4,22_r1_block_alpha,22_r1_block_alpha;24_r1_dense_full_alpha;38_unified_mechanism_synthesis;mdp04_refresh_streaming,mechanism,accepted_compact_bundle,method_formulation_complexity_equivariance_and_negative_evidence,claim_eligible_by_component,method_deepening,results/04_mechanism/method_deepening_v2/bundle/integrity_audit_v2/BUNDLE_AUDIT.md,7178f1ead757f35494126e854feafc742344926966a553868201068d42d30ed1,results,_shared/analysis/method_deepening_20260803_v2/bundle/integrity_audit_v2/BUNDLE_AUDIT.md,7178f1ead757f35494126e854feafc742344926966a553868201068d42d30ed1,observed_after_record_anchor_verification,text_identity,core
method_deepening_v2__bundle_integrity_audit_v2_manifest_audit_csv__1ceb7375fc,22_r1_block_alpha,22_r1_block_alpha;24_r1_dense_full_alpha;38_unified_mechanism_synthesis;mdp04_refresh_streaming,mechanism,accepted_compact_bundle,method_formulation_complexity_equivariance_and_negative_evidence,claim_eligible_by_component,method_deepening,results/04_mechanism/method_deepening_v2/bundle/integrity_audit_v2/manifest_audit.csv,082b29e3bdfc0c698d707417fccc97548314db79095a6e56b395b16cca7047e6,results,_shared/analysis/method_deepening_20260803_v2/bundle/integrity_audit_v2/manifest_audit.csv,082b29e3bdfc0c698d707417fccc97548314db79095a6e56b395b16cca7047e6,observed_after_record_anchor_verification,text_identity,core
method_deepening_v2__bundle_integrity_audit_v2_submission_bundle_audit_manifest_json__9be75ef810,22_r1_block_alpha,22_r1_block_alpha;24_r1_dense_full_alpha;38_unified_mechanism_synthesis;mdp04_refresh_streaming,mechanism,accepted_compact_bundle,method_formulation_complexity_equivariance_and_negative_evidence,claim_eligible_by_component,method_deepening,results/04_mechanism/method_deepening_v2/bundle/integrity_audit_v2/submission_bundle_audit_manifest.json,e469529f2a6416ec800a5db32e15a727b2f902614a6d62d25a0c5d4b9c301d87,results,_shared/analysis/method_deepening_20260803_v2/bundle/integrity_audit_v2/submission_bundle_audit_manifest.json,e469529f2a6416ec800a5db32e15a727b2f902614a6d62d25a0c5d4b9c301d87,observed_after_record_anchor_verification,text_identity,core
method_deepening_v2__bundle_inventory_checkpoint_inventory_csv__77fecbf187,22_r1_block_alpha,22_r1_block_alpha;24_r1_dense_full_alpha;38_unified_mechanism_synthesis;mdp04_refresh_streaming,mechanism,accepted_compact_bundle,method_formulation_complexity_equivariance_and_negative_evidence,claim_eligible_by_component,method_deepening,results/04_mechanism/method_deepening_v2/bundle/inventory/checkpoint_inventory.csv,4d06238f22e740bdd2690010ef3e2d5903ad296f0b5401cb4485e7cc02a4827f,results,_shared/analysis/method_deepening_20260803_v2/bundle/inventory/checkpoint_inventory.csv,f3bfc9f33bc5cc4f15ece093930521b17b9a330d439ae994c92883636776155a,observed_after_record_anchor_verification,submission_sanitized,core
method_deepening_v2__bundle_inventory_method_deepening_inventory_manifest_json__f113823945,22_r1_block_alpha,22_r1_block_alpha;24_r1_dense_full_alpha;38_unified_mechanism_synthesis;mdp04_refresh_streaming,mechanism,accepted_compact_bundle,method_formulation_complexity_equivariance_and_negative_evidence,claim_eligible_by_component,method_deepening,results/04_mechanism/method_deepening_v2/bundle/inventory/method_deepening_inventory_manifest.json,bc09a14251e64d5e8e6e4f58aa9cc4b8b9c63222f1720b8ef99480b27dea037b,results,_shared/analysis/method_deepening_20260803_v2/bundle/inventory/method_deepening_inventory_manifest.json,4027a9a81f28e86af7b5afb37fb124b8007df19b72827fa890c4d4105ecee5ab,observed_after_record_anchor_verification,json_structured_portable_rewrite,core
method_deepening_v2__bundle_inventory_refresh_artifact_inventory_csv__9ffb332d76,22_r1_block_alpha,22_r1_block_alpha;24_r1_dense_full_alpha;38_unified_mechanism_synthesis;mdp04_refresh_streaming,mechanism,accepted_compact_bundle,method_formulation_complexity_equivariance_and_negative_evidence,claim_eligible_by_component,method_deepening,results/04_mechanism/method_deepening_v2/bundle/inventory/refresh_artifact_inventory.csv,21ecab0844466f3cea5e4391ea6474a3c9b99a458dfa5962654bd2d278840b8d,results,_shared/analysis/method_deepening_20260803_v2/bundle/inventory/refresh_artifact_inventory.csv,21ecab0844466f3cea5e4391ea6474a3c9b99a458dfa5962654bd2d278840b8d,observed_after_record_anchor_verification,text_identity,core
method_deepening_v2__bundle_inventory_tensor_inventory_csv__a36e7aedcb,22_r1_block_alpha,22_r1_block_alpha;24_r1_dense_full_alpha;38_unified_mechanism_synthesis;mdp04_refresh_streaming,mechanism,accepted_compact_bundle,method_formulation_complexity_equivariance_and_negative_evidence,claim_eligible_by_component,method_deepening,results/04_mechanism/method_deepening_v2/bundle/inventory/tensor_inventory.csv,d2c977879eb0510a5b9d394e3aa2f4d939492ec356b4153f77a8afc45933019e,results,_shared/analysis/method_deepening_20260803_v2/bundle/inventory/tensor_inventory.csv,d2c977879eb0510a5b9d394e3aa2f4d939492ec356b4153f77a8afc45933019e,observed_after_record_anchor_verification,text_identity,core
method_deepening_v2__bundle_synthesis_v2_alpha_refresh_evidence_svg__96fd50a2ef,22_r1_block_alpha,22_r1_block_alpha;24_r1_dense_full_alpha;38_unified_mechanism_synthesis;mdp04_refresh_streaming,mechanism,accepted_compact_bundle,method_formulation_complexity_equivariance_and_negative_evidence,claim_eligible_by_component,method_deepening,results/04_mechanism/method_deepening_v2/bundle/synthesis_v2/alpha_refresh_evidence.svg,4dfb4230aba3bb31fc489ab7fd51e72e9202b4b09a4167e8f36c5f308a647d44,results,_shared/analysis/method_deepening_20260803_v2/bundle/synthesis_v2/alpha_refresh_evidence.svg,4dfb4230aba3bb31fc489ab7fd51e72e9202b4b09a4167e8f36c5f308a647d44,observed_after_record_anchor_verification,text_identity,core
method_deepening_v2__bundle_synthesis_v2_claim_evidence_matrix_csv__2f0ed218d5,22_r1_block_alpha,22_r1_block_alpha;24_r1_dense_full_alpha;38_unified_mechanism_synthesis;mdp04_refresh_streaming,mechanism,accepted_compact_bundle,method_formulation_complexity_equivariance_and_negative_evidence,claim_eligible_by_component,method_deepening,results/04_mechanism/method_deepening_v2/bundle/synthesis_v2/claim_evidence_matrix.csv,021ffd609eeee22913a30bf25ae573345e2875ef4adbac5aae192c99749738b7,results,_shared/analysis/method_deepening_20260803_v2/bundle/synthesis_v2/claim_evidence_matrix.csv,021ffd609eeee22913a30bf25ae573345e2875ef4adbac5aae192c99749738b7,observed_after_record_anchor_verification,text_identity,core
method_deepening_v2__bundle_synthesis_v2_mechanism_evidence_summary_csv__6d8d28efec,22_r1_block_alpha,22_r1_block_alpha;24_r1_dense_full_alpha;38_unified_mechanism_synthesis;mdp04_refresh_streaming,mechanism,accepted_compact_bundle,method_formulation_complexity_equivariance_and_negative_evidence,claim_eligible_by_component,method_deepening,results/04_mechanism/method_deepening_v2/bundle/synthesis_v2/mechanism_evidence_summary.csv,d86d77a8b54baf024793857d05f2bf1377516596c0b590b8178a23e51084d026,results,_shared/analysis/method_deepening_20260803_v2/bundle/synthesis_v2/mechanism_evidence_summary.csv,d86d77a8b54baf024793857d05f2bf1377516596c0b590b8178a23e51084d026,observed_after_record_anchor_verification,text_identity,core
method_deepening_v2__bundle_synthesis_v2_method_deepening_package_manifest_json__0d2cd87a72,22_r1_block_alpha,22_r1_block_alpha;24_r1_dense_full_alpha;38_unified_mechanism_synthesis;mdp04_refresh_streaming,mechanism,accepted_compact_bundle,method_formulation_complexity_equivariance_and_negative_evidence,claim_eligible_by_component,method_deepening,results/04_mechanism/method_deepening_v2/bundle/synthesis_v2/method_deepening_package_manifest.json,9bac5f52cf321151184b4994301c7a2698ab8aaca7e4b31e7329565e5cba58c6,results,_shared/analysis/method_deepening_20260803_v2/bundle/synthesis_v2/method_deepening_package_manifest.json,9bac5f52cf321151184b4994301c7a2698ab8aaca7e4b31e7329565e5cba58c6,observed_after_record_anchor_verification,text_identity,core
method_deepening_v2__bundle_synthesis_v2_method_deepening_status_csv__7fd463ff2a,22_r1_block_alpha,22_r1_block_alpha;24_r1_dense_full_alpha;38_unified_mechanism_synthesis;mdp04_refresh_streaming,mechanism,accepted_compact_bundle,method_formulation_complexity_equivariance_and_negative_evidence,claim_eligible_by_component,method_deepening,results/04_mechanism/method_deepening_v2/bundle/synthesis_v2/method_deepening_status.csv,7040f27de222a2deff931a45ec2469c1e300cafa79fa4442c6e388ede6e25894,results,_shared/analysis/method_deepening_20260803_v2/bundle/synthesis_v2/method_deepening_status.csv,7040f27de222a2deff931a45ec2469c1e300cafa79fa4442c6e388ede6e25894,observed_after_record_anchor_verification,text_identity,core
method_deepening_v2__bundle_synthesis_v2_negative_evidence_csv__107450aaed,22_r1_block_alpha,22_r1_block_alpha;24_r1_dense_full_alpha;38_unified_mechanism_synthesis;mdp04_refresh_streaming,mechanism,accepted_compact_bundle,method_formulation_complexity_equivariance_and_negative_evidence,claim_eligible_by_component,method_deepening,results/04_mechanism/method_deepening_v2/bundle/synthesis_v2/negative_evidence.csv,bff39f156c7dea6da71d1399bf6716be7516f3c4414d14eef2226be3196ad0e9,results,_shared/analysis/method_deepening_20260803_v2/bundle/synthesis_v2/negative_evidence.csv,bff39f156c7dea6da71d1399bf6716be7516f3c4414d14eef2226be3196ad0e9,observed_after_record_anchor_verification,text_identity,core
method_deepening_v2__bundle_synthesis_v2_route_equivariance_svg__cec1a28e1d,22_r1_block_alpha,22_r1_block_alpha;24_r1_dense_full_alpha;38_unified_mechanism_synthesis;mdp04_refresh_streaming,mechanism,accepted_compact_bundle,method_formulation_complexity_equivariance_and_negative_evidence,claim_eligible_by_component,method_deepening,results/04_mechanism/method_deepening_v2/bundle/synthesis_v2/route_equivariance.svg,664390977b2ca2a5b151559114c8bee35b290aae8c8266aaf648ffaf3786e33e,results,_shared/analysis/method_deepening_20260803_v2/bundle/synthesis_v2/route_equivariance.svg,664390977b2ca2a5b151559114c8bee35b290aae8c8266aaf648ffaf3786e33e,observed_after_record_anchor_verification,text_identity,core
method_deepening_v2__bundle_synthesis_v2_routing_state_cost_svg__4b5f47586d,22_r1_block_alpha,22_r1_block_alpha;24_r1_dense_full_alpha;38_unified_mechanism_synthesis;mdp04_refresh_streaming,mechanism,accepted_compact_bundle,method_formulation_complexity_equivariance_and_negative_evidence,claim_eligible_by_component,method_deepening,results/04_mechanism/method_deepening_v2/bundle/synthesis_v2/routing_state_cost.svg,fa145bbbbe869d0dbaf626746d136652948f58ad0dcdd94773d7da7ea137ee95,results,_shared/analysis/method_deepening_20260803_v2/bundle/synthesis_v2/routing_state_cost.svg,fa145bbbbe869d0dbaf626746d136652948f58ad0dcdd94773d7da7ea137ee95,observed_after_record_anchor_verification,text_identity,core
method_deepening_v2__bundle_synthesis_v2_source_hashes_csv__ee33d17dcf,22_r1_block_alpha,22_r1_block_alpha;24_r1_dense_full_alpha;38_unified_mechanism_synthesis;mdp04_refresh_streaming,mechanism,accepted_compact_bundle,method_formulation_complexity_equivariance_and_negative_evidence,claim_eligible_by_component,method_deepening,results/04_mechanism/method_deepening_v2/bundle/synthesis_v2/source_hashes.csv,e07235942cb3ca72a7a76792eab91aa1aa4e3a75fdb93442fed8604b7a60283b,results,_shared/analysis/method_deepening_20260803_v2/bundle/synthesis_v2/source_hashes.csv,c595bc49afbb96a7d141089d919b35ab1c96237188c89bdf2630674cbe8c420f,observed_after_record_anchor_verification,submission_sanitized,core
method_deepening_v2__method_deepening_root_manifest_v2_json__161e675ff8,22_r1_block_alpha,22_r1_block_alpha;24_r1_dense_full_alpha;38_unified_mechanism_synthesis;mdp04_refresh_streaming,mechanism,accepted_compact_bundle,method_formulation_complexity_equivariance_and_negative_evidence,claim_eligible_by_component,method_deepening,results/04_mechanism/method_deepening_v2/method_deepening_root_manifest_v2.json,2610827460e74f28f9dc365ee7d89c236287e119ce2350219ad2a3cd94a97ecf,results,_shared/analysis/method_deepening_20260803_v2/method_deepening_root_manifest_v2.json,2610827460e74f28f9dc365ee7d89c236287e119ce2350219ad2a3cd94a97ecf,selection_anchor,text_identity,core
method_deepening_v2__refresh_replay_contract_json__e79fe768b4,22_r1_block_alpha,22_r1_block_alpha;24_r1_dense_full_alpha;38_unified_mechanism_synthesis;mdp04_refresh_streaming,mechanism,accepted_compact_bundle,method_formulation_complexity_equivariance_and_negative_evidence,claim_eligible_by_component,method_deepening,results/04_mechanism/method_deepening_v2/refresh_replay_contract.json,115673172b8a672c84e21ef3b152d31fe9c03bfbbc8fd315a73a2337e51ea483,results,_shared/analysis/method_deepening_20260803_v2/refresh_replay_contract.json,115673172b8a672c84e21ef3b152d31fe9c03bfbbc8fd315a73a2337e51ea483,observed_after_record_anchor_verification,text_identity,core
method_deepening_v2__routing_complexity_json__4223ed99d2,22_r1_block_alpha,22_r1_block_alpha;24_r1_dense_full_alpha;38_unified_mechanism_synthesis;mdp04_refresh_streaming,mechanism,accepted_compact_bundle,method_formulation_complexity_equivariance_and_negative_evidence,claim_eligible_by_component,method_deepening,results/04_mechanism/method_deepening_v2/routing_complexity.json,6861aab303a84b69280a39132edf7a39d4fcd47f6cfa2952c5bdde6ef170d988,results,_shared/analysis/method_deepening_20260803_v2/routing_complexity.json,791255636609d492d27c619c4e7a94aa66867459d611f5e64fdd42c1d0a05ede,observed_after_record_anchor_verification,json_structured_portable_rewrite,core
ex20_llama1b_exact_capacity__20260722T070855_0000_capacity_exact_seed2026_capacity_exact_boundaries_json__913b26c590,20_llama_swiglu_1b,20_llama_swiglu_1b,systems_and_capacity,accepted,exact_capacity_boundary,claim_eligible_for_capacity_only,memory_capacity_boundary,results/05_systems/ex20_llama1b_exact_capacity/20260722T070855+0000_capacity_exact_seed2026/capacity_exact_boundaries.json,240a5eadfab4ef1dbac1f0d66b1f7b7e9691fb3b3cdd54d17725c6fb4519dfa2,results,20_llama_swiglu_1b/analysis/capacity_exact_20260722_seed2026/20260722T070855+0000_capacity_exact_seed2026/capacity_exact_boundaries.json,240a5eadfab4ef1dbac1f0d66b1f7b7e9691fb3b3cdd54d17725c6fb4519dfa2,observed_after_record_anchor_verification,text_identity,core
ex20_llama1b_exact_capacity__20260722T070855_0000_capacity_exact_seed2026_capacity_exact_manifest_json__3e0f79ed9b,20_llama_swiglu_1b,20_llama_swiglu_1b,systems_and_capacity,accepted,exact_capacity_boundary,claim_eligible_for_capacity_only,memory_capacity_boundary,results/05_systems/ex20_llama1b_exact_capacity/20260722T070855+0000_capacity_exact_seed2026/capacity_exact_manifest.json,dfe97cc251304a4329a29a8414e165e97850161b8182004af8456fdfc6691471,results,20_llama_swiglu_1b/analysis/capacity_exact_20260722_seed2026/20260722T070855+0000_capacity_exact_seed2026/capacity_exact_manifest.json,68b7ad1d9d59a7761d984cacfa594c6c22ccd0fe8829d14aa88dbc1100328b7d,observed_after_record_anchor_verification,json_structured_portable_rewrite,core
ex20_llama1b_exact_capacity__20260722T070855_0000_capacity_exact_seed2026_capacity_exact_results_csv__9afb77d117,20_llama_swiglu_1b,20_llama_swiglu_1b,systems_and_capacity,accepted,exact_capacity_boundary,claim_eligible_for_capacity_only,memory_capacity_boundary,results/05_systems/ex20_llama1b_exact_capacity/20260722T070855+0000_capacity_exact_seed2026/capacity_exact_results.csv,43621e131cbd93dd801f2370594b85a219df44989c6c51e4fba9b37b6fb70275,results,20_llama_swiglu_1b/analysis/capacity_exact_20260722_seed2026/20260722T070855+0000_capacity_exact_seed2026/capacity_exact_results.csv,c6d212a3046e45e6e74445e22310757042b014e20a192c824845b2c705fc40ac,observed_after_record_anchor_verification,submission_sanitized,core
ex20_llama1b_exact_capacity__derived_analysis_manifest_json__b4ea627375,20_llama_swiglu_1b,20_llama_swiglu_1b,systems_and_capacity,accepted,exact_capacity_boundary,claim_eligible_for_capacity_only,memory_capacity_boundary,results/05_systems/ex20_llama1b_exact_capacity/derived/analysis_manifest.json,82632e1f073d8393477dc2844f68a3d079f2d5a442267e4d0c5ecbc1c4d85e92,results,20_llama_swiglu_1b/analysis/capacity_exact_20260722_seed2026/derived/analysis_manifest.json,82632e1f073d8393477dc2844f68a3d079f2d5a442267e4d0c5ecbc1c4d85e92,selection_anchor,text_identity,core
ex20_llama1b_exact_capacity__derived_data_quality_checks_csv__ea7f7ca5a4,20_llama_swiglu_1b,20_llama_swiglu_1b,systems_and_capacity,accepted,exact_capacity_boundary,claim_eligible_for_capacity_only,memory_capacity_boundary,results/05_systems/ex20_llama1b_exact_capacity/derived/data_quality_checks.csv,4025caa610af79b7de46ca427fd2de53db522433e8e3979011434e992a7362a5,results,20_llama_swiglu_1b/analysis/capacity_exact_20260722_seed2026/derived/data_quality_checks.csv,9a1c378666faa8e730d9278003c56046faa35cfa00282be4fa4ca5a8d45eaba0,observed_after_record_anchor_verification,submission_sanitized,core
ex20_llama1b_exact_capacity__derived_exact_boundaries_csv__4fca9d1f44,20_llama_swiglu_1b,20_llama_swiglu_1b,systems_and_capacity,accepted,exact_capacity_boundary,claim_eligible_for_capacity_only,memory_capacity_boundary,results/05_systems/ex20_llama1b_exact_capacity/derived/exact_boundaries.csv,b6279d85acb2e2938645b7ed16755bf5aef2a63d231acf4e149a5e0e7c2e220a,results,20_llama_swiglu_1b/analysis/capacity_exact_20260722_seed2026/derived/exact_boundaries.csv,b6279d85acb2e2938645b7ed16755bf5aef2a63d231acf4e149a5e0e7c2e220a,observed_after_record_anchor_verification,text_identity,core
ex20_llama1b_exact_capacity__derived_exact_confirmation_cells_csv__6d3fce01a9,20_llama_swiglu_1b,20_llama_swiglu_1b,systems_and_capacity,accepted,exact_capacity_boundary,claim_eligible_for_capacity_only,memory_capacity_boundary,results/05_systems/ex20_llama1b_exact_capacity/derived/exact_confirmation_cells.csv,c2a705246e07bf51152cc7d0cb8ae53f908509799d425c97cd39e1f630a3badd,results,20_llama_swiglu_1b/analysis/capacity_exact_20260722_seed2026/derived/exact_confirmation_cells.csv,c2a705246e07bf51152cc7d0cb8ae53f908509799d425c97cd39e1f630a3badd,observed_after_record_anchor_verification,text_identity,core
ex20_llama1b_exact_capacity__derived_key_results_json__c9a84d0b09,20_llama_swiglu_1b,20_llama_swiglu_1b,systems_and_capacity,accepted,exact_capacity_boundary,claim_eligible_for_capacity_only,memory_capacity_boundary,results/05_systems/ex20_llama1b_exact_capacity/derived/key_results.json,a0f49e782e3cfd73ac4c7a258a10e53b6bb62fb11e1a71df153e4a6ab95be0e8,results,20_llama_swiglu_1b/analysis/capacity_exact_20260722_seed2026/derived/key_results.json,a0f49e782e3cfd73ac4c7a258a10e53b6bb62fb11e1a71df153e4a6ab95be0e8,observed_after_record_anchor_verification,text_identity,core
ex20_llama1b_exact_capacity__derived_oom_failure_detail_csv__7016b1a6a4,20_llama_swiglu_1b,20_llama_swiglu_1b,systems_and_capacity,accepted,exact_capacity_boundary,claim_eligible_for_capacity_only,memory_capacity_boundary,results/05_systems/ex20_llama1b_exact_capacity/derived/oom_failure_detail.csv,47dd26858d236750db3b1fd445dfc6d3e0fb769804e646e2fc0b4fd872ebd266,results,20_llama_swiglu_1b/analysis/capacity_exact_20260722_seed2026/derived/oom_failure_detail.csv,47dd26858d236750db3b1fd445dfc6d3e0fb769804e646e2fc0b4fd872ebd266,observed_after_record_anchor_verification,text_identity,core
ex20_llama1b_exact_capacity__report_LLAMA1B_CAPACITY_EXACT_REPORT_20260722_md__ed2d5edd3a,20_llama_swiglu_1b,20_llama_swiglu_1b,systems_and_capacity,accepted,exact_capacity_boundary,claim_eligible_for_capacity_only,memory_capacity_boundary,results/05_systems/ex20_llama1b_exact_capacity/report/LLAMA1B_CAPACITY_EXACT_REPORT_20260722.md,d8698c660882c28cb5c23691b7c7c599cb8f57c4b968f03b3b3a6206c2170abf,results,20_llama_swiglu_1b/analysis/capacity_exact_20260722_seed2026/report/LLAMA1B_CAPACITY_EXACT_REPORT_20260722.md,d8698c660882c28cb5c23691b7c7c599cb8f57c4b968f03b3b3a6206c2170abf,observed_after_record_anchor_verification,text_identity,core
ex39_r1_efficiency_sensitivity__derived_efficiency_contrasts_csv__ccfdf3b762,39_submission_efficiency_and_sensitivity,39_submission_efficiency_and_sensitivity,systems_and_capacity,accepted_with_independent_review,independently_recomputed_isolated_efficiency_and_lr_sensitivity,independent_recomputation_only_with_metric_scope,r1_efficiency_and_sensitivity,results/05_systems/ex39_r1_efficiency/derived/efficiency_contrasts.csv,1ea45f18987d01d645ad0b18ffd6a9214a0130de43c27e903d184b7ee15cff42,results,39_submission_efficiency_and_sensitivity/analysis/handoff_20260730_independent_review/derived/efficiency_contrasts.csv,1ea45f18987d01d645ad0b18ffd6a9214a0130de43c27e903d184b7ee15cff42,observed_after_record_anchor_verification,text_identity,core
ex39_r1_efficiency_sensitivity__derived_independent_audit_json__372aab8d1c,39_submission_efficiency_and_sensitivity,39_submission_efficiency_and_sensitivity,systems_and_capacity,accepted_with_independent_review,independently_recomputed_isolated_efficiency_and_lr_sensitivity,independent_recomputation_only_with_metric_scope,r1_efficiency_and_sensitivity,results/05_systems/ex39_r1_efficiency/derived/independent_audit.json,ab24c6c05b15ad8bf108830918909ec4315f43bdf660327bba2401974867f416,results,39_submission_efficiency_and_sensitivity/analysis/handoff_20260730_independent_review/derived/independent_audit.json,94260297e04dae890b76eb4f9857c2ee0ffb67d67246acb4c02277ac10145c51,observed_after_record_anchor_verification,json_structured_portable_rewrite,core
ex39_r1_efficiency_sensitivity__derived_lr_contrasts_csv__c56cc0c98c,39_submission_efficiency_and_sensitivity,39_submission_efficiency_and_sensitivity,systems_and_capacity,accepted_with_independent_review,independently_recomputed_isolated_efficiency_and_lr_sensitivity,independent_recomputation_only_with_metric_scope,r1_efficiency_and_sensitivity,results/05_systems/ex39_r1_efficiency/derived/lr_contrasts.csv,4e9ecbf06b78c5b85c7070ac84c59c3bab63bf49aa61abc50c650d7b35fe375d,results,39_submission_efficiency_and_sensitivity/analysis/handoff_20260730_independent_review/derived/lr_contrasts.csv,4e9ecbf06b78c5b85c7070ac84c59c3bab63bf49aa61abc50c650d7b35fe375d,observed_after_record_anchor_verification,text_identity,core
ex39_r1_efficiency_sensitivity__derived_memory_capacity_contrasts_csv__1db92e8c7c,39_submission_efficiency_and_sensitivity,39_submission_efficiency_and_sensitivity,systems_and_capacity,accepted_with_independent_review,independently_recomputed_isolated_efficiency_and_lr_sensitivity,independent_recomputation_only_with_metric_scope,r1_efficiency_and_sensitivity,results/05_systems/ex39_r1_efficiency/derived/memory_capacity_contrasts.csv,23d2cb1b6590fb02f6f285519b833917f37b6e9fc8c839c1498ed72f2431666e,results,39_submission_efficiency_and_sensitivity/analysis/handoff_20260730_independent_review/derived/memory_capacity_contrasts.csv,23d2cb1b6590fb02f6f285519b833917f37b6e9fc8c839c1498ed72f2431666e,observed_after_record_anchor_verification,text_identity,core
ex39_r1_efficiency_sensitivity__derived_method_evidence_summary_csv__313a6826fe,39_submission_efficiency_and_sensitivity,39_submission_efficiency_and_sensitivity,systems_and_capacity,accepted_with_independent_review,independently_recomputed_isolated_efficiency_and_lr_sensitivity,independent_recomputation_only_with_metric_scope,r1_efficiency_and_sensitivity,results/05_systems/ex39_r1_efficiency/derived/method_evidence_summary.csv,fb59ec25887535e47d6f768da0473b89e47c43e63eb6733752f80e610aaf315b,results,39_submission_efficiency_and_sensitivity/analysis/handoff_20260730_independent_review/derived/method_evidence_summary.csv,fb59ec25887535e47d6f768da0473b89e47c43e63eb6733752f80e610aaf315b,observed_after_record_anchor_verification,text_identity,core
ex39_r1_efficiency_sensitivity__derived_source_hash_audit_csv__d1bfa55ff6,39_submission_efficiency_and_sensitivity,39_submission_efficiency_and_sensitivity,systems_and_capacity,accepted_with_independent_review,independently_recomputed_isolated_efficiency_and_lr_sensitivity,independent_recomputation_only_with_metric_scope,r1_efficiency_and_sensitivity,results/05_systems/ex39_r1_efficiency/derived/source_hash_audit.csv,ef658c0d37dd3c73bea2a2f72e0ffe00eff28e8af6ba09e9a41605b98efdb664,results,39_submission_efficiency_and_sensitivity/analysis/handoff_20260730_independent_review/derived/source_hash_audit.csv,ef658c0d37dd3c73bea2a2f72e0ffe00eff28e8af6ba09e9a41605b98efdb664,observed_after_record_anchor_verification,text_identity,core
ex39_r1_efficiency_sensitivity__review_manifest_json__16d54725cd,39_submission_efficiency_and_sensitivity,39_submission_efficiency_and_sensitivity,systems_and_capacity,accepted_with_independent_review,independently_recomputed_isolated_efficiency_and_lr_sensitivity,independent_recomputation_only_with_metric_scope,r1_efficiency_and_sensitivity,results/05_systems/ex39_r1_efficiency/review_manifest.json,266409bdb60ee4e73aa2254a6a485a4eee7c50ca2c1f58595b513351e1c198b4,results,39_submission_efficiency_and_sensitivity/analysis/handoff_20260730_independent_review/review_manifest.json,e2e4e1a28c93ef718e5a0735695f1136595beca5b299f1f31d288b8e619141d2,selection_anchor,package_hash_links_rewritten,core
ex39_r1_efficiency_sensitivity__source_bundle_final_submission_audit_capacity_boundary_csv__8f29e3d79a,39_submission_efficiency_and_sensitivity,39_submission_efficiency_and_sensitivity,systems_and_capacity,accepted_with_independent_review,independently_recomputed_isolated_efficiency_and_lr_sensitivity,independent_recomputation_only_with_metric_scope,r1_efficiency_and_sensitivity,results/05_systems/ex39_r1_efficiency/source_bundle/final_submission_audit/capacity_boundary.csv,b9365e11de9f3c0d596255214dab32fe36241de751d72246109c3d53cd8729a9,results,39_submission_efficiency_and_sensitivity/analysis/handoff_20260730_independent_review/source_bundle/final_submission_audit/capacity_boundary.csv,b9365e11de9f3c0d596255214dab32fe36241de751d72246109c3d53cd8729a9,observed_after_record_anchor_verification,text_identity,core
ex39_r1_efficiency_sensitivity__source_bundle_final_submission_audit_fixed_batch_memory_csv__4d18cc7b9c,39_submission_efficiency_and_sensitivity,39_submission_efficiency_and_sensitivity,systems_and_capacity,accepted_with_independent_review,independently_recomputed_isolated_efficiency_and_lr_sensitivity,independent_recomputation_only_with_metric_scope,r1_efficiency_and_sensitivity,results/05_systems/ex39_r1_efficiency/source_bundle/final_submission_audit/fixed_batch_memory.csv,bac8c0245fc1aa7fb5c716013362caf2ce032ecf0587c0d970ddfa4364fae316,results,39_submission_efficiency_and_sensitivity/analysis/handoff_20260730_independent_review/source_bundle/final_submission_audit/fixed_batch_memory.csv,bac8c0245fc1aa7fb5c716013362caf2ce032ecf0587c0d970ddfa4364fae316,observed_after_record_anchor_verification,text_identity,core
ex39_r1_efficiency_sensitivity__source_bundle_final_submission_audit_gap_matrix_csv__68e14c458e,39_submission_efficiency_and_sensitivity,39_submission_efficiency_and_sensitivity,systems_and_capacity,accepted_with_independent_review,independently_recomputed_isolated_efficiency_and_lr_sensitivity,independent_recomputation_only_with_metric_scope,r1_efficiency_and_sensitivity,results/05_systems/ex39_r1_efficiency/source_bundle/final_submission_audit/gap_matrix.csv,a245c2152de1cd2808b78de83773b9b72fb036a4dd4b4d9177f184706cd5c95d,results,39_submission_efficiency_and_sensitivity/analysis/handoff_20260730_independent_review/source_bundle/final_submission_audit/gap_matrix.csv,a245c2152de1cd2808b78de83773b9b72fb036a4dd4b4d9177f184706cd5c95d,observed_after_record_anchor_verification,text_identity,core
ex39_r1_efficiency_sensitivity__source_bundle_final_submission_audit_metric_eligibility_csv__530fe547c1,39_submission_efficiency_and_sensitivity,39_submission_efficiency_and_sensitivity,systems_and_capacity,accepted_with_independent_review,independently_recomputed_isolated_efficiency_and_lr_sensitivity,independent_recomputation_only_with_metric_scope,r1_efficiency_and_sensitivity,results/05_systems/ex39_r1_efficiency/source_bundle/final_submission_audit/metric_eligibility.csv,ee41e5c9420a5b69b1bcff1d6aae379877d774a2729a304b461899f1b611bb3d,results,39_submission_efficiency_and_sensitivity/analysis/handoff_20260730_independent_review/source_bundle/final_submission_audit/metric_eligibility.csv,1e0d016040ae99fd5bd3238ca7ad82e6f3a31b423c21db74fbff60f73a01894d,observed_after_record_anchor_verification,submission_sanitized,core
ex39_r1_efficiency_sensitivity__source_bundle_final_submission_audit_sensitivity_coverage_csv__19077b97d4,39_submission_efficiency_and_sensitivity,39_submission_efficiency_and_sensitivity,systems_and_capacity,accepted_with_independent_review,independently_recomputed_isolated_efficiency_and_lr_sensitivity,independent_recomputation_only_with_metric_scope,r1_efficiency_and_sensitivity,results/05_systems/ex39_r1_efficiency/source_bundle/final_submission_audit/sensitivity_coverage.csv,c94881a292656cbed4380de3266df460a0011b0301e1b2fae69b81de49736451,results,39_submission_efficiency_and_sensitivity/analysis/handoff_20260730_independent_review/source_bundle/final_submission_audit/sensitivity_coverage.csv,00a342f3c0f82557a972f69c9fafa15f7c0c8a7f6a79e5bb985d1004f75fbe34,observed_after_record_anchor_verification,submission_sanitized,core
ex39_r1_efficiency_sensitivity__source_bundle_final_submission_audit_source_inventory_csv__0602fcbd39,39_submission_efficiency_and_sensitivity,39_submission_efficiency_and_sensitivity,systems_and_capacity,accepted_with_independent_review,independently_recomputed_isolated_efficiency_and_lr_sensitivity,independent_recomputation_only_with_metric_scope,r1_efficiency_and_sensitivity,results/05_systems/ex39_r1_efficiency/source_bundle/final_submission_audit/source_inventory.csv,c58d191bd66265c31ba7f4d2f1ee435dfd2a68dc0a2de86ab9a6c935520fd71f,results,39_submission_efficiency_and_sensitivity/analysis/handoff_20260730_independent_review/source_bundle/final_submission_audit/source_inventory.csv,c58d191bd66265c31ba7f4d2f1ee435dfd2a68dc0a2de86ab9a6c935520fd71f,observed_after_record_anchor_verification,text_identity,core
ex39_r1_efficiency_sensitivity__source_bundle_final_submission_audit_submission_evidence_manifest_json__730ff6afcf,39_submission_efficiency_and_sensitivity,39_submission_efficiency_and_sensitivity,systems_and_capacity,accepted_with_independent_review,independently_recomputed_isolated_efficiency_and_lr_sensitivity,independent_recomputation_only_with_metric_scope,r1_efficiency_and_sensitivity,results/05_systems/ex39_r1_efficiency/source_bundle/final_submission_audit/submission_evidence_manifest.json,3b1e8e9ee4886ce9aa591ac6824258c37a695ee6fb726aa401f5706bc11fe349,results,39_submission_efficiency_and_sensitivity/analysis/handoff_20260730_independent_review/source_bundle/final_submission_audit/submission_evidence_manifest.json,3b1e8e9ee4886ce9aa591ac6824258c37a695ee6fb726aa401f5706bc11fe349,observed_after_record_anchor_verification,text_identity,core
ex39_r1_efficiency_sensitivity__source_bundle_final_submission_audit_throughput_summary_csv__3ffeae240e,39_submission_efficiency_and_sensitivity,39_submission_efficiency_and_sensitivity,systems_and_capacity,accepted_with_independent_review,independently_recomputed_isolated_efficiency_and_lr_sensitivity,independent_recomputation_only_with_metric_scope,r1_efficiency_and_sensitivity,results/05_systems/ex39_r1_efficiency/source_bundle/final_submission_audit/throughput_summary.csv,ece305b6b6419afdccb83da768abe270ef1bf0faa386662a8134635b19356de9,results,39_submission_efficiency_and_sensitivity/analysis/handoff_20260730_independent_review/source_bundle/final_submission_audit/throughput_summary.csv,ece305b6b6419afdccb83da768abe270ef1bf0faa386662a8134635b19356de9,observed_after_record_anchor_verification,text_identity,core
ex39_r1_efficiency_sensitivity__source_bundle_r1_isolated_efficiency_perf_manifest_json__3cdd675a49,39_submission_efficiency_and_sensitivity,39_submission_efficiency_and_sensitivity,systems_and_capacity,accepted_with_independent_review,independently_recomputed_isolated_efficiency_and_lr_sensitivity,independent_recomputation_only_with_metric_scope,r1_efficiency_and_sensitivity,results/05_systems/ex39_r1_efficiency/source_bundle/r1_isolated_efficiency/perf_manifest.json,f0d5e1bce7cf1b93678124c01e11d49244fd56e3d5a225dde35a02a3a6ff2015,results,39_submission_efficiency_and_sensitivity/analysis/handoff_20260730_independent_review/source_bundle/r1_isolated_efficiency/perf_manifest.json,f22fd78c47fb8572ed0bfcd1aa0ca8fd51a918b204636d39d1a2aded71eb7338,observed_after_record_anchor_verification,json_structured_portable_rewrite,core
ex39_r1_efficiency_sensitivity__source_bundle_r1_isolated_efficiency_training_benchmark_runs_csv__b1cad90ded,39_submission_efficiency_and_sensitivity,39_submission_efficiency_and_sensitivity,systems_and_capacity,accepted_with_independent_review,independently_recomputed_isolated_efficiency_and_lr_sensitivity,independent_recomputation_only_with_metric_scope,r1_efficiency_and_sensitivity,results/05_systems/ex39_r1_efficiency/source_bundle/r1_isolated_efficiency/training_benchmark_runs.csv,a223381db4274eb7890b61f7ef4f34d0d9ea089e03b0157b508e189baf796e83,results,39_submission_efficiency_and_sensitivity/analysis/handoff_20260730_independent_review/source_bundle/r1_isolated_efficiency/training_benchmark_runs.csv,a223381db4274eb7890b61f7ef4f34d0d9ea089e03b0157b508e189baf796e83,observed_after_record_anchor_verification,text_identity,core
ex39_r1_efficiency_sensitivity__source_bundle_r1_isolated_efficiency_training_benchmark_summary_csv__2207190daa,39_submission_efficiency_and_sensitivity,39_submission_efficiency_and_sensitivity,systems_and_capacity,accepted_with_independent_review,independently_recomputed_isolated_efficiency_and_lr_sensitivity,independent_recomputation_only_with_metric_scope,r1_efficiency_and_sensitivity,results/05_systems/ex39_r1_efficiency/source_bundle/r1_isolated_efficiency/training_benchmark_summary.csv,3ffca425040b8b60b20b65e80cee80020c64526df943b541c012e06c2aeacc19,results,39_submission_efficiency_and_sensitivity/analysis/handoff_20260730_independent_review/source_bundle/r1_isolated_efficiency/training_benchmark_summary.csv,3ffca425040b8b60b20b65e80cee80020c64526df943b541c012e06c2aeacc19,observed_after_record_anchor_verification,text_identity,core
ex39_r1_efficiency_sensitivity__source_bundle_r1_lr_sensitivity_analysis_lr_sensitivity_contrasts_csv__bbe60a748a,39_submission_efficiency_and_sensitivity,39_submission_efficiency_and_sensitivity,systems_and_capacity,accepted_with_independent_review,independently_recomputed_isolated_efficiency_and_lr_sensitivity,independent_recomputation_only_with_metric_scope,r1_efficiency_and_sensitivity,results/05_systems/ex39_r1_efficiency/source_bundle/r1_lr_sensitivity/analysis/lr_sensitivity_contrasts.csv,2dcb2e2628fe0e5fad4fe0741e793b2fbd76b4796f52a9e8ee792b9a66522b6b,results,39_submission_efficiency_and_sensitivity/analysis/handoff_20260730_independent_review/source_bundle/r1_lr_sensitivity/analysis/lr_sensitivity_contrasts.csv,2dcb2e2628fe0e5fad4fe0741e793b2fbd76b4796f52a9e8ee792b9a66522b6b,observed_after_record_anchor_verification,text_identity,core
ex39_r1_efficiency_sensitivity__source_bundle_r1_lr_sensitivity_analysis_lr_sensitivity_manifest_json__35828f69d6,39_submission_efficiency_and_sensitivity,39_submission_efficiency_and_sensitivity,systems_and_capacity,accepted_with_independent_review,independently_recomputed_isolated_efficiency_and_lr_sensitivity,independent_recomputation_only_with_metric_scope,r1_efficiency_and_sensitivity,results/05_systems/ex39_r1_efficiency/source_bundle/r1_lr_sensitivity/analysis/lr_sensitivity_manifest.json,df544be519315a05dd6b5746142741c083177f2f01ab559077b101fff09c1a08,results,39_submission_efficiency_and_sensitivity/analysis/handoff_20260730_independent_review/source_bundle/r1_lr_sensitivity/analysis/lr_sensitivity_manifest.json,df544be519315a05dd6b5746142741c083177f2f01ab559077b101fff09c1a08,observed_after_record_anchor_verification,text_identity,core
ex39_r1_efficiency_sensitivity__source_bundle_r1_lr_sensitivity_analysis_lr_sensitivity_role_summary_csv__de3d48755e,39_submission_efficiency_and_sensitivity,39_submission_efficiency_and_sensitivity,systems_and_capacity,accepted_with_independent_review,independently_recomputed_isolated_efficiency_and_lr_sensitivity,independent_recomputation_only_with_metric_scope,r1_efficiency_and_sensitivity,results/05_systems/ex39_r1_efficiency/source_bundle/r1_lr_sensitivity/analysis/lr_sensitivity_role_summary.csv,3be24f7a78d7982ceb8efd96962e26e442c08efd65b56024e4cb4936c4b6aec2,results,39_submission_efficiency_and_sensitivity/analysis/handoff_20260730_independent_review/source_bundle/r1_lr_sensitivity/analysis/lr_sensitivity_role_summary.csv,3be24f7a78d7982ceb8efd96962e26e442c08efd65b56024e4cb4936c4b6aec2,observed_after_record_anchor_verification,text_identity,core
ex39_r1_efficiency_sensitivity__source_bundle_r1_lr_sensitivity_analysis_lr_sensitivity_runs_csv__c9d8c313b0,39_submission_efficiency_and_sensitivity,39_submission_efficiency_and_sensitivity,systems_and_capacity,accepted_with_independent_review,independently_recomputed_isolated_efficiency_and_lr_sensitivity,independent_recomputation_only_with_metric_scope,r1_efficiency_and_sensitivity,results/05_systems/ex39_r1_efficiency/source_bundle/r1_lr_sensitivity/analysis/lr_sensitivity_runs.csv,dcb66c7a74ce2cdff937bc0cb84541341979ab15e6d40c60499afe98a9bb1e14,results,39_submission_efficiency_and_sensitivity/analysis/handoff_20260730_independent_review/source_bundle/r1_lr_sensitivity/analysis/lr_sensitivity_runs.csv,dcb66c7a74ce2cdff937bc0cb84541341979ab15e6d40c60499afe98a9bb1e14,observed_after_record_anchor_verification,text_identity,core
ex42_llama1b_efficiency__analysis_integrity_checks_json__82cd239b70,42_llama1b_isolated_efficiency,42_llama1b_isolated_efficiency,systems_and_capacity,accepted_with_independent_review,isolated_llama1b_efficiency,claim_eligible_with_timing_scope,llama1b_efficiency,results/05_systems/ex42_llama1b_efficiency/analysis/integrity_checks.json,8fcc3aaff16feb90efc930612619d6133203998286a86064da9bd2931400faec,results,42_llama1b_isolated_efficiency/20260729T105505+0000/analysis/integrity_checks.json,8fcc3aaff16feb90efc930612619d6133203998286a86064da9bd2931400faec,observed_after_record_anchor_verification,text_identity,core
ex42_llama1b_efficiency__analysis_llama1b_efficiency_analysis_manifest_json__ea12a0514d,42_llama1b_isolated_efficiency,42_llama1b_isolated_efficiency,systems_and_capacity,accepted_with_independent_review,isolated_llama1b_efficiency,claim_eligible_with_timing_scope,llama1b_efficiency,results/05_systems/ex42_llama1b_efficiency/analysis/llama1b_efficiency_analysis_manifest.json,93943bc48bd177170733ef6de88d10904a4ff45183a953135aec24e98523dc42,results,42_llama1b_isolated_efficiency/20260729T105505+0000/analysis/llama1b_efficiency_analysis_manifest.json,50c40054b7f01ee9951ef097b24e536bbf7add84987dec45289ca91a5fca22b3,observed_after_record_anchor_verification,json_structured_portable_rewrite+package_hash_links_rewritten,core
ex42_llama1b_efficiency__analysis_method_summary_csv__108f2a3152,42_llama1b_isolated_efficiency,42_llama1b_isolated_efficiency,systems_and_capacity,accepted_with_independent_review,isolated_llama1b_efficiency,claim_eligible_with_timing_scope,llama1b_efficiency,results/05_systems/ex42_llama1b_efficiency/analysis/method_summary.csv,b3c2d7f95d16107753e54ecfff3d570ec7bb16d69d8713436821c5bfb6f18362,results,42_llama1b_isolated_efficiency/20260729T105505+0000/analysis/method_summary.csv,b3c2d7f95d16107753e54ecfff3d570ec7bb16d69d8713436821c5bfb6f18362,observed_after_record_anchor_verification,text_identity,core
ex42_llama1b_efficiency__analysis_paired_contrasts_csv__52f7f1f174,42_llama1b_isolated_efficiency,42_llama1b_isolated_efficiency,systems_and_capacity,accepted_with_independent_review,isolated_llama1b_efficiency,claim_eligible_with_timing_scope,llama1b_efficiency,results/05_systems/ex42_llama1b_efficiency/analysis/paired_contrasts.csv,4b5b651ce3cd9c04b32a474bd2ceb0bf7f0e85ce46a6879a918b906941eed07d,results,42_llama1b_isolated_efficiency/20260729T105505+0000/analysis/paired_contrasts.csv,4b5b651ce3cd9c04b32a474bd2ceb0bf7f0e85ce46a6879a918b906941eed07d,observed_after_record_anchor_verification,text_identity,core
ex42_llama1b_efficiency__analysis_position_effects_csv__94b7e6749d,42_llama1b_isolated_efficiency,42_llama1b_isolated_efficiency,systems_and_capacity,accepted_with_independent_review,isolated_llama1b_efficiency,claim_eligible_with_timing_scope,llama1b_efficiency,results/05_systems/ex42_llama1b_efficiency/analysis/position_effects.csv,c99a6ae6d2ca0e998b12b9fa39831e3e2b6500c26c2536bc323199f7ccad0dbf,results,42_llama1b_isolated_efficiency/20260729T105505+0000/analysis/position_effects.csv,c99a6ae6d2ca0e998b12b9fa39831e3e2b6500c26c2536bc323199f7ccad0dbf,observed_after_record_anchor_verification,text_identity,core
ex42_llama1b_efficiency__analysis_raw_runs_csv__58b05ad5d2,42_llama1b_isolated_efficiency,42_llama1b_isolated_efficiency,systems_and_capacity,accepted_with_independent_review,isolated_llama1b_efficiency,claim_eligible_with_timing_scope,llama1b_efficiency,results/05_systems/ex42_llama1b_efficiency/analysis/raw_runs.csv,5686d7b9ba21ae5eda5afdc57a52f10ca9e94e310d5c7c11d4fe6355bfd642a2,results,42_llama1b_isolated_efficiency/20260729T105505+0000/analysis/raw_runs.csv,5686d7b9ba21ae5eda5afdc57a52f10ca9e94e310d5c7c11d4fe6355bfd642a2,observed_after_record_anchor_verification,text_identity,core
ex42_llama1b_efficiency__analysis_report_md__b1fcd8ae7a,42_llama1b_isolated_efficiency,42_llama1b_isolated_efficiency,systems_and_capacity,accepted_with_independent_review,isolated_llama1b_efficiency,claim_eligible_with_timing_scope,llama1b_efficiency,results/05_systems/ex42_llama1b_efficiency/analysis/report.md,33526e7645ebed9a9cc7399c894b5cab5b8ecb40aa0fdf8fd908c9156a2c522f,results,42_llama1b_isolated_efficiency/20260729T105505+0000/analysis/report.md,33526e7645ebed9a9cc7399c894b5cab5b8ecb40aa0fdf8fd908c9156a2c522f,observed_after_record_anchor_verification,text_identity,core
ex42_llama1b_efficiency__controller_status_json__7d13e4985e,42_llama1b_isolated_efficiency,42_llama1b_isolated_efficiency,systems_and_capacity,accepted_with_independent_review,isolated_llama1b_efficiency,claim_eligible_with_timing_scope,llama1b_efficiency,results/05_systems/ex42_llama1b_efficiency/controller_status.json,fd49f3851d219c3e3687240ee2c37e58bde009ed39a6f922f249c46169427bfd,results,42_llama1b_isolated_efficiency/20260729T105505+0000/controller_status.json,41c22f605638252f024f5e7e22c9c3ed58b933e1318853a061b1888fd1acc99f,observed_after_record_anchor_verification,json_structured_portable_rewrite,core
ex42_llama1b_efficiency__efficiency_contract_json__87854cff00,42_llama1b_isolated_efficiency,42_llama1b_isolated_efficiency,systems_and_capacity,accepted_with_independent_review,isolated_llama1b_efficiency,claim_eligible_with_timing_scope,llama1b_efficiency,results/05_systems/ex42_llama1b_efficiency/efficiency_contract.json,6658273d80051ef713b8ea0fa8fd40950823c59effb5cce8bae87e9caa65e646,results,42_llama1b_isolated_efficiency/20260729T105505+0000/efficiency_contract.json,6658273d80051ef713b8ea0fa8fd40950823c59effb5cce8bae87e9caa65e646,observed_after_record_anchor_verification,text_identity,core
ex42_llama1b_efficiency__execution_manifest_json__1593d45c4e,42_llama1b_isolated_efficiency,42_llama1b_isolated_efficiency,systems_and_capacity,accepted_with_independent_review,isolated_llama1b_efficiency,claim_eligible_with_timing_scope,llama1b_efficiency,results/05_systems/ex42_llama1b_efficiency/execution_manifest.json,fe0d85dbdb87782d9062f2cd88e1baba61637dbbb48459a917c452f8e29f483c,results,42_llama1b_isolated_efficiency/20260729T105505+0000/execution_manifest.json,fe0d85dbdb87782d9062f2cd88e1baba61637dbbb48459a917c452f8e29f483c,observed_after_record_anchor_verification,text_identity,core
ex42_llama1b_efficiency__independent_review_README_md__c1b00038bc,42_llama1b_isolated_efficiency,42_llama1b_isolated_efficiency,systems_and_capacity,accepted_with_independent_review,isolated_llama1b_efficiency,claim_eligible_with_timing_scope,llama1b_efficiency,results/05_systems/ex42_llama1b_efficiency/independent_review/README.md,5980a0df933f8901b7b5e3fc9726da7d93880c3b345fde7b252c78cfc7bdd946,results,42_llama1b_isolated_efficiency/20260729T105505+0000/independent_review/README.md,5980a0df933f8901b7b5e3fc9726da7d93880c3b345fde7b252c78cfc7bdd946,observed_after_record_anchor_verification,text_identity,core
ex42_llama1b_efficiency__independent_review_archive_receipt_json__a53dfdb6f2,42_llama1b_isolated_efficiency,42_llama1b_isolated_efficiency,systems_and_capacity,accepted_with_independent_review,isolated_llama1b_efficiency,claim_eligible_with_timing_scope,llama1b_efficiency,results/05_systems/ex42_llama1b_efficiency/independent_review/archive_receipt.json,58bcd251cb1777f70433e4b90c7039c3d653d7dc8777f388f50c64e0de7e57a8,results,42_llama1b_isolated_efficiency/20260729T105505+0000/independent_review/archive_receipt.json,dd855ff2fb6024e35e6890129ea8d5e82449ea4854a70b2b7b02045a0850601a,observed_after_record_anchor_verification,json_structured_portable_rewrite,core
ex42_llama1b_efficiency__independent_review_important_results_json__3b98441707,42_llama1b_isolated_efficiency,42_llama1b_isolated_efficiency,systems_and_capacity,accepted_with_independent_review,isolated_llama1b_efficiency,claim_eligible_with_timing_scope,llama1b_efficiency,results/05_systems/ex42_llama1b_efficiency/independent_review/important_results.json,eb09f95618847a830dc998f117a0b023bd7ca8a4d42e2a14341e61df4ad4e1d7,results,42_llama1b_isolated_efficiency/20260729T105505+0000/independent_review/important_results.json,eb09f95618847a830dc998f117a0b023bd7ca8a4d42e2a14341e61df4ad4e1d7,observed_after_record_anchor_verification,text_identity,core
ex42_llama1b_efficiency__independent_review_independent_audit_json__2402e9c5cc,42_llama1b_isolated_efficiency,42_llama1b_isolated_efficiency,systems_and_capacity,accepted_with_independent_review,isolated_llama1b_efficiency,claim_eligible_with_timing_scope,llama1b_efficiency,results/05_systems/ex42_llama1b_efficiency/independent_review/independent_audit.json,e01dbf4e520f2ff9dbb2970a20c6daacc0aa75e80b033c9393870b0d98c3e0cc,results,42_llama1b_isolated_efficiency/20260729T105505+0000/independent_review/independent_audit.json,e01dbf4e520f2ff9dbb2970a20c6daacc0aa75e80b033c9393870b0d98c3e0cc,observed_after_record_anchor_verification,text_identity,core
ex42_llama1b_efficiency__independent_review_independent_audit_manifest_json__f45bab1ea4,42_llama1b_isolated_efficiency,42_llama1b_isolated_efficiency,systems_and_capacity,accepted_with_independent_review,isolated_llama1b_efficiency,claim_eligible_with_timing_scope,llama1b_efficiency,results/05_systems/ex42_llama1b_efficiency/independent_review/independent_audit_manifest.json,4e89b6b1b1db988cb5d8741807160c696d9ccbea337d7d48c09e02eb6595184b,results,42_llama1b_isolated_efficiency/20260729T105505+0000/independent_review/independent_audit_manifest.json,e972b222c9110e62113e8d75a8262af63f63d04e064d9335df9468feec070bd3,selection_anchor,package_hash_links_rewritten,core
ex42_llama1b_efficiency__independent_review_source_artifact_hashes_csv__fea875fae7,42_llama1b_isolated_efficiency,42_llama1b_isolated_efficiency,systems_and_capacity,accepted_with_independent_review,isolated_llama1b_efficiency,claim_eligible_with_timing_scope,llama1b_efficiency,results/05_systems/ex42_llama1b_efficiency/independent_review/source_artifact_hashes.csv,18de21f07ab1b96911256975a249d1accee65d364397924d72b8d6df99a7e4e1,results,42_llama1b_isolated_efficiency/20260729T105505+0000/independent_review/source_artifact_hashes.csv,8229a82304315124c900d108a5cfc37f7698bb12d0b40135b01cf85fa160113d,observed_after_record_anchor_verification,submission_sanitized,core
ex42_llama1b_efficiency__postflight_data_audit_json__041e53c84a,42_llama1b_isolated_efficiency,42_llama1b_isolated_efficiency,systems_and_capacity,accepted_with_independent_review,isolated_llama1b_efficiency,claim_eligible_with_timing_scope,llama1b_efficiency,results/05_systems/ex42_llama1b_efficiency/postflight_data_audit.json,7c61c7528fcaff3040436a55028d3c5d17f65f4295c0fd6f3b9be221c096d301,results,42_llama1b_isolated_efficiency/20260729T105505+0000/postflight_data_audit.json,4f4565f8b69c1e0cc993641c6215d5d61f44b6a896103ae01e7b7900552443c2,observed_after_record_anchor_verification,json_structured_portable_rewrite,core
final_unified_38_45__bundle_audit_BUNDLE_AUDIT_md__b98174238b,38_unified_mechanism_synthesis,38_unified_mechanism_synthesis;39_submission_efficiency_and_sensitivity;40_llama_block_partition_invariance_audit;41_r1_kstate_module_factorial;42_llama1b_isolated_efficiency;43_newton_muon_record28_275m;44_newton_muon_record17_455m;45_r1_mousse_strong_baseline,unified_submission,accepted_and_final_audited,unified_submission_analysis,claim_eligible_with_explicit_scope_caveats,submission_tables_figures_and_claim_matrix,results/06_unified_submission/final_unified_38_45/bundle/audit/BUNDLE_AUDIT.md,76aefe215e7e1121a3f30ec3a9cd873ecfecc2168568c89ea05a0adfec156109,results,_shared/analysis/final_unified_38_45_20260803/bundle/audit/BUNDLE_AUDIT.md,76aefe215e7e1121a3f30ec3a9cd873ecfecc2168568c89ea05a0adfec156109,observed_after_record_anchor_verification,text_identity,core
final_unified_38_45__bundle_audit_manifest_audit_csv__8f519706c8,38_unified_mechanism_synthesis,38_unified_mechanism_synthesis;39_submission_efficiency_and_sensitivity;40_llama_block_partition_invariance_audit;41_r1_kstate_module_factorial;42_llama1b_isolated_efficiency;43_newton_muon_record28_275m;44_newton_muon_record17_455m;45_r1_mousse_strong_baseline,unified_submission,accepted_and_final_audited,unified_submission_analysis,claim_eligible_with_explicit_scope_caveats,submission_tables_figures_and_claim_matrix,results/06_unified_submission/final_unified_38_45/bundle/audit/manifest_audit.csv,a28ddfd43e3464b1feeac4b681ae3a828e41f203ae560eaf7c2659fb3151b264,results,_shared/analysis/final_unified_38_45_20260803/bundle/audit/manifest_audit.csv,a28ddfd43e3464b1feeac4b681ae3a828e41f203ae560eaf7c2659fb3151b264,observed_after_record_anchor_verification,text_identity,core
final_unified_38_45__bundle_audit_submission_bundle_audit_manifest_json__b397b477b6,38_unified_mechanism_synthesis,38_unified_mechanism_synthesis;39_submission_efficiency_and_sensitivity;40_llama_block_partition_invariance_audit;41_r1_kstate_module_factorial;42_llama1b_isolated_efficiency;43_newton_muon_record28_275m;44_newton_muon_record17_455m;45_r1_mousse_strong_baseline,unified_submission,accepted_and_final_audited,unified_submission_analysis,claim_eligible_with_explicit_scope_caveats,submission_tables_figures_and_claim_matrix,results/06_unified_submission/final_unified_38_45/bundle/audit/submission_bundle_audit_manifest.json,7a1a76cc36daac98539c7ca717a9de98058c608cadd7b8b583162c0ce20fcc45,results,_shared/analysis/final_unified_38_45_20260803/bundle/audit/submission_bundle_audit_manifest.json,7a1a76cc36daac98539c7ca717a9de98058c608cadd7b8b583162c0ce20fcc45,observed_after_record_anchor_verification,text_identity,core
final_unified_38_45__bundle_complexity_routing_complexity_csv__3ac64ffc0f,38_unified_mechanism_synthesis,38_unified_mechanism_synthesis;39_submission_efficiency_and_sensitivity;40_llama_block_partition_invariance_audit;41_r1_kstate_module_factorial;42_llama1b_isolated_efficiency;43_newton_muon_record28_275m;44_newton_muon_record17_455m;45_r1_mousse_strong_baseline,unified_submission,accepted_and_final_audited,unified_submission_analysis,claim_eligible_with_explicit_scope_caveats,submission_tables_figures_and_claim_matrix,results/06_unified_submission/final_unified_38_45/bundle/complexity/routing_complexity.csv,ecc229d520c2d525b8990e410bef564ed4b09c4aa479704bfa33408b21c88b28,results,_shared/analysis/final_unified_38_45_20260803/bundle/complexity/routing_complexity.csv,ecc229d520c2d525b8990e410bef564ed4b09c4aa479704bfa33408b21c88b28,observed_after_record_anchor_verification,text_identity,core
final_unified_38_45__bundle_complexity_routing_complexity_manifest_json__3dc596f84e,38_unified_mechanism_synthesis,38_unified_mechanism_synthesis;39_submission_efficiency_and_sensitivity;40_llama_block_partition_invariance_audit;41_r1_kstate_module_factorial;42_llama1b_isolated_efficiency;43_newton_muon_record28_275m;44_newton_muon_record17_455m;45_r1_mousse_strong_baseline,unified_submission,accepted_and_final_audited,unified_submission_analysis,claim_eligible_with_explicit_scope_caveats,submission_tables_figures_and_claim_matrix,results/06_unified_submission/final_unified_38_45/bundle/complexity/routing_complexity_manifest.json,0cc8e9a45d4a7246a52a46e9dc64fd9918ae4ead3ebae92cf4ac07cee4714e58,results,_shared/analysis/final_unified_38_45_20260803/bundle/complexity/routing_complexity_manifest.json,0cc8e9a45d4a7246a52a46e9dc64fd9918ae4ead3ebae92cf4ac07cee4714e58,observed_after_record_anchor_verification,text_identity,core
final_unified_38_45__bundle_cross_scale_CROSS_SCALE_ANALYSIS_md__8d5dd07b63,38_unified_mechanism_synthesis,38_unified_mechanism_synthesis;39_submission_efficiency_and_sensitivity;40_llama_block_partition_invariance_audit;41_r1_kstate_module_factorial;42_llama1b_isolated_efficiency;43_newton_muon_record28_275m;44_newton_muon_record17_455m;45_r1_mousse_strong_baseline,unified_submission,accepted_and_final_audited,unified_submission_analysis,claim_eligible_with_explicit_scope_caveats,submission_tables_figures_and_claim_matrix,results/06_unified_submission/final_unified_38_45/bundle/cross_scale/CROSS_SCALE_ANALYSIS.md,0f98890d7d2cc732643d064aba3f12aad14827f2663cc0f1bf145da1609bb7ad,results,_shared/analysis/final_unified_38_45_20260803/bundle/cross_scale/CROSS_SCALE_ANALYSIS.md,0f98890d7d2cc732643d064aba3f12aad14827f2663cc0f1bf145da1609bb7ad,observed_after_record_anchor_verification,text_identity,core
final_unified_38_45__bundle_cross_scale_cross_scale_analysis_manifest_json__53b86cef48,38_unified_mechanism_synthesis,38_unified_mechanism_synthesis;39_submission_efficiency_and_sensitivity;40_llama_block_partition_invariance_audit;41_r1_kstate_module_factorial;42_llama1b_isolated_efficiency;43_newton_muon_record28_275m;44_newton_muon_record17_455m;45_r1_mousse_strong_baseline,unified_submission,accepted_and_final_audited,unified_submission_analysis,claim_eligible_with_explicit_scope_caveats,submission_tables_figures_and_claim_matrix,results/06_unified_submission/final_unified_38_45/bundle/cross_scale/cross_scale_analysis_manifest.json,fa450211332c0364a5808eda29e93ecc1025822e08a82c9682df1e73901788e3,results,_shared/analysis/final_unified_38_45_20260803/bundle/cross_scale/cross_scale_analysis_manifest.json,fa450211332c0364a5808eda29e93ecc1025822e08a82c9682df1e73901788e3,observed_after_record_anchor_verification,text_identity,core
final_unified_38_45__bundle_cross_scale_method_aggregate_by_scale_csv__b400b6ad5b,38_unified_mechanism_synthesis,38_unified_mechanism_synthesis;39_submission_efficiency_and_sensitivity;40_llama_block_partition_invariance_audit;41_r1_kstate_module_factorial;42_llama1b_isolated_efficiency;43_newton_muon_record28_275m;44_newton_muon_record17_455m;45_r1_mousse_strong_baseline,unified_submission,accepted_and_final_audited,unified_submission_analysis,claim_eligible_with_explicit_scope_caveats,submission_tables_figures_and_claim_matrix,results/06_unified_submission/final_unified_38_45/bundle/cross_scale/method_aggregate_by_scale.csv,7a07216c6faf77977f7346d87e4d72b98908e046ac20cd53b2d22af2ceb521cc,results,_shared/analysis/final_unified_38_45_20260803/bundle/cross_scale/method_aggregate_by_scale.csv,7a07216c6faf77977f7346d87e4d72b98908e046ac20cd53b2d22af2ceb521cc,observed_after_record_anchor_verification,text_identity,core
final_unified_38_45__bundle_cross_scale_paired_contrasts_by_scale_csv__86fd5b5388,38_unified_mechanism_synthesis,38_unified_mechanism_synthesis;39_submission_efficiency_and_sensitivity;40_llama_block_partition_invariance_audit;41_r1_kstate_module_factorial;42_llama1b_isolated_efficiency;43_newton_muon_record28_275m;44_newton_muon_record17_455m;45_r1_mousse_strong_baseline,unified_submission,accepted_and_final_audited,unified_submission_analysis,claim_eligible_with_explicit_scope_caveats,submission_tables_figures_and_claim_matrix,results/06_unified_submission/final_unified_38_45/bundle/cross_scale/paired_contrasts_by_scale.csv,bb93605b9725470e02779a16e365a46ccbfaa46a7f6b56660c7e85e37514fa79,results,_shared/analysis/final_unified_38_45_20260803/bundle/cross_scale/paired_contrasts_by_scale.csv,bb93605b9725470e02779a16e365a46ccbfaa46a7f6b56660c7e85e37514fa79,observed_after_record_anchor_verification,text_identity,core
final_unified_38_45__bundle_cross_scale_paired_deltas_by_scale_seed_csv__57af9e3075,38_unified_mechanism_synthesis,38_unified_mechanism_synthesis;39_submission_efficiency_and_sensitivity;40_llama_block_partition_invariance_audit;41_r1_kstate_module_factorial;42_llama1b_isolated_efficiency;43_newton_muon_record28_275m;44_newton_muon_record17_455m;45_r1_mousse_strong_baseline,unified_submission,accepted_and_final_audited,unified_submission_analysis,claim_eligible_with_explicit_scope_caveats,submission_tables_figures_and_claim_matrix,results/06_unified_submission/final_unified_38_45/bundle/cross_scale/paired_deltas_by_scale_seed.csv,773f3e47236cf592974df1052e433bab33a2a4cd21162903fdfb35afdefcef4b,results,_shared/analysis/final_unified_38_45_20260803/bundle/cross_scale/paired_deltas_by_scale_seed.csv,773f3e47236cf592974df1052e433bab33a2a4cd21162903fdfb35afdefcef4b,observed_after_record_anchor_verification,text_identity,core
final_unified_38_45__bundle_cross_scale_pareto_frontier_by_scale_csv__b79dc6f16c,38_unified_mechanism_synthesis,38_unified_mechanism_synthesis;39_submission_efficiency_and_sensitivity;40_llama_block_partition_invariance_audit;41_r1_kstate_module_factorial;42_llama1b_isolated_efficiency;43_newton_muon_record28_275m;44_newton_muon_record17_455m;45_r1_mousse_strong_baseline,unified_submission,accepted_and_final_audited,unified_submission_analysis,claim_eligible_with_explicit_scope_caveats,submission_tables_figures_and_claim_matrix,results/06_unified_submission/final_unified_38_45/bundle/cross_scale/pareto_frontier_by_scale.csv,dae9fdea1b256796935070ac11091560ae6ca2f3165edb3e7edb1d4561880cc5,results,_shared/analysis/final_unified_38_45_20260803/bundle/cross_scale/pareto_frontier_by_scale.csv,dae9fdea1b256796935070ac11091560ae6ca2f3165edb3e7edb1d4561880cc5,observed_after_record_anchor_verification,text_identity,core
final_unified_38_45__bundle_equivariance_route_equivariance_csv__15090778e7,38_unified_mechanism_synthesis,38_unified_mechanism_synthesis;39_submission_efficiency_and_sensitivity;40_llama_block_partition_invariance_audit;41_r1_kstate_module_factorial;42_llama1b_isolated_efficiency;43_newton_muon_record28_275m;44_newton_muon_record17_455m;45_r1_mousse_strong_baseline,unified_submission,accepted_and_final_audited,unified_submission_analysis,claim_eligible_with_explicit_scope_caveats,submission_tables_figures_and_claim_matrix,results/06_unified_submission/final_unified_38_45/bundle/equivariance/route_equivariance.csv,3c61c16ded9f86834a8ee4879ea0c45b1918b56e7751b40751528712666f4f91,results,_shared/analysis/final_unified_38_45_20260803/bundle/equivariance/route_equivariance.csv,3c61c16ded9f86834a8ee4879ea0c45b1918b56e7751b40751528712666f4f91,observed_after_record_anchor_verification,text_identity,core
final_unified_38_45__bundle_equivariance_route_equivariance_manifest_json__4f36fe0642,38_unified_mechanism_synthesis,38_unified_mechanism_synthesis;39_submission_efficiency_and_sensitivity;40_llama_block_partition_invariance_audit;41_r1_kstate_module_factorial;42_llama1b_isolated_efficiency;43_newton_muon_record28_275m;44_newton_muon_record17_455m;45_r1_mousse_strong_baseline,unified_submission,accepted_and_final_audited,unified_submission_analysis,claim_eligible_with_explicit_scope_caveats,submission_tables_figures_and_claim_matrix,results/06_unified_submission/final_unified_38_45/bundle/equivariance/route_equivariance_manifest.json,8c8ac340d0cd21bccc4caa7ad0b867145c1c832f55f82315c3714ebec201a040,results,_shared/analysis/final_unified_38_45_20260803/bundle/equivariance/route_equivariance_manifest.json,8c8ac340d0cd21bccc4caa7ad0b867145c1c832f55f82315c3714ebec201a040,observed_after_record_anchor_verification,text_identity,core
final_unified_38_45__bundle_evidence_evidence_ledger_csv__edd785d483,38_unified_mechanism_synthesis,38_unified_mechanism_synthesis;39_submission_efficiency_and_sensitivity;40_llama_block_partition_invariance_audit;41_r1_kstate_module_factorial;42_llama1b_isolated_efficiency;43_newton_muon_record28_275m;44_newton_muon_record17_455m;45_r1_mousse_strong_baseline,unified_submission,accepted_and_final_audited,unified_submission_analysis,claim_eligible_with_explicit_scope_caveats,submission_tables_figures_and_claim_matrix,results/06_unified_submission/final_unified_38_45/bundle/evidence/evidence_ledger.csv,1f856b46bec3ed6f542aa308d988b2efd9341a8224b1b7c9eebe6a4214bec307,results,_shared/analysis/final_unified_38_45_20260803/bundle/evidence/evidence_ledger.csv,04f8c74724689180a14fc3121784f16c5986bdb59d9b2ebe0fac17b6389dddb9,observed_after_record_anchor_verification,submission_sanitized,core
final_unified_38_45__bundle_evidence_evidence_ledger_manifest_json__c54081dd75,38_unified_mechanism_synthesis,38_unified_mechanism_synthesis;39_submission_efficiency_and_sensitivity;40_llama_block_partition_invariance_audit;41_r1_kstate_module_factorial;42_llama1b_isolated_efficiency;43_newton_muon_record28_275m;44_newton_muon_record17_455m;45_r1_mousse_strong_baseline,unified_submission,accepted_and_final_audited,unified_submission_analysis,claim_eligible_with_explicit_scope_caveats,submission_tables_figures_and_claim_matrix,results/06_unified_submission/final_unified_38_45/bundle/evidence/evidence_ledger_manifest.json,6a3587ea2811a31b5e7916edd89ed00ff54f65f409e267728f48e35a27f5c770,results,_shared/analysis/final_unified_38_45_20260803/bundle/evidence/evidence_ledger_manifest.json,6a3587ea2811a31b5e7916edd89ed00ff54f65f409e267728f48e35a27f5c770,observed_after_record_anchor_verification,text_identity,core
final_unified_38_45__bundle_evidence_source_ledger_csv__d3d2afaf8f,38_unified_mechanism_synthesis,38_unified_mechanism_synthesis;39_submission_efficiency_and_sensitivity;40_llama_block_partition_invariance_audit;41_r1_kstate_module_factorial;42_llama1b_isolated_efficiency;43_newton_muon_record28_275m;44_newton_muon_record17_455m;45_r1_mousse_strong_baseline,unified_submission,accepted_and_final_audited,unified_submission_analysis,claim_eligible_with_explicit_scope_caveats,submission_tables_figures_and_claim_matrix,results/06_unified_submission/final_unified_38_45/bundle/evidence/source_ledger.csv,73de343ee27ec8e4c9a7df78a09d673b62bc6a8df00ab3a1c9373650981280b0,results,_shared/analysis/final_unified_38_45_20260803/bundle/evidence/source_ledger.csv,a98af8f6568232f4e75358b27ed5049fbaff01f4b260685644117ff4abe7a7eb,observed_after_record_anchor_verification,submission_sanitized,core
final_unified_38_45__bundle_figures_SUBMISSION_TABLES_md__b8f67a1492,38_unified_mechanism_synthesis,38_unified_mechanism_synthesis;39_submission_efficiency_and_sensitivity;40_llama_block_partition_invariance_audit;41_r1_kstate_module_factorial;42_llama1b_isolated_efficiency;43_newton_muon_record28_275m;44_newton_muon_record17_455m;45_r1_mousse_strong_baseline,unified_submission,accepted_and_final_audited,unified_submission_analysis,claim_eligible_with_explicit_scope_caveats,submission_tables_figures_and_claim_matrix,results/06_unified_submission/final_unified_38_45/bundle/figures/SUBMISSION_TABLES.md,087b6ea1a254f131fa9e272022079348b998801e28e6dd20d31e8e4bbc7cb0bb,results,_shared/analysis/final_unified_38_45_20260803/bundle/figures/SUBMISSION_TABLES.md,087b6ea1a254f131fa9e272022079348b998801e28e6dd20d31e8e4bbc7cb0bb,observed_after_record_anchor_verification,text_identity,core
final_unified_38_45__bundle_figures_cross_scale_forest_svg__b7215ac475,38_unified_mechanism_synthesis,38_unified_mechanism_synthesis;39_submission_efficiency_and_sensitivity;40_llama_block_partition_invariance_audit;41_r1_kstate_module_factorial;42_llama1b_isolated_efficiency;43_newton_muon_record28_275m;44_newton_muon_record17_455m;45_r1_mousse_strong_baseline,unified_submission,accepted_and_final_audited,unified_submission_analysis,claim_eligible_with_explicit_scope_caveats,submission_tables_figures_and_claim_matrix,results/06_unified_submission/final_unified_38_45/bundle/figures/cross_scale_forest.svg,255a6a3ece689155dc5db3d1aac5bf6347c4cbda669e59dfa0fd8e2f68076c19,results,_shared/analysis/final_unified_38_45_20260803/bundle/figures/cross_scale_forest.svg,255a6a3ece689155dc5db3d1aac5bf6347c4cbda669e59dfa0fd8e2f68076c19,observed_after_record_anchor_verification,text_identity,core
final_unified_38_45__bundle_figures_quality_state_pareto_svg__476ea57da5,38_unified_mechanism_synthesis,38_unified_mechanism_synthesis;39_submission_efficiency_and_sensitivity;40_llama_block_partition_invariance_audit;41_r1_kstate_module_factorial;42_llama1b_isolated_efficiency;43_newton_muon_record28_275m;44_newton_muon_record17_455m;45_r1_mousse_strong_baseline,unified_submission,accepted_and_final_audited,unified_submission_analysis,claim_eligible_with_explicit_scope_caveats,submission_tables_figures_and_claim_matrix,results/06_unified_submission/final_unified_38_45/bundle/figures/quality_state_pareto.svg,22a191135d50797d61f834ea3065f70e5b772ce3f7a6b65a088562a25e3df8f6,results,_shared/analysis/final_unified_38_45_20260803/bundle/figures/quality_state_pareto.svg,22a191135d50797d61f834ea3065f70e5b772ce3f7a6b65a088562a25e3df8f6,observed_after_record_anchor_verification,text_identity,core
final_unified_38_45__bundle_figures_submission_tables_figures_manifest_json__6714c5b3d3,38_unified_mechanism_synthesis,38_unified_mechanism_synthesis;39_submission_efficiency_and_sensitivity;40_llama_block_partition_invariance_audit;41_r1_kstate_module_factorial;42_llama1b_isolated_efficiency;43_newton_muon_record28_275m;44_newton_muon_record17_455m;45_r1_mousse_strong_baseline,unified_submission,accepted_and_final_audited,unified_submission_analysis,claim_eligible_with_explicit_scope_caveats,submission_tables_figures_and_claim_matrix,results/06_unified_submission/final_unified_38_45/bundle/figures/submission_tables_figures_manifest.json,61007825a70e22037dfd8b8f61d9d747dcb05617b21071c66b3d0ff15ef8d0c0,results,_shared/analysis/final_unified_38_45_20260803/bundle/figures/submission_tables_figures_manifest.json,61007825a70e22037dfd8b8f61d9d747dcb05617b21071c66b3d0ff15ef8d0c0,observed_after_record_anchor_verification,text_identity,core
final_unified_38_45__bundle_local_pipeline_manifest_json__88fa208c1f,38_unified_mechanism_synthesis,38_unified_mechanism_synthesis;39_submission_efficiency_and_sensitivity;40_llama_block_partition_invariance_audit;41_r1_kstate_module_factorial;42_llama1b_isolated_efficiency;43_newton_muon_record28_275m;44_newton_muon_record17_455m;45_r1_mousse_strong_baseline,unified_submission,accepted_and_final_audited,unified_submission_analysis,claim_eligible_with_explicit_scope_caveats,submission_tables_figures_and_claim_matrix,results/06_unified_submission/final_unified_38_45/bundle/local_pipeline_manifest.json,dd066b0dc8bdb6046b89164f2c2becac3c349a8e9c95b986fd0c790ce63203e1,results,_shared/analysis/final_unified_38_45_20260803/bundle/local_pipeline_manifest.json,dd066b0dc8bdb6046b89164f2c2becac3c349a8e9c95b986fd0c790ce63203e1,observed_after_record_anchor_verification,text_identity,core
final_unified_38_45__bundle_unified_submission_FINAL_UNIFIED_ANALYSIS_md__364226feac,38_unified_mechanism_synthesis,38_unified_mechanism_synthesis;39_submission_efficiency_and_sensitivity;40_llama_block_partition_invariance_audit;41_r1_kstate_module_factorial;42_llama1b_isolated_efficiency;43_newton_muon_record28_275m;44_newton_muon_record17_455m;45_r1_mousse_strong_baseline,unified_submission,accepted_and_final_audited,unified_submission_analysis,claim_eligible_with_explicit_scope_caveats,submission_tables_figures_and_claim_matrix,results/06_unified_submission/final_unified_38_45/bundle/unified_submission/FINAL_UNIFIED_ANALYSIS.md,ac1cb5b819ba1b21eb4b4315f509fc560b782119f3ec2021c9e9ae229e68e378,results,_shared/analysis/final_unified_38_45_20260803/bundle/unified_submission/FINAL_UNIFIED_ANALYSIS.md,ac1cb5b819ba1b21eb4b4315f509fc560b782119f3ec2021c9e9ae229e68e378,observed_after_record_anchor_verification,text_identity,core
final_unified_38_45__bundle_unified_submission_claim_matrix_csv__964e88d141,38_unified_mechanism_synthesis,38_unified_mechanism_synthesis;39_submission_efficiency_and_sensitivity;40_llama_block_partition_invariance_audit;41_r1_kstate_module_factorial;42_llama1b_isolated_efficiency;43_newton_muon_record28_275m;44_newton_muon_record17_455m;45_r1_mousse_strong_baseline,unified_submission,accepted_and_final_audited,unified_submission_analysis,claim_eligible_with_explicit_scope_caveats,submission_tables_figures_and_claim_matrix,results/06_unified_submission/final_unified_38_45/bundle/unified_submission/claim_matrix.csv,2f9b8a488e322314c4c2975a54ded10b80f6e722b490ac3a7e698ef2fc52bf40,results,_shared/analysis/final_unified_38_45_20260803/bundle/unified_submission/claim_matrix.csv,2f9b8a488e322314c4c2975a54ded10b80f6e722b490ac3a7e698ef2fc52bf40,observed_after_record_anchor_verification,text_identity,core
final_unified_38_45__bundle_unified_submission_evidence_workstream_status_csv__33f404e0f6,38_unified_mechanism_synthesis,38_unified_mechanism_synthesis;39_submission_efficiency_and_sensitivity;40_llama_block_partition_invariance_audit;41_r1_kstate_module_factorial;42_llama1b_isolated_efficiency;43_newton_muon_record28_275m;44_newton_muon_record17_455m;45_r1_mousse_strong_baseline,unified_submission,accepted_and_final_audited,unified_submission_analysis,claim_eligible_with_explicit_scope_caveats,submission_tables_figures_and_claim_matrix,results/06_unified_submission/final_unified_38_45/bundle/unified_submission/evidence_workstream_status.csv,7a951bfc59570551746e4d353c6b3d66c99496b78c800e7c1137029581bed5e3,results,_shared/analysis/final_unified_38_45_20260803/bundle/unified_submission/evidence_workstream_status.csv,7a951bfc59570551746e4d353c6b3d66c99496b78c800e7c1137029581bed5e3,observed_after_record_anchor_verification,text_identity,core
final_unified_38_45__bundle_unified_submission_external_neighbor_124m_csv__44afff71c2,38_unified_mechanism_synthesis,38_unified_mechanism_synthesis;39_submission_efficiency_and_sensitivity;40_llama_block_partition_invariance_audit;41_r1_kstate_module_factorial;42_llama1b_isolated_efficiency;43_newton_muon_record28_275m;44_newton_muon_record17_455m;45_r1_mousse_strong_baseline,unified_submission,accepted_and_final_audited,unified_submission_analysis,claim_eligible_with_explicit_scope_caveats,submission_tables_figures_and_claim_matrix,results/06_unified_submission/final_unified_38_45/bundle/unified_submission/external_neighbor_124m.csv,307ec03f41c3e72f28140cc528c6af9779369d276686dc0ccc4f01b78db952df,results,_shared/analysis/final_unified_38_45_20260803/bundle/unified_submission/external_neighbor_124m.csv,307ec03f41c3e72f28140cc528c6af9779369d276686dc0ccc4f01b78db952df,observed_after_record_anchor_verification,text_identity,core
final_unified_38_45__bundle_unified_submission_external_neighbor_quality_state_svg__12a630e113,38_unified_mechanism_synthesis,38_unified_mechanism_synthesis;39_submission_efficiency_and_sensitivity;40_llama_block_partition_invariance_audit;41_r1_kstate_module_factorial;42_llama1b_isolated_efficiency;43_newton_muon_record28_275m;44_newton_muon_record17_455m;45_r1_mousse_strong_baseline,unified_submission,accepted_and_final_audited,unified_submission_analysis,claim_eligible_with_explicit_scope_caveats,submission_tables_figures_and_claim_matrix,results/06_unified_submission/final_unified_38_45/bundle/unified_submission/external_neighbor_quality_state.svg,d7479fbb3f718d8815806fba932a98673b46058884c52f6c91c3013a12c4ade9,results,_shared/analysis/final_unified_38_45_20260803/bundle/unified_submission/external_neighbor_quality_state.svg,d7479fbb3f718d8815806fba932a98673b46058884c52f6c91c3013a12c4ade9,observed_after_record_anchor_verification,text_identity,core
final_unified_38_45__bundle_unified_submission_final_unified_analysis_manifest_json__0811eb5121,38_unified_mechanism_synthesis,38_unified_mechanism_synthesis;39_submission_efficiency_and_sensitivity;40_llama_block_partition_invariance_audit;41_r1_kstate_module_factorial;42_llama1b_isolated_efficiency;43_newton_muon_record28_275m;44_newton_muon_record17_455m;45_r1_mousse_strong_baseline,unified_submission,accepted_and_final_audited,unified_submission_analysis,claim_eligible_with_explicit_scope_caveats,submission_tables_figures_and_claim_matrix,results/06_unified_submission/final_unified_38_45/bundle/unified_submission/final_unified_analysis_manifest.json,f21299c4bf8a04f761d8bcd6b1cf6ead847822782fc5649f25f48c4ccb826a9f,results,_shared/analysis/final_unified_38_45_20260803/bundle/unified_submission/final_unified_analysis_manifest.json,e8f8233a1d7a226b158c7fc8b35e7cd53ee8a7b102ec896fb218703628a776ea,observed_after_record_anchor_verification,json_structured_portable_rewrite,core
final_unified_38_45__bundle_unified_submission_limitations_matrix_csv__8765580ea4,38_unified_mechanism_synthesis,38_unified_mechanism_synthesis;39_submission_efficiency_and_sensitivity;40_llama_block_partition_invariance_audit;41_r1_kstate_module_factorial;42_llama1b_isolated_efficiency;43_newton_muon_record28_275m;44_newton_muon_record17_455m;45_r1_mousse_strong_baseline,unified_submission,accepted_and_final_audited,unified_submission_analysis,claim_eligible_with_explicit_scope_caveats,submission_tables_figures_and_claim_matrix,results/06_unified_submission/final_unified_38_45/bundle/unified_submission/limitations_matrix.csv,4415d759b89df5efe4b5fb5a0825adc3b90027861a63a0231e9abc44d0dcb947,results,_shared/analysis/final_unified_38_45_20260803/bundle/unified_submission/limitations_matrix.csv,4415d759b89df5efe4b5fb5a0825adc3b90027861a63a0231e9abc44d0dcb947,observed_after_record_anchor_verification,text_identity,core
final_unified_38_45__final_audit_BUNDLE_AUDIT_md__560dec4388,38_unified_mechanism_synthesis,38_unified_mechanism_synthesis;39_submission_efficiency_and_sensitivity;40_llama_block_partition_invariance_audit;41_r1_kstate_module_factorial;42_llama1b_isolated_efficiency;43_newton_muon_record28_275m;44_newton_muon_record17_455m;45_r1_mousse_strong_baseline,unified_submission,accepted_and_final_audited,unified_submission_analysis,claim_eligible_with_explicit_scope_caveats,submission_tables_figures_and_claim_matrix,results/06_unified_submission/final_unified_38_45/final_audit/BUNDLE_AUDIT.md,3c1c394c7dc9f7470c29bdaa3d0f2de320333a42738cc3b1a38defa8ab68db86,results,_shared/analysis/final_unified_38_45_20260803/final_audit/BUNDLE_AUDIT.md,3c1c394c7dc9f7470c29bdaa3d0f2de320333a42738cc3b1a38defa8ab68db86,observed_after_record_anchor_verification,text_identity,core
final_unified_38_45__final_audit_manifest_audit_csv__7a551d9f6e,38_unified_mechanism_synthesis,38_unified_mechanism_synthesis;39_submission_efficiency_and_sensitivity;40_llama_block_partition_invariance_audit;41_r1_kstate_module_factorial;42_llama1b_isolated_efficiency;43_newton_muon_record28_275m;44_newton_muon_record17_455m;45_r1_mousse_strong_baseline,unified_submission,accepted_and_final_audited,unified_submission_analysis,claim_eligible_with_explicit_scope_caveats,submission_tables_figures_and_claim_matrix,results/06_unified_submission/final_unified_38_45/final_audit/manifest_audit.csv,7607c8c224c8be2af3f61f7d9cd350371cebd9f02ecab5700c5463f528b7829b,results,_shared/analysis/final_unified_38_45_20260803/final_audit/manifest_audit.csv,7607c8c224c8be2af3f61f7d9cd350371cebd9f02ecab5700c5463f528b7829b,observed_after_record_anchor_verification,text_identity,core
final_unified_38_45__final_audit_submission_bundle_audit_manifest_json__b5d4743b61,38_unified_mechanism_synthesis,38_unified_mechanism_synthesis;39_submission_efficiency_and_sensitivity;40_llama_block_partition_invariance_audit;41_r1_kstate_module_factorial;42_llama1b_isolated_efficiency;43_newton_muon_record28_275m;44_newton_muon_record17_455m;45_r1_mousse_strong_baseline,unified_submission,accepted_and_final_audited,unified_submission_analysis,claim_eligible_with_explicit_scope_caveats,submission_tables_figures_and_claim_matrix,results/06_unified_submission/final_unified_38_45/final_audit/submission_bundle_audit_manifest.json,70b530da26de8fa9be2d77e8912415de411f651458afc1d070f9e3dc1a4225e6,results,_shared/analysis/final_unified_38_45_20260803/final_audit/submission_bundle_audit_manifest.json,70b530da26de8fa9be2d77e8912415de411f651458afc1d070f9e3dc1a4225e6,selection_anchor,text_identity,core
final_unified_38_45__input_catalog_json__b435b1fbd7,38_unified_mechanism_synthesis,38_unified_mechanism_synthesis;39_submission_efficiency_and_sensitivity;40_llama_block_partition_invariance_audit;41_r1_kstate_module_factorial;42_llama1b_isolated_efficiency;43_newton_muon_record28_275m;44_newton_muon_record17_455m;45_r1_mousse_strong_baseline,unified_submission,accepted_and_final_audited,unified_submission_analysis,claim_eligible_with_explicit_scope_caveats,submission_tables_figures_and_claim_matrix,results/06_unified_submission/final_unified_38_45/input_catalog.json,fd63bfd026ace05cdd2bd2a5c92a575223d3124b36046272e19b8a8be707c5f2,results,_shared/analysis/final_unified_38_45_20260803/input_catalog.json,9969e91040e949f4a20adcc750ead109fb712a55b0ddf3ef8aae81fe69ea55eb,observed_after_record_anchor_verification,json_structured_portable_rewrite,core
final_unified_38_45__pipeline_config_json__b39290f636,38_unified_mechanism_synthesis,38_unified_mechanism_synthesis;39_submission_efficiency_and_sensitivity;40_llama_block_partition_invariance_audit;41_r1_kstate_module_factorial;42_llama1b_isolated_efficiency;43_newton_muon_record28_275m;44_newton_muon_record17_455m;45_r1_mousse_strong_baseline,unified_submission,accepted_and_final_audited,unified_submission_analysis,claim_eligible_with_explicit_scope_caveats,submission_tables_figures_and_claim_matrix,results/06_unified_submission/final_unified_38_45/pipeline_config.json,5c051c5d4d8f2e66e4cb7a5b10b07a435b08f26e9a045813331fb04cffec1748,results,_shared/analysis/final_unified_38_45_20260803/pipeline_config.json,5c051c5d4d8f2e66e4cb7a5b10b07a435b08f26e9a045813331fb04cffec1748,observed_after_record_anchor_verification,text_identity,core
final_unified_38_45__routing_complexity_json__4223ed99d2,38_unified_mechanism_synthesis,38_unified_mechanism_synthesis;39_submission_efficiency_and_sensitivity;40_llama_block_partition_invariance_audit;41_r1_kstate_module_factorial;42_llama1b_isolated_efficiency;43_newton_muon_record28_275m;44_newton_muon_record17_455m;45_r1_mousse_strong_baseline,unified_submission,accepted_and_final_audited,unified_submission_analysis,claim_eligible_with_explicit_scope_caveats,submission_tables_figures_and_claim_matrix,results/06_unified_submission/final_unified_38_45/routing_complexity.json,0c1e1c83b424005a02aefe6aacbd65f8c999a0d77ac0baa501db78a04492e960,results,_shared/analysis/final_unified_38_45_20260803/routing_complexity.json,0c1e1c83b424005a02aefe6aacbd65f8c999a0d77ac0baa501db78a04492e960,observed_after_record_anchor_verification,text_identity,core
ex14_r0_official_reproduction__R0_ANALYSIS_20260720_md__5e405a2827,14_official_newton_muon_r0,14_official_newton_muon_r0,provenance_and_controls,accepted,official_recipe_reproduction,supporting_only,official_r0_anchor,supporting/ex14_r0_official/R0_ANALYSIS_20260720.md,ba82d9a7030eb753e3a192af0cdfac185d8a1bcde4093b8092db48b4341a5f1f,results,14_official_newton_muon_r0/analysis/wandb_20260720/R0_ANALYSIS_20260720.md,ba82d9a7030eb753e3a192af0cdfac185d8a1bcde4093b8092db48b4341a5f1f,observed_after_record_anchor_verification,text_identity,supporting
ex14_r0_official_reproduction__analysis_manifest_json__ddce9c913c,14_official_newton_muon_r0,14_official_newton_muon_r0,provenance_and_controls,accepted,official_recipe_reproduction,supporting_only,official_r0_anchor,supporting/ex14_r0_official/analysis_manifest.json,277c9872e5c0c8f0c6f8dd5ee52cbb14dfdeab074855fe7fc8b703cd0912830e,results,14_official_newton_muon_r0/analysis/wandb_20260720/analysis_manifest.json,8d7d3a686afea09772311caadd040e249901711e9fb03b497ec39dfe24c68650,selection_anchor,json_structured_portable_rewrite,supporting
ex14_r0_official_reproduction__data_quality_checks_csv__503b939b2b,14_official_newton_muon_r0,14_official_newton_muon_r0,provenance_and_controls,accepted,official_recipe_reproduction,supporting_only,official_r0_anchor,supporting/ex14_r0_official/data_quality_checks.csv,28e418fbc20b7ab95d64b5ccbc0f28c47ab1f2362ca0a89612602d43f4e32bf5,results,14_official_newton_muon_r0/analysis/wandb_20260720/data_quality_checks.csv,28e418fbc20b7ab95d64b5ccbc0f28c47ab1f2362ca0a89612602d43f4e32bf5,observed_after_record_anchor_verification,text_identity,supporting
ex14_r0_official_reproduction__r0_pairwise_summary_csv__805162bea7,14_official_newton_muon_r0,14_official_newton_muon_r0,provenance_and_controls,accepted,official_recipe_reproduction,supporting_only,official_r0_anchor,supporting/ex14_r0_official/r0_pairwise_summary.csv,cfca2e01ee03334fccab3fc2a320b88054289416362c2753afad70e92fcbd777,results,14_official_newton_muon_r0/analysis/wandb_20260720/r0_pairwise_summary.csv,cfca2e01ee03334fccab3fc2a320b88054289416362c2753afad70e92fcbd777,observed_after_record_anchor_verification,text_identity,supporting
ex14_r0_official_reproduction__r0_run_summary_csv__75d7980ddc,14_official_newton_muon_r0,14_official_newton_muon_r0,provenance_and_controls,accepted,official_recipe_reproduction,supporting_only,official_r0_anchor,supporting/ex14_r0_official/r0_run_summary.csv,7b62d663028e7a40fdbbe005aaffec87776c2d557b929cf87166852e92db24b4,results,14_official_newton_muon_r0/analysis/wandb_20260720/r0_run_summary.csv,7b62d663028e7a40fdbbe005aaffec87776c2d557b929cf87166852e92db24b4,observed_after_record_anchor_verification,text_identity,supporting
ex14_r0_official_reproduction__source_manifest_csv__a14f9df1fa,14_official_newton_muon_r0,14_official_newton_muon_r0,provenance_and_controls,accepted,official_recipe_reproduction,supporting_only,official_r0_anchor,supporting/ex14_r0_official/source_manifest.csv,e846829fcbbeb3beb952861a1dd182a093e89500dac47bf48f65eeaa77e94abb,results,14_official_newton_muon_r0/analysis/wandb_20260720/source_manifest.csv,85514d387f84ef6668574569c8d291e83751c7f6a330b5c2c0e9c0e03d3933fa,observed_after_record_anchor_verification,submission_sanitized,supporting
ex14_r0_official_reproduction__time_to_loss_targets_csv__38d192ae43,14_official_newton_muon_r0,14_official_newton_muon_r0,provenance_and_controls,accepted,official_recipe_reproduction,supporting_only,official_r0_anchor,supporting/ex14_r0_official/time_to_loss_targets.csv,7b40d43aa23043de7818926c881829466b5216d241e0b802f04ba0b488706a6c,results,14_official_newton_muon_r0/analysis/wandb_20260720/time_to_loss_targets.csv,7b40d43aa23043de7818926c881829466b5216d241e0b802f04ba0b488706a6c,observed_after_record_anchor_verification,text_identity,supporting
ex14_r0_official_reproduction__validation_curves_wide_csv__f7c2f5fb10,14_official_newton_muon_r0,14_official_newton_muon_r0,provenance_and_controls,accepted,official_recipe_reproduction,supporting_only,official_r0_anchor,supporting/ex14_r0_official/validation_curves_wide.csv,296e0a84a58ab5374a4f295db631edae4e6a2a326446186d76b0fb3e9b71916a,results,14_official_newton_muon_r0/analysis/wandb_20260720/validation_curves_wide.csv,296e0a84a58ab5374a4f295db631edae4e6a2a326446186d76b0fb3e9b71916a,observed_after_record_anchor_verification,text_identity,supporting
ex14_r0_official_reproduction__validation_milestones_csv__8ace2c2541,14_official_newton_muon_r0,14_official_newton_muon_r0,provenance_and_controls,accepted,official_recipe_reproduction,supporting_only,official_r0_anchor,supporting/ex14_r0_official/validation_milestones.csv,308d7e437549d433d4e879b13fc1255e2ecea42f18b2f0d551aeee72335e771e,results,14_official_newton_muon_r0/analysis/wandb_20260720/validation_milestones.csv,308d7e437549d433d4e879b13fc1255e2ecea42f18b2f0d551aeee72335e771e,observed_after_record_anchor_verification,text_identity,supporting
ex16_lr_cross__R1_LR_CROSS_ANALYSIS_20260721_md__9c03116cea,16_official_newton_muon_r1_lr_cross,16_official_newton_muon_r1_lr_cross,provenance_and_controls,accepted,crossed_lr_multiseed_control,supporting_only,learning_rate_robustness,supporting/ex16_lr_cross/R1_LR_CROSS_ANALYSIS_20260721.md,2eb729ce381a1d03c6518859a6374ab340c2e9ac00ef3fde425ab1e0ddbd250a,results,16_official_newton_muon_r1_lr_cross/analysis/wandb_20260721_crossed_multiseed/R1_LR_CROSS_ANALYSIS_20260721.md,2eb729ce381a1d03c6518859a6374ab340c2e9ac00ef3fde425ab1e0ddbd250a,observed_after_record_anchor_verification,text_identity,supporting
ex16_lr_cross__analysis_manifest_json__ddce9c913c,16_official_newton_muon_r1_lr_cross,16_official_newton_muon_r1_lr_cross,provenance_and_controls,accepted,crossed_lr_multiseed_control,supporting_only,learning_rate_robustness,supporting/ex16_lr_cross/analysis_manifest.json,5dfe3236db0f5f873d14f752bf517f02b227b1ebfd21f5728053fe714bb6bc5b,results,16_official_newton_muon_r1_lr_cross/analysis/wandb_20260721_crossed_multiseed/analysis_manifest.json,dc9550d980fdd7f1ebe75f58cf4605a87830e140ce0b138aa5209d2a516ba4d3,selection_anchor,json_structured_portable_rewrite,supporting
ex16_lr_cross__crossed_curve_dominance_csv__33b42c9554,16_official_newton_muon_r1_lr_cross,16_official_newton_muon_r1_lr_cross,provenance_and_controls,accepted,crossed_lr_multiseed_control,supporting_only,learning_rate_robustness,supporting/ex16_lr_cross/crossed_curve_dominance.csv,d5ac1168b03a2983916943bba18a66f0161ce0eac404604133bbfae01d67106e,results,16_official_newton_muon_r1_lr_cross/analysis/wandb_20260721_crossed_multiseed/crossed_curve_dominance.csv,d5ac1168b03a2983916943bba18a66f0161ce0eac404604133bbfae01d67106e,observed_after_record_anchor_verification,text_identity,supporting
ex16_lr_cross__crossed_method_aggregate_csv__03a9253f91,16_official_newton_muon_r1_lr_cross,16_official_newton_muon_r1_lr_cross,provenance_and_controls,accepted,crossed_lr_multiseed_control,supporting_only,learning_rate_robustness,supporting/ex16_lr_cross/crossed_method_aggregate.csv,c842db183a4133751dc4d17fdb688bef18fe2b3f96fa71506041c222839cad4a,results,16_official_newton_muon_r1_lr_cross/analysis/wandb_20260721_crossed_multiseed/crossed_method_aggregate.csv,c842db183a4133751dc4d17fdb688bef18fe2b3f96fa71506041c222839cad4a,observed_after_record_anchor_verification,text_identity,supporting
ex16_lr_cross__crossed_paired_aggregate_csv__c7dd0f0946,16_official_newton_muon_r1_lr_cross,16_official_newton_muon_r1_lr_cross,provenance_and_controls,accepted,crossed_lr_multiseed_control,supporting_only,learning_rate_robustness,supporting/ex16_lr_cross/crossed_paired_aggregate.csv,5ccd7e3e67f41bcc895818af1261b87e666d91b0cb271c0392deccc1503f1674,results,16_official_newton_muon_r1_lr_cross/analysis/wandb_20260721_crossed_multiseed/crossed_paired_aggregate.csv,5ccd7e3e67f41bcc895818af1261b87e666d91b0cb271c0392deccc1503f1674,observed_after_record_anchor_verification,text_identity,supporting
ex16_lr_cross__crossed_paired_by_seed_csv__3e7cde9997,16_official_newton_muon_r1_lr_cross,16_official_newton_muon_r1_lr_cross,provenance_and_controls,accepted,crossed_lr_multiseed_control,supporting_only,learning_rate_robustness,supporting/ex16_lr_cross/crossed_paired_by_seed.csv,f30166dd0ac71359511dbcd9dec497592b30bac37adaaade16c225a69646e02c,results,16_official_newton_muon_r1_lr_cross/analysis/wandb_20260721_crossed_multiseed/crossed_paired_by_seed.csv,f30166dd0ac71359511dbcd9dec497592b30bac37adaaade16c225a69646e02c,observed_after_record_anchor_verification,text_identity,supporting
ex16_lr_cross__crossed_run_summary_csv__619d90010c,16_official_newton_muon_r1_lr_cross,16_official_newton_muon_r1_lr_cross,provenance_and_controls,accepted,crossed_lr_multiseed_control,supporting_only,learning_rate_robustness,supporting/ex16_lr_cross/crossed_run_summary.csv,1866dc0b09dbf9f00e57758b13d676040f6b75e884e518e4b93e0e28c91158c1,results,16_official_newton_muon_r1_lr_cross/analysis/wandb_20260721_crossed_multiseed/crossed_run_summary.csv,1866dc0b09dbf9f00e57758b13d676040f6b75e884e518e4b93e0e28c91158c1,observed_after_record_anchor_verification,text_identity,supporting
ex16_lr_cross__data_quality_checks_csv__503b939b2b,16_official_newton_muon_r1_lr_cross,16_official_newton_muon_r1_lr_cross,provenance_and_controls,accepted,crossed_lr_multiseed_control,supporting_only,learning_rate_robustness,supporting/ex16_lr_cross/data_quality_checks.csv,b1f0db5b593ffc794601f7c708a7c8f810fe808b63720209ccb0c99c337349c2,results,16_official_newton_muon_r1_lr_cross/analysis/wandb_20260721_crossed_multiseed/data_quality_checks.csv,b1f0db5b593ffc794601f7c708a7c8f810fe808b63720209ccb0c99c337349c2,observed_after_record_anchor_verification,text_identity,supporting
ex16_lr_cross__seed2026_factorial_cells_csv__57c91f2ca2,16_official_newton_muon_r1_lr_cross,16_official_newton_muon_r1_lr_cross,provenance_and_controls,accepted,crossed_lr_multiseed_control,supporting_only,learning_rate_robustness,supporting/ex16_lr_cross/seed2026_factorial_cells.csv,982c0f3c32e1408f55bbabe262d6ec55a195a687e090e4cf6915cdca763e08ae,results,16_official_newton_muon_r1_lr_cross/analysis/wandb_20260721_crossed_multiseed/seed2026_factorial_cells.csv,982c0f3c32e1408f55bbabe262d6ec55a195a687e090e4cf6915cdca763e08ae,observed_after_record_anchor_verification,text_identity,supporting
ex16_lr_cross__seed2026_factorial_effects_csv__e36d62f5a2,16_official_newton_muon_r1_lr_cross,16_official_newton_muon_r1_lr_cross,provenance_and_controls,accepted,crossed_lr_multiseed_control,supporting_only,learning_rate_robustness,supporting/ex16_lr_cross/seed2026_factorial_effects.csv,e9c722056eba9617300f1587386d7b233c40fbc61c6a9867f5b8f48105ced8cd,results,16_official_newton_muon_r1_lr_cross/analysis/wandb_20260721_crossed_multiseed/seed2026_factorial_effects.csv,e9c722056eba9617300f1587386d7b233c40fbc61c6a9867f5b8f48105ced8cd,observed_after_record_anchor_verification,text_identity,supporting
ex16_lr_cross__source_manifest_csv__a14f9df1fa,16_official_newton_muon_r1_lr_cross,16_official_newton_muon_r1_lr_cross,provenance_and_controls,accepted,crossed_lr_multiseed_control,supporting_only,learning_rate_robustness,supporting/ex16_lr_cross/source_manifest.csv,0b379928441f6f69675ec2050e215b336962ca19af6aaf76ef17eb26f6a3d4c5,results,16_official_newton_muon_r1_lr_cross/analysis/wandb_20260721_crossed_multiseed/source_manifest.csv,547bc4510796151897b05667a4706c062dc7a53a730d0f8a54d75c5e54c8b706,observed_after_record_anchor_verification,submission_sanitized,supporting
ex16_lr_cross__steps_to_loss_targets_csv__8a1cd773a0,16_official_newton_muon_r1_lr_cross,16_official_newton_muon_r1_lr_cross,provenance_and_controls,accepted,crossed_lr_multiseed_control,supporting_only,learning_rate_robustness,supporting/ex16_lr_cross/steps_to_loss_targets.csv,f31c2a562979af7ee0a8163ce3ba93e96ea45f2d155864f4ef7716d9af5f4c71,results,16_official_newton_muon_r1_lr_cross/analysis/wandb_20260721_crossed_multiseed/steps_to_loss_targets.csv,f31c2a562979af7ee0a8163ce3ba93e96ea45f2d155864f4ef7716d9af5f4c71,observed_after_record_anchor_verification,text_identity,supporting
ex19_extended_baselines__R1_EXTENDED_FORMAL_UNIFIED_ANALYSIS_20260723_md__e9ef3a599e,19_r1_extended_baselines,19_r1_extended_baselines,provenance_and_controls,accepted,seven_method_baseline_panel,supporting_and_superseded_by_ex45_eight_method_panel,baseline_provenance,supporting/ex19_extended_baselines/R1_EXTENDED_FORMAL_UNIFIED_ANALYSIS_20260723.md,4662f21d654c64747478740bc47f46d63ae609535566fd5020890518a5755ebc,results,19_r1_extended_baselines/analysis/wandb_20260723_formal_multiseed_unified/R1_EXTENDED_FORMAL_UNIFIED_ANALYSIS_20260723.md,4662f21d654c64747478740bc47f46d63ae609535566fd5020890518a5755ebc,observed_after_record_anchor_verification,text_identity,supporting
ex19_extended_baselines__analysis_manifest_json__ddce9c913c,19_r1_extended_baselines,19_r1_extended_baselines,provenance_and_controls,accepted,seven_method_baseline_panel,supporting_and_superseded_by_ex45_eight_method_panel,baseline_provenance,supporting/ex19_extended_baselines/analysis_manifest.json,608e54a9f37e267c19a103de778b9195f50e8751f0112109a780dee33bebc10c,results,19_r1_extended_baselines/analysis/wandb_20260723_formal_multiseed_unified/analysis_manifest.json,608e54a9f37e267c19a103de778b9195f50e8751f0112109a780dee33bebc10c,selection_anchor,text_identity,supporting
ex19_extended_baselines__data_quality_checks_csv__503b939b2b,19_r1_extended_baselines,19_r1_extended_baselines,provenance_and_controls,accepted,seven_method_baseline_panel,supporting_and_superseded_by_ex45_eight_method_panel,baseline_provenance,supporting/ex19_extended_baselines/data_quality_checks.csv,f69fad8457b002bd1a2a2eb830fd533b0a1448744c76226c169c609e42174902,results,19_r1_extended_baselines/analysis/wandb_20260723_formal_multiseed_unified/data_quality_checks.csv,f69fad8457b002bd1a2a2eb830fd533b0a1448744c76226c169c609e42174902,observed_after_record_anchor_verification,text_identity,supporting
ex19_extended_baselines__extended_formal_run_summary_csv__e8077df409,19_r1_extended_baselines,19_r1_extended_baselines,provenance_and_controls,accepted,seven_method_baseline_panel,supporting_and_superseded_by_ex45_eight_method_panel,baseline_provenance,supporting/ex19_extended_baselines/extended_formal_run_summary.csv,bddc9a3bc4222599d864a836d9c5f0ed8570b81262cc3ea9ea3dc8a812cfdc6a,results,19_r1_extended_baselines/analysis/wandb_20260723_formal_multiseed_unified/extended_formal_run_summary.csv,bddc9a3bc4222599d864a836d9c5f0ed8570b81262cc3ea9ea3dc8a812cfdc6a,observed_after_record_anchor_verification,text_identity,supporting
ex19_extended_baselines__r1_confirmatory_2024_2025_method_aggregate_csv__49ce776c3e,19_r1_extended_baselines,19_r1_extended_baselines,provenance_and_controls,accepted,seven_method_baseline_panel,supporting_and_superseded_by_ex45_eight_method_panel,baseline_provenance,supporting/ex19_extended_baselines/r1_confirmatory_2024_2025_method_aggregate.csv,274218977b3528a5545acf2eb39dff72245445659c277eb54c8287baeb602229,results,19_r1_extended_baselines/analysis/wandb_20260723_formal_multiseed_unified/r1_confirmatory_2024_2025_method_aggregate.csv,274218977b3528a5545acf2eb39dff72245445659c277eb54c8287baeb602229,observed_after_record_anchor_verification,text_identity,supporting
ex19_extended_baselines__r1_extended_vs_core_curve_comparison_csv__feb79a48fc,19_r1_extended_baselines,19_r1_extended_baselines,provenance_and_controls,accepted,seven_method_baseline_panel,supporting_and_superseded_by_ex45_eight_method_panel,baseline_provenance,supporting/ex19_extended_baselines/r1_extended_vs_core_curve_comparison.csv,76379212a255fcfd1e9f98663aef6ad32557c539a92fdfc8b5f36910df45906b,results,19_r1_extended_baselines/analysis/wandb_20260723_formal_multiseed_unified/r1_extended_vs_core_curve_comparison.csv,76379212a255fcfd1e9f98663aef6ad32557c539a92fdfc8b5f36910df45906b,observed_after_record_anchor_verification,text_identity,supporting
ex19_extended_baselines__r1_extended_vs_core_paired_aggregate_csv__e94c7e4d8b,19_r1_extended_baselines,19_r1_extended_baselines,provenance_and_controls,accepted,seven_method_baseline_panel,supporting_and_superseded_by_ex45_eight_method_panel,baseline_provenance,supporting/ex19_extended_baselines/r1_extended_vs_core_paired_aggregate.csv,49ae56b051b2d91ba4dbbf2f52661ca68837c47ff21b68dd7bfa5e2957c29cd2,results,19_r1_extended_baselines/analysis/wandb_20260723_formal_multiseed_unified/r1_extended_vs_core_paired_aggregate.csv,49ae56b051b2d91ba4dbbf2f52661ca68837c47ff21b68dd7bfa5e2957c29cd2,observed_after_record_anchor_verification,text_identity,supporting
ex19_extended_baselines__r1_extended_vs_core_paired_seed_deltas_csv__52f9f65c0f,19_r1_extended_baselines,19_r1_extended_baselines,provenance_and_controls,accepted,seven_method_baseline_panel,supporting_and_superseded_by_ex45_eight_method_panel,baseline_provenance,supporting/ex19_extended_baselines/r1_extended_vs_core_paired_seed_deltas.csv,e3f4480aebf23f74188f77542de065e4d5ca497b10a3ad49285894ec79d1ace8,results,19_r1_extended_baselines/analysis/wandb_20260723_formal_multiseed_unified/r1_extended_vs_core_paired_seed_deltas.csv,e3f4480aebf23f74188f77542de065e4d5ca497b10a3ad49285894ec79d1ace8,observed_after_record_anchor_verification,text_identity,supporting
ex19_extended_baselines__r1_unified_seven_method_aggregate_csv__67d68f593a,19_r1_extended_baselines,19_r1_extended_baselines,provenance_and_controls,accepted,seven_method_baseline_panel,supporting_and_superseded_by_ex45_eight_method_panel,baseline_provenance,supporting/ex19_extended_baselines/r1_unified_seven_method_aggregate.csv,3fab01a35df7191308401f7d6cfdb854671ec2d308ca9a1820fac3c5557e23ee,results,19_r1_extended_baselines/analysis/wandb_20260723_formal_multiseed_unified/r1_unified_seven_method_aggregate.csv,3fab01a35df7191308401f7d6cfdb854671ec2d308ca9a1820fac3c5557e23ee,observed_after_record_anchor_verification,text_identity,supporting
ex19_extended_baselines__r1_unified_seven_method_run_summary_csv__89efe59b4d,19_r1_extended_baselines,19_r1_extended_baselines,provenance_and_controls,accepted,seven_method_baseline_panel,supporting_and_superseded_by_ex45_eight_method_panel,baseline_provenance,supporting/ex19_extended_baselines/r1_unified_seven_method_run_summary.csv,f8b6c6ce18f33ac66c8b5333ee4609b6bcf4775726c0f9fef85104efaa78918d,results,19_r1_extended_baselines/analysis/wandb_20260723_formal_multiseed_unified/r1_unified_seven_method_run_summary.csv,f8b6c6ce18f33ac66c8b5333ee4609b6bcf4775726c0f9fef85104efaa78918d,observed_after_record_anchor_verification,text_identity,supporting
ex19_extended_baselines__source_manifest_csv__a14f9df1fa,19_r1_extended_baselines,19_r1_extended_baselines,provenance_and_controls,accepted,seven_method_baseline_panel,supporting_and_superseded_by_ex45_eight_method_panel,baseline_provenance,supporting/ex19_extended_baselines/source_manifest.csv,6bab67958f110aadfc7d056d92001a2c971fda75c8f8a244860e9d841499fd68,results,19_r1_extended_baselines/analysis/wandb_20260723_formal_multiseed_unified/source_manifest.csv,c1683b7ed1ea477047867a3b61702883e8bdcef1c5dd3c085180147e7ec1de92,observed_after_record_anchor_verification,submission_sanitized,supporting
ex21_host_bridge__GPT_R1_HOST_BRIDGE_ANALYSIS_20260722_md__ba107663e1,21_gpt_r1_host_bridge,21_gpt_r1_host_bridge,provenance_and_controls,accepted,host_context_bridge,supporting_only,machine_and_host_context_control,supporting/ex21_host_bridge/GPT_R1_HOST_BRIDGE_ANALYSIS_20260722.md,e3dba5fe2959a05a7a8f3dcb815bb880020c107d25a28a4c66ea2df51bfb6f24,results,21_gpt_r1_host_bridge/analysis/wandb_20260722_seed2026/GPT_R1_HOST_BRIDGE_ANALYSIS_20260722.md,e3dba5fe2959a05a7a8f3dcb815bb880020c107d25a28a4c66ea2df51bfb6f24,observed_after_record_anchor_verification,text_identity,supporting
ex21_host_bridge__analysis_manifest_json__ddce9c913c,21_gpt_r1_host_bridge,21_gpt_r1_host_bridge,provenance_and_controls,accepted,host_context_bridge,supporting_only,machine_and_host_context_control,supporting/ex21_host_bridge/analysis_manifest.json,846ee36542308994c494808d1b5de81a722661e619cc397e29b6fad84e54aba9,results,21_gpt_r1_host_bridge/analysis/wandb_20260722_seed2026/analysis_manifest.json,113124e0aa729621475af939a28d09d3772ea967769c3dd2c8013a8cbd5975de,selection_anchor,package_hash_links_rewritten,supporting
ex21_host_bridge__architecture_host_context_comparison_csv__3375424cee,21_gpt_r1_host_bridge,21_gpt_r1_host_bridge,provenance_and_controls,accepted,host_context_bridge,supporting_only,machine_and_host_context_control,supporting/ex21_host_bridge/architecture_host_context_comparison.csv,cfaed974298fe8b67115f5a04e11d0d342eb3a766379452b200b166c9c397507,results,21_gpt_r1_host_bridge/analysis/wandb_20260722_seed2026/architecture_host_context_comparison.csv,cfaed974298fe8b67115f5a04e11d0d342eb3a766379452b200b166c9c397507,observed_after_record_anchor_verification,text_identity,supporting
ex21_host_bridge__architecture_host_effect_decomposition_csv__1a19cd4fca,21_gpt_r1_host_bridge,21_gpt_r1_host_bridge,provenance_and_controls,accepted,host_context_bridge,supporting_only,machine_and_host_context_control,supporting/ex21_host_bridge/architecture_host_effect_decomposition.csv,2a14c9afe0f118dd34ca371b661f5502c088d510e3903494e20a0f746008fda4,results,21_gpt_r1_host_bridge/analysis/wandb_20260722_seed2026/architecture_host_effect_decomposition.csv,2a14c9afe0f118dd34ca371b661f5502c088d510e3903494e20a0f746008fda4,observed_after_record_anchor_verification,text_identity,supporting
ex21_host_bridge__bridge_run_summary_csv__b8244fbc72,21_gpt_r1_host_bridge,21_gpt_r1_host_bridge,provenance_and_controls,accepted,host_context_bridge,supporting_only,machine_and_host_context_control,supporting/ex21_host_bridge/bridge_run_summary.csv,d8bc26bb7986c476b282ef2e4a68fa9145518864ddfa82e46dc595d318787eab,results,21_gpt_r1_host_bridge/analysis/wandb_20260722_seed2026/bridge_run_summary.csv,d8bc26bb7986c476b282ef2e4a68fa9145518864ddfa82e46dc595d318787eab,observed_after_record_anchor_verification,text_identity,supporting
ex21_host_bridge__bridge_vs_original_gpt_csv__b74e35d031,21_gpt_r1_host_bridge,21_gpt_r1_host_bridge,provenance_and_controls,accepted,host_context_bridge,supporting_only,machine_and_host_context_control,supporting/ex21_host_bridge/bridge_vs_original_gpt.csv,eaed6641b450763112528aab9ac5eb9b5dee6546bd44bf5999832d74a2e73dee,results,21_gpt_r1_host_bridge/analysis/wandb_20260722_seed2026/bridge_vs_original_gpt.csv,eaed6641b450763112528aab9ac5eb9b5dee6546bd44bf5999832d74a2e73dee,observed_after_record_anchor_verification,text_identity,supporting
ex21_host_bridge__data_quality_checks_csv__503b939b2b,21_gpt_r1_host_bridge,21_gpt_r1_host_bridge,provenance_and_controls,accepted,host_context_bridge,supporting_only,machine_and_host_context_control,supporting/ex21_host_bridge/data_quality_checks.csv,4e407420f2a70defb97ef2166fb997d54e412678d1c026f7160680bc717ff9f8,results,21_gpt_r1_host_bridge/analysis/wandb_20260722_seed2026/data_quality_checks.csv,4e407420f2a70defb97ef2166fb997d54e412678d1c026f7160680bc717ff9f8,observed_after_record_anchor_verification,text_identity,supporting
ex21_host_bridge__reference_gpt_r1_original_seed2026_run_summary_csv__2aaaea1d48,21_gpt_r1_host_bridge,21_gpt_r1_host_bridge,provenance_and_controls,accepted,host_context_bridge,supporting_only,machine_and_host_context_control,supporting/ex21_host_bridge/reference/gpt_r1_original_seed2026_run_summary.csv,4e51e718a37f5ebed82bcf1c4a489e02e224b290a91b2eb7581b68930ab77ac7,results,21_gpt_r1_host_bridge/analysis/wandb_20260722_seed2026/reference/gpt_r1_original_seed2026_run_summary.csv,4e51e718a37f5ebed82bcf1c4a489e02e224b290a91b2eb7581b68930ab77ac7,observed_after_record_anchor_verification,text_identity,supporting
ex21_host_bridge__reference_llama_swiglu_seed2026_run_summary_csv__740e68fc10,21_gpt_r1_host_bridge,21_gpt_r1_host_bridge,provenance_and_controls,accepted,host_context_bridge,supporting_only,machine_and_host_context_control,supporting/ex21_host_bridge/reference/llama_swiglu_seed2026_run_summary.csv,587ca67592a4d1d253488413444a26d8525bd4193c7c81e5ee7337e069cda77d,results,21_gpt_r1_host_bridge/analysis/wandb_20260722_seed2026/reference/llama_swiglu_seed2026_run_summary.csv,587ca67592a4d1d253488413444a26d8525bd4193c7c81e5ee7337e069cda77d,observed_after_record_anchor_verification,text_identity,supporting
ex21_host_bridge__source_manifest_csv__a14f9df1fa,21_gpt_r1_host_bridge,21_gpt_r1_host_bridge,provenance_and_controls,accepted,host_context_bridge,supporting_only,machine_and_host_context_control,supporting/ex21_host_bridge/source_manifest.csv,ef2afbcbbff2e9f3e3e127781d4fef5f0908a0f4dedd83983de892d40db1400f,results,21_gpt_r1_host_bridge/analysis/wandb_20260722_seed2026/source_manifest.csv,40baa4d5d3f28de8da5adc2a153d3e29ddbe48dec9ab245a760e7d2e763bdf05,observed_after_record_anchor_verification,package_hash_links_rewritten,supporting
ex38_source_dependency_index__report_source_notes_json__cf05a23d87,38_unified_mechanism_synthesis,38_unified_mechanism_synthesis,mechanism,accepted_source_index,provenance_only,not_a_standalone_claim,indexes_mechanism_inputs_not_individually_republished,supporting/ex38_source_dependency_index/report_source_notes.json,66ff3349d825feef874c7ab000fd7d41aff0df86a586b42dca5ce96f07137cd5,results,38_unified_mechanism_synthesis/20260729T071451+0000/report_source_notes.json,66ff3349d825feef874c7ab000fd7d41aff0df86a586b42dca5ce96f07137cd5,observed_after_record_anchor_verification,text_identity,supporting
ex38_source_dependency_index__source_audit_csv__95deade199,38_unified_mechanism_synthesis,38_unified_mechanism_synthesis,mechanism,accepted_source_index,provenance_only,not_a_standalone_claim,indexes_mechanism_inputs_not_individually_republished,supporting/ex38_source_dependency_index/source_audit.csv,f2316b929994a03be395dabc6c7d66550a5b01eb31e7257492c5df148be7a07c,results,38_unified_mechanism_synthesis/20260729T071451+0000/source_audit.csv,3d0eda4bc0dd33ce1f8308d3cbfcd584f481e5d8196fa7d7dd8f7bd3bfe38a4a,observed_after_record_anchor_verification,package_hash_links_rewritten,supporting
ex38_source_dependency_index__source_audit_json__0ce2e23dd2,38_unified_mechanism_synthesis,38_unified_mechanism_synthesis,mechanism,accepted_source_index,provenance_only,not_a_standalone_claim,indexes_mechanism_inputs_not_individually_republished,supporting/ex38_source_dependency_index/source_audit.json,9cb3ca7d1959087ba5f81f8b639998b85774ae18586f44285c2a071b918df664,results,38_unified_mechanism_synthesis/20260729T071451+0000/source_audit.json,9cb3ca7d1959087ba5f81f8b639998b85774ae18586f44285c2a071b918df664,observed_after_record_anchor_verification,text_identity,supporting
ex47b_geo01b_discovery__analysis_analysis_manifest_json__c1fb785112,47b_geo01b_update_geometry_discovery,47b_geo01b_update_geometry_discovery,mechanism,accepted_discovery_analysis,directional_geometry_increment_unsupported,supporting_negative_result_not_independent_confirmation,mechanism_closure_input,supporting/ex47b_geo01b/analysis/analysis_manifest.json,cbc0d231a660079ba891fd90b47dad6935ff0a58cb3ae5aa86177a4c883b2b1c,results,47b_geo01b_update_geometry_discovery/20260804T083122+0000/analysis/analysis_manifest.json,cbc0d231a660079ba891fd90b47dad6935ff0a58cb3ae5aa86177a4c883b2b1c,selection_anchor,text_identity,supporting
ex47b_geo01b_discovery__analysis_event_summary_csv__a36a84b031,47b_geo01b_update_geometry_discovery,47b_geo01b_update_geometry_discovery,mechanism,accepted_discovery_analysis,directional_geometry_increment_unsupported,supporting_negative_result_not_independent_confirmation,mechanism_closure_input,supporting/ex47b_geo01b/analysis/event_summary.csv,682af064369b58a0f674bbb4d9bc28cf1997bba5fdeef4506f8f65f63f598696,results,47b_geo01b_update_geometry_discovery/20260804T083122+0000/analysis/event_summary.csv,682af064369b58a0f674bbb4d9bc28cf1997bba5fdeef4506f8f65f63f598696,observed_after_record_anchor_verification,text_identity,supporting
ex47b_geo01b_discovery__handoff_manifest_json__4a3b710843,47b_geo01b_update_geometry_discovery,47b_geo01b_update_geometry_discovery,mechanism,accepted_discovery_analysis,directional_geometry_increment_unsupported,supporting_negative_result_not_independent_confirmation,mechanism_closure_input,supporting/ex47b_geo01b/handoff_manifest.json,aa84ef75d854a30410d66b327887d0da2ad7452135340352ca8642d4d855eb02,results,47b_geo01b_update_geometry_discovery/20260804T083122+0000/handoff_manifest.json,0fedf27e450e4be90f302bbd017e02de5477f66c8d34faee254318efbeea47e3,observed_after_record_anchor_verification,package_hash_links_rewritten,supporting
ex47b_geo01b_discovery__preflight_json__065e340169,47b_geo01b_update_geometry_discovery,47b_geo01b_update_geometry_discovery,mechanism,accepted_discovery_analysis,directional_geometry_increment_unsupported,supporting_negative_result_not_independent_confirmation,mechanism_closure_input,supporting/ex47b_geo01b/preflight.json,c650c58d58a9783cf9519ee081f5c262a9449753f6d28577ff0fb6321133a3ce,results,47b_geo01b_update_geometry_discovery/20260804T083122+0000/preflight.json,c650c58d58a9783cf9519ee081f5c262a9449753f6d28577ff0fb6321133a3ce,observed_after_record_anchor_verification,text_identity,supporting
ex47b_geo01b_discovery__run_identity_json__d8f7250ba6,47b_geo01b_update_geometry_discovery,47b_geo01b_update_geometry_discovery,mechanism,accepted_discovery_analysis,directional_geometry_increment_unsupported,supporting_negative_result_not_independent_confirmation,mechanism_closure_input,supporting/ex47b_geo01b/run_identity.json,4bdbfe85bc5bf2d574cf605961f2f6bac6ee19fe0f3ceb4cfbe59a1df4957a7f,results,47b_geo01b_update_geometry_discovery/20260804T083122+0000/run_identity.json,4bdbfe85bc5bf2d574cf605961f2f6bac6ee19fe0f3ceb4cfbe59a1df4957a7f,observed_after_record_anchor_verification,text_identity,supporting
ex47b_geo01b_discovery__runtime_preflight_json__4cbaec59c1,47b_geo01b_update_geometry_discovery,47b_geo01b_update_geometry_discovery,mechanism,accepted_discovery_analysis,directional_geometry_increment_unsupported,supporting_negative_result_not_independent_confirmation,mechanism_closure_input,supporting/ex47b_geo01b/runtime_preflight.json,b150431b438b87406ba12ad97137a15c1560741d0bf0726e8e8ba6d050c5f2e0,results,47b_geo01b_update_geometry_discovery/20260804T083122+0000/runtime_preflight.json,9b821b4315c4ecb70e43dcc91eab6e1d31d48d4a75aac9ac40b569f21a1a5908,observed_after_record_anchor_verification,json_structured_portable_rewrite,supporting
ex47b_geo01b_discovery__sealed_derived_execution_contract_json__4735fa2f33,47b_geo01b_update_geometry_discovery,47b_geo01b_update_geometry_discovery,mechanism,accepted_discovery_analysis,directional_geometry_increment_unsupported,supporting_negative_result_not_independent_confirmation,mechanism_closure_input,supporting/ex47b_geo01b/sealed/derived_execution_contract.json,bacc3e538f9d89f154fd7aba72fedbd873676ddf7bb1016899959b1fc89c0c26,results,47b_geo01b_update_geometry_discovery/20260804T083122+0000/sealed/derived_execution_contract.json,7512f1b762bb66c2d5d83aed8293572face15525ec7363f35084db14b7315719,observed_after_record_anchor_verification,json_structured_portable_rewrite,supporting
ex47b_geo01b_discovery__sealed_discovery_plan_json__71cd91ac5f,47b_geo01b_update_geometry_discovery,47b_geo01b_update_geometry_discovery,mechanism,accepted_discovery_analysis,directional_geometry_increment_unsupported,supporting_negative_result_not_independent_confirmation,mechanism_closure_input,supporting/ex47b_geo01b/sealed/discovery_plan.json,281c705de959762c74347a005f8a1ce308b6cfd12c8edf8493a02420ea9def69,results,47b_geo01b_update_geometry_discovery/20260804T083122+0000/sealed/discovery_plan.json,281c705de959762c74347a005f8a1ce308b6cfd12c8edf8493a02420ea9def69,observed_after_record_anchor_verification,text_identity,supporting
ex47b_geo01b_discovery__sealed_offset_collision_certificate_json__0eaee47493,47b_geo01b_update_geometry_discovery,47b_geo01b_update_geometry_discovery,mechanism,accepted_discovery_analysis,directional_geometry_increment_unsupported,supporting_negative_result_not_independent_confirmation,mechanism_closure_input,supporting/ex47b_geo01b/sealed/offset_collision_certificate.json,a6430ea549abee292da4b9924f612c8b4a457b2eca36911c67ecda028637cfe4,results,47b_geo01b_update_geometry_discovery/20260804T083122+0000/sealed/offset_collision_certificate.json,a6430ea549abee292da4b9924f612c8b4a457b2eca36911c67ecda028637cfe4,observed_after_record_anchor_verification,text_identity,supporting
ex47b_geo01b_discovery__status_json__87a747fca8,47b_geo01b_update_geometry_discovery,47b_geo01b_update_geometry_discovery,mechanism,accepted_discovery_analysis,directional_geometry_increment_unsupported,supporting_negative_result_not_independent_confirmation,mechanism_closure_input,supporting/ex47b_geo01b/status.json,f820805471e9623aaae39dd098ded79beb705015c300cacee0a8410c611fa9a0,results,47b_geo01b_update_geometry_discovery/20260804T083122+0000/status.json,f820805471e9623aaae39dd098ded79beb705015c300cacee0a8410c611fa9a0,observed_after_record_anchor_verification,text_identity,supporting
mdp04_refresh_streaming__20260803T063912_0000_analysis_formal_stream_manifest_json__949e18296f,mdp04_refresh_streaming,mdp04_refresh_streaming,mechanism,computation_complete_numeric_hard_gate_failed,descriptive_partial_only,not_formal_paper_evidence,diagnostic_negative_evidence,supporting/mdp04_refresh_streaming/20260803T063912+0000/analysis/formal_stream_manifest.json,d1ed9298063c93ba6a696d6ad862c36c108d4a2a52746d0557bc691c783fd2b8,results,_shared/analysis/method_deepening_mdp04_refresh_replay/20260803T063912+0000/analysis/formal_stream_manifest.json,17de19a90fbf78386d3f9b0c048d0fd4c8114d3957450cc5e45e7c48a7837c52,observed_after_record_anchor_verification,json_structured_portable_rewrite,supporting
mdp04_refresh_streaming__20260803T063912_0000_analysis_refresh_unit_event_summary_csv__cfa5d7e3dc,mdp04_refresh_streaming,mdp04_refresh_streaming,mechanism,computation_complete_numeric_hard_gate_failed,descriptive_partial_only,not_formal_paper_evidence,diagnostic_negative_evidence,supporting/mdp04_refresh_streaming/20260803T063912+0000/analysis/refresh_unit_event_summary.csv,ed7eb8ff3811c25e54190135add1a487732995d8c13e963f4761b62502737743,results,_shared/analysis/method_deepening_mdp04_refresh_replay/20260803T063912+0000/analysis/refresh_unit_event_summary.csv,ed7eb8ff3811c25e54190135add1a487732995d8c13e963f4761b62502737743,observed_after_record_anchor_verification,text_identity,supporting
mdp04_refresh_streaming__20260803T063912_0000_analysis_refresh_unit_outcomes_csv__393339c587,mdp04_refresh_streaming,mdp04_refresh_streaming,mechanism,computation_complete_numeric_hard_gate_failed,descriptive_partial_only,not_formal_paper_evidence,diagnostic_negative_evidence,supporting/mdp04_refresh_streaming/20260803T063912+0000/analysis/refresh_unit_outcomes.csv,0a432df6a860e2671fd6d9ba23c33bb4f7acc73f849a30778bb4c3d9a68da80e,results,_shared/analysis/method_deepening_mdp04_refresh_replay/20260803T063912+0000/analysis/refresh_unit_outcomes.csv,0a432df6a860e2671fd6d9ba23c33bb4f7acc73f849a30778bb4c3d9a68da80e,observed_after_record_anchor_verification,text_identity,supporting
mdp04_refresh_streaming__20260803T063912_0000_analysis_refresh_validation_slices_csv__da2f1791b8,mdp04_refresh_streaming,mdp04_refresh_streaming,mechanism,computation_complete_numeric_hard_gate_failed,descriptive_partial_only,not_formal_paper_evidence,diagnostic_negative_evidence,supporting/mdp04_refresh_streaming/20260803T063912+0000/analysis/refresh_validation_slices.csv,f2fc7562cfb6161f5dca7b7f34f99c3958071600f74b40861377c37e4fc44bcd,results,_shared/analysis/method_deepening_mdp04_refresh_replay/20260803T063912+0000/analysis/refresh_validation_slices.csv,f2fc7562cfb6161f5dca7b7f34f99c3958071600f74b40861377c37e4fc44bcd,observed_after_record_anchor_verification,text_identity,supporting
mdp04_refresh_streaming__20260803T063912_0000_local_analysis_MDP04_FINAL_LOCAL_AUDIT_md__289d36ac0d,mdp04_refresh_streaming,mdp04_refresh_streaming,mechanism,computation_complete_numeric_hard_gate_failed,descriptive_partial_only,not_formal_paper_evidence,diagnostic_negative_evidence,supporting/mdp04_refresh_streaming/20260803T063912+0000_local_analysis/MDP04_FINAL_LOCAL_AUDIT.md,4b5026cbbfdf98a2e6ace285fb7541a75d2bdacbfe2ead7b1ab5e28314a8f7cb,results,_shared/analysis/method_deepening_mdp04_refresh_replay/20260803T063912+0000_local_analysis/MDP04_FINAL_LOCAL_AUDIT.md,4b5026cbbfdf98a2e6ace285fb7541a75d2bdacbfe2ead7b1ab5e28314a8f7cb,observed_after_record_anchor_verification,text_identity,supporting
mdp04_refresh_streaming__20260803T063912_0000_local_analysis_matrix_loss_associations_csv__34cc33d29c,mdp04_refresh_streaming,mdp04_refresh_streaming,mechanism,computation_complete_numeric_hard_gate_failed,descriptive_partial_only,not_formal_paper_evidence,diagnostic_negative_evidence,supporting/mdp04_refresh_streaming/20260803T063912+0000_local_analysis/matrix_loss_associations.csv,33ae4375d379b4abe1061190002335d36fa49e4bc74af20bddb660a67f556b70,results,_shared/analysis/method_deepening_mdp04_refresh_replay/20260803T063912+0000_local_analysis/matrix_loss_associations.csv,33ae4375d379b4abe1061190002335d36fa49e4bc74af20bddb660a67f556b70,observed_after_record_anchor_verification,text_identity,supporting
mdp04_refresh_streaming__20260803T063912_0000_local_analysis_mdp04_local_analysis_manifest_json__e3b6ff1a2d,mdp04_refresh_streaming,mdp04_refresh_streaming,mechanism,computation_complete_numeric_hard_gate_failed,descriptive_partial_only,not_formal_paper_evidence,diagnostic_negative_evidence,supporting/mdp04_refresh_streaming/20260803T063912+0000_local_analysis/mdp04_local_analysis_manifest.json,d6a2144d1693a93687bf530349f5eaff4c4dff54261097703f7d106f6b286890,results,_shared/analysis/method_deepening_mdp04_refresh_replay/20260803T063912+0000_local_analysis/mdp04_local_analysis_manifest.json,d6a2144d1693a93687bf530349f5eaff4c4dff54261097703f7d106f6b286890,selection_anchor,text_identity,supporting
mdp04_refresh_streaming__20260803T063912_0000_local_analysis_numerical_residual_associations_csv__015256f03f,mdp04_refresh_streaming,mdp04_refresh_streaming,mechanism,computation_complete_numeric_hard_gate_failed,descriptive_partial_only,not_formal_paper_evidence,diagnostic_negative_evidence,supporting/mdp04_refresh_streaming/20260803T063912+0000_local_analysis/numerical_residual_associations.csv,13f1ab62bf2eff0ec6cdef72a109a6a6e6a021fc73110bbe67bb9ddb5de23b50,results,_shared/analysis/method_deepening_mdp04_refresh_replay/20260803T063912+0000_local_analysis/numerical_residual_associations.csv,13f1ab62bf2eff0ec6cdef72a109a6a6e6a021fc73110bbe67bb9ddb5de23b50,observed_after_record_anchor_verification,text_identity,supporting
mdp04_refresh_streaming__20260803T063912_0000_local_analysis_origin_event_summary_csv__59abaa3123,mdp04_refresh_streaming,mdp04_refresh_streaming,mechanism,computation_complete_numeric_hard_gate_failed,descriptive_partial_only,not_formal_paper_evidence,diagnostic_negative_evidence,supporting/mdp04_refresh_streaming/20260803T063912+0000_local_analysis/origin_event_summary.csv,a3ccef0e9ceb794d08e19c8437450af48c29f8d83c990d4d01ce31e2fb641608,results,_shared/analysis/method_deepening_mdp04_refresh_replay/20260803T063912+0000_local_analysis/origin_event_summary.csv,a3ccef0e9ceb794d08e19c8437450af48c29f8d83c990d4d01ce31e2fb641608,observed_after_record_anchor_verification,text_identity,supporting
mdp04_refresh_streaming__20260803T063912_0000_local_analysis_resolvent_by_stage_method_event_layer_csv__8f2613b26d,mdp04_refresh_streaming,mdp04_refresh_streaming,mechanism,computation_complete_numeric_hard_gate_failed,descriptive_partial_only,not_formal_paper_evidence,diagnostic_negative_evidence,supporting/mdp04_refresh_streaming/20260803T063912+0000_local_analysis/resolvent_by_stage_method_event_layer.csv,adf5cdb83c99967210ba797a312a279902b8f2c8f6d60d32f525642f1c85a9b6,results,_shared/analysis/method_deepening_mdp04_refresh_replay/20260803T063912+0000_local_analysis/resolvent_by_stage_method_event_layer.csv,adf5cdb83c99967210ba797a312a279902b8f2c8f6d60d32f525642f1c85a9b6,observed_after_record_anchor_verification,text_identity,supporting
mdp04_refresh_streaming__20260803T063912_0000_local_analysis_resolvent_threshold_failures_csv__0be86545f9,mdp04_refresh_streaming,mdp04_refresh_streaming,mechanism,computation_complete_numeric_hard_gate_failed,descriptive_partial_only,not_formal_paper_evidence,diagnostic_negative_evidence,supporting/mdp04_refresh_streaming/20260803T063912+0000_local_analysis/resolvent_threshold_failures.csv,a00e31878b59a29f727f7aaad2e9ba04a680d95c2fbaa49257a1c27f7c6952cf,results,_shared/analysis/method_deepening_mdp04_refresh_replay/20260803T063912+0000_local_analysis/resolvent_threshold_failures.csv,a00e31878b59a29f727f7aaad2e9ba04a680d95c2fbaa49257a1c27f7c6952cf,observed_after_record_anchor_verification,text_identity,supporting
mdp05_confirmatory_update_shock__20260804T021302_0000_local_acceptance_ACCEPTANCE_AND_SCIENTIFIC_REPORT_md__f65148ed4f,46_mdp05_confirmatory_update_shock,46_mdp05_confirmatory_update_shock,mechanism,accepted_formal_integrity,partial_or_null,claim_eligible_for_loss_shock_only_not_matched_geometry_mediation,confirmatory_boundary_result,supporting/mdp05_confirmatory_update_shock/20260804T021302+0000_local_acceptance/ACCEPTANCE_AND_SCIENTIFIC_REPORT.md,4946098964f12636876c0a9dd8e050daca85d9377bc59402f1c2378c562b02b6,results,_shared/analysis/method_deepening_mdp05_confirmatory_update_shock/20260804T021302+0000_local_acceptance/ACCEPTANCE_AND_SCIENTIFIC_REPORT.md,4946098964f12636876c0a9dd8e050daca85d9377bc59402f1c2378c562b02b6,observed_after_record_anchor_verification,text_identity,supporting
mdp05_confirmatory_update_shock__20260804T021302_0000_local_acceptance_acceptance_summary_json__af4bb0a52d,46_mdp05_confirmatory_update_shock,46_mdp05_confirmatory_update_shock,mechanism,accepted_formal_integrity,partial_or_null,claim_eligible_for_loss_shock_only_not_matched_geometry_mediation,confirmatory_boundary_result,supporting/mdp05_confirmatory_update_shock/20260804T021302+0000_local_acceptance/acceptance_summary.json,225ef2b148e8b66d1e825c3faca7b968a810aa9df996739fd39abd87f2f4de93,results,_shared/analysis/method_deepening_mdp05_confirmatory_update_shock/20260804T021302+0000_local_acceptance/acceptance_summary.json,225ef2b148e8b66d1e825c3faca7b968a810aa9df996739fd39abd87f2f4de93,selection_anchor,text_identity,supporting
mdp05_confirmatory_update_shock__20260804T021302_0000_local_acceptance_accepted_analysis_analysis_manifest_json__50b345b508,46_mdp05_confirmatory_update_shock,46_mdp05_confirmatory_update_shock,mechanism,accepted_formal_integrity,partial_or_null,claim_eligible_for_loss_shock_only_not_matched_geometry_mediation,confirmatory_boundary_result,supporting/mdp05_confirmatory_update_shock/20260804T021302+0000_local_acceptance/accepted_analysis/analysis_manifest.json,6cba65232a6192132f348c8958f940f22ba9cf6892944bfe737c86981924c78d,results,_shared/analysis/method_deepening_mdp05_confirmatory_update_shock/20260804T021302+0000_local_acceptance/accepted_analysis/analysis_manifest.json,6cba65232a6192132f348c8958f940f22ba9cf6892944bfe737c86981924c78d,observed_after_record_anchor_verification,text_identity,supporting
mdp05_confirmatory_update_shock__20260804T021302_0000_local_acceptance_accepted_analysis_float64_slice_calibratio__077869c67a,46_mdp05_confirmatory_update_shock,46_mdp05_confirmatory_update_shock,mechanism,accepted_formal_integrity,partial_or_null,claim_eligible_for_loss_shock_only_not_matched_geometry_mediation,confirmatory_boundary_result,supporting/mdp05_confirmatory_update_shock/20260804T021302+0000_local_acceptance/accepted_analysis/float64_slice_calibration.csv,c0b2b828db3a1be4ea2d55ab0a13b983662b2bf47dab5d70fb17ab1c12c7486e,results,_shared/analysis/method_deepening_mdp05_confirmatory_update_shock/20260804T021302+0000_local_acceptance/accepted_analysis/float64_slice_calibration.csv,c0b2b828db3a1be4ea2d55ab0a13b983662b2bf47dab5d70fb17ab1c12c7486e,observed_after_record_anchor_verification,text_identity,supporting
mdp05_confirmatory_update_shock__20260804T021302_0000_local_acceptance_accepted_analysis_primary_confirmatory_tes__b77256e258,46_mdp05_confirmatory_update_shock,46_mdp05_confirmatory_update_shock,mechanism,accepted_formal_integrity,partial_or_null,claim_eligible_for_loss_shock_only_not_matched_geometry_mediation,confirmatory_boundary_result,supporting/mdp05_confirmatory_update_shock/20260804T021302+0000_local_acceptance/accepted_analysis/primary_confirmatory_tests.csv,7d411f0a786bb8c2d5c0d08059e7fc945805cf82a3be7e8f6d3a3553093cc747,results,_shared/analysis/method_deepening_mdp05_confirmatory_update_shock/20260804T021302+0000_local_acceptance/accepted_analysis/primary_confirmatory_tests.csv,7d411f0a786bb8c2d5c0d08059e7fc945805cf82a3be7e8f6d3a3553093cc747,observed_after_record_anchor_verification,text_identity,supporting
mdp05_confirmatory_update_shock__20260804T021302_0000_local_acceptance_accepted_analysis_resolvent_diagnostics_js__60f9c1e223,46_mdp05_confirmatory_update_shock,46_mdp05_confirmatory_update_shock,mechanism,accepted_formal_integrity,partial_or_null,claim_eligible_for_loss_shock_only_not_matched_geometry_mediation,confirmatory_boundary_result,supporting/mdp05_confirmatory_update_shock/20260804T021302+0000_local_acceptance/accepted_analysis/resolvent_diagnostics.json,39fe3737d6c2c9234f7a3c9e09ba40171735cc33d79a0a9a21035f3c265c71cd,results,_shared/analysis/method_deepening_mdp05_confirmatory_update_shock/20260804T021302+0000_local_acceptance/accepted_analysis/resolvent_diagnostics.json,39fe3737d6c2c9234f7a3c9e09ba40171735cc33d79a0a9a21035f3c265c71cd,observed_after_record_anchor_verification,text_identity,supporting
mdp05_confirmatory_update_shock__20260804T021302_0000_local_acceptance_accepted_analysis_supportive_auc_associati__9da232683f,46_mdp05_confirmatory_update_shock,46_mdp05_confirmatory_update_shock,mechanism,accepted_formal_integrity,partial_or_null,claim_eligible_for_loss_shock_only_not_matched_geometry_mediation,confirmatory_boundary_result,supporting/mdp05_confirmatory_update_shock/20260804T021302+0000_local_acceptance/accepted_analysis/supportive_auc_associations.csv,ccac921e9a995fc803290ebb2aba2c744b97f4deffdd3bb14f7990b29c58b2fe,results,_shared/analysis/method_deepening_mdp05_confirmatory_update_shock/20260804T021302+0000_local_acceptance/accepted_analysis/supportive_auc_associations.csv,ccac921e9a995fc803290ebb2aba2c744b97f4deffdd3bb14f7990b29c58b2fe,observed_after_record_anchor_verification,text_identity,supporting
mdp05_confirmatory_update_shock__20260804T021302_0000_local_acceptance_accepted_analysis_unit_event_joined_csv__1e41b2a740,46_mdp05_confirmatory_update_shock,46_mdp05_confirmatory_update_shock,mechanism,accepted_formal_integrity,partial_or_null,claim_eligible_for_loss_shock_only_not_matched_geometry_mediation,confirmatory_boundary_result,supporting/mdp05_confirmatory_update_shock/20260804T021302+0000_local_acceptance/accepted_analysis/unit_event_joined.csv,55f090043f8f0e2d251487175d1fef7ed0567fef8c745f1a620f2c6b2166714e,results,_shared/analysis/method_deepening_mdp05_confirmatory_update_shock/20260804T021302+0000_local_acceptance/accepted_analysis/unit_event_joined.csv,55f090043f8f0e2d251487175d1fef7ed0567fef8c745f1a620f2c6b2166714e,observed_after_record_anchor_verification,text_identity,supporting
mdp05_confirmatory_update_shock__20260804T021302_0000_local_acceptance_accepted_analysis_unit_inventory_csv__0b68996460,46_mdp05_confirmatory_update_shock,46_mdp05_confirmatory_update_shock,mechanism,accepted_formal_integrity,partial_or_null,claim_eligible_for_loss_shock_only_not_matched_geometry_mediation,confirmatory_boundary_result,supporting/mdp05_confirmatory_update_shock/20260804T021302+0000_local_acceptance/accepted_analysis/unit_inventory.csv,ddb883dc5a15597c501af42db9d8755b422cb23c7ab0868152bdbbfdc0c410f1,results,_shared/analysis/method_deepening_mdp05_confirmatory_update_shock/20260804T021302+0000_local_acceptance/accepted_analysis/unit_inventory.csv,40a57727a9e00b8f62995c24e2ec22f0265452dfceb721dda5121ba5fb31f154,observed_after_record_anchor_verification,submission_sanitized,supporting
ex38_frozen_mechanism_inputs__01_scale_up_24L_module_bridge_20260715_summaries_bridge_run_summary_csv__2e769cc8ea,,01_scale_up;04_dataset_generalization;06_kstate_spectrum;27_mech01_unified_k_diagnostics;30_mech02_k_geometry;31_mech03_crossfit_shadow;33_mech06_llama1b_confirmation;35_mech07_llama1b_family_contrast;36_mech08_short_horizon_rollout,,hash_graph_anchored,frozen_inputs_for_unified_mechanism_synthesis,supporting_only,compact_inputs_for_experiments_01_04_06_27_30_31_33_35_36,supporting/mechanism_source_inputs/01_scale_up/bridge_run_summary__2e769cc8ea.csv,4dd2f6618fc6aff190e3c5d9fa56e41cd1b732c18e594fb7e137ae13e02522a4,results,01_scale_up/24L_module_bridge_20260715/summaries/bridge_run_summary.csv,4dd2f6618fc6aff190e3c5d9fa56e41cd1b732c18e594fb7e137ae13e02522a4,selection_anchor,text_identity,
ex38_frozen_mechanism_inputs__01_scale_up_24L_12k_lrdecay3k_mulr001_multiseed_20260713_summaries_run_summary_c__8af6098667,,01_scale_up;04_dataset_generalization;06_kstate_spectrum;27_mech01_unified_k_diagnostics;30_mech02_k_geometry;31_mech03_crossfit_shadow;33_mech06_llama1b_confirmation;35_mech07_llama1b_family_contrast;36_mech08_short_horizon_rollout,,hash_graph_anchored,frozen_inputs_for_unified_mechanism_synthesis,supporting_only,compact_inputs_for_experiments_01_04_06_27_30_31_33_35_36,supporting/mechanism_source_inputs/01_scale_up/run_summary__8af6098667.csv,020c046f22f678d39dd258f56e38c8dac6d07b5f08afcf7e4e4389ed15b22ffa,results,01_scale_up/24L_12k_lrdecay3k_mulr001_multiseed_20260713/summaries/run_summary.csv,020c046f22f678d39dd258f56e38c8dac6d07b5f08afcf7e4e4389ed15b22ffa,selection_anchor,text_identity,
ex38_frozen_mechanism_inputs__04_dataset_generalization_wikitext103_24L_module_bridge_20260715_summaries_bridg__bb5d7d5372,,01_scale_up;04_dataset_generalization;06_kstate_spectrum;27_mech01_unified_k_diagnostics;30_mech02_k_geometry;31_mech03_crossfit_shadow;33_mech06_llama1b_confirmation;35_mech07_llama1b_family_contrast;36_mech08_short_horizon_rollout,,hash_graph_anchored,frozen_inputs_for_unified_mechanism_synthesis,supporting_only,compact_inputs_for_experiments_01_04_06_27_30_31_33_35_36,supporting/mechanism_source_inputs/04_dataset_generalization/bridge_run_summary__bb5d7d5372.csv,95f33a47fb3345130c43cc5e12eeeab7ec5451727435ec9f3e1c9151b2dbb052,results,04_dataset_generalization/wikitext103_24L_module_bridge_20260715/summaries/bridge_run_summary.csv,95f33a47fb3345130c43cc5e12eeeab7ec5451727435ec9f3e1c9151b2dbb052,selection_anchor,text_identity,
ex38_frozen_mechanism_inputs__04_dataset_generalization_wikitext103_24L_12k_lr_sweep_multiseed_20260715_summar__69c15a1083,,01_scale_up;04_dataset_generalization;06_kstate_spectrum;27_mech01_unified_k_diagnostics;30_mech02_k_geometry;31_mech03_crossfit_shadow;33_mech06_llama1b_confirmation;35_mech07_llama1b_family_contrast;36_mech08_short_horizon_rollout,,hash_graph_anchored,frozen_inputs_for_unified_mechanism_synthesis,supporting_only,compact_inputs_for_experiments_01_04_06_27_30_31_33_35_36,supporting/mechanism_source_inputs/04_dataset_generalization/run_summary__69c15a1083.csv,2ad5bdd8b16b31f154dbf55f04f2454929f52197e180bcfc12300c0be7fd3288,results,04_dataset_generalization/wikitext103_24L_12k_lr_sweep_multiseed_20260715/summaries/run_summary.csv,2ad5bdd8b16b31f154dbf55f04f2454929f52197e180bcfc12300c0be7fd3288,selection_anchor,text_identity,
ex38_frozen_mechanism_inputs__06_kstate_spectrum_summaries_combined_all_seeds_comparison_csv__f9c96f6cca,,01_scale_up;04_dataset_generalization;06_kstate_spectrum;27_mech01_unified_k_diagnostics;30_mech02_k_geometry;31_mech03_crossfit_shadow;33_mech06_llama1b_confirmation;35_mech07_llama1b_family_contrast;36_mech08_short_horizon_rollout,,hash_graph_anchored,frozen_inputs_for_unified_mechanism_synthesis,supporting_only,compact_inputs_for_experiments_01_04_06_27_30_31_33_35_36,supporting/mechanism_source_inputs/06_kstate_spectrum/combined_all_seeds_comparison__f9c96f6cca.csv,5d6a6c72f123480ad656f23fcd07bda1d4258ca717efa4bdbddce50079482f79,results,06_kstate_spectrum/summaries/combined_all_seeds_comparison.csv,5d6a6c72f123480ad656f23fcd07bda1d4258ca717efa4bdbddce50079482f79,selection_anchor,text_identity,
ex38_frozen_mechanism_inputs__06_kstate_spectrum_analysis_wikitext_dual_alpha_20260724_wikitext_dual_alpha_run__b988d6f823,,01_scale_up;04_dataset_generalization;06_kstate_spectrum;27_mech01_unified_k_diagnostics;30_mech02_k_geometry;31_mech03_crossfit_shadow;33_mech06_llama1b_confirmation;35_mech07_llama1b_family_contrast;36_mech08_short_horizon_rollout,,hash_graph_anchored,frozen_inputs_for_unified_mechanism_synthesis,supporting_only,compact_inputs_for_experiments_01_04_06_27_30_31_33_35_36,supporting/mechanism_source_inputs/06_kstate_spectrum/wikitext_dual_alpha_run_summary__b988d6f823.csv,f437feae69c3b4a71a9b976875944cc16de7612d6511771e4d2182a8c0b63cf7,results,06_kstate_spectrum/analysis/wikitext_dual_alpha_20260724/wikitext_dual_alpha_run_summary.csv,f437feae69c3b4a71a9b976875944cc16de7612d6511771e4d2182a8c0b63cf7,selection_anchor,text_identity,
ex38_frozen_mechanism_inputs__22_r1_block_alpha_analysis_wandb_20260729_multiseed_confirmation_final_acceptanc__2217b9836f,,01_scale_up;04_dataset_generalization;06_kstate_spectrum;27_mech01_unified_k_diagnostics;30_mech02_k_geometry;31_mech03_crossfit_shadow;33_mech06_llama1b_confirmation;35_mech07_llama1b_family_contrast;36_mech08_short_horizon_rollout,,hash_graph_anchored,frozen_inputs_for_unified_mechanism_synthesis,supporting_only,compact_inputs_for_experiments_01_04_06_27_30_31_33_35_36,supporting/mechanism_source_inputs/22_r1_block_alpha/final_acceptance__2217b9836f.json,3ee45db00eda77495754149d33fc9975af1c1066448a78a9f9fdeade7b9b6c13,results,22_r1_block_alpha/analysis/wandb_20260729_multiseed_confirmation/final_acceptance.json,3ee45db00eda77495754149d33fc9975af1c1066448a78a9f9fdeade7b9b6c13,selection_anchor,text_identity,
ex38_frozen_mechanism_inputs__22_r1_block_alpha_analysis_wandb_20260729_multiseed_confirmation_seed_curvature___ce85bd629e,,01_scale_up;04_dataset_generalization;06_kstate_spectrum;27_mech01_unified_k_diagnostics;30_mech02_k_geometry;31_mech03_crossfit_shadow;33_mech06_llama1b_confirmation;35_mech07_llama1b_family_contrast;36_mech08_short_horizon_rollout,,hash_graph_anchored,frozen_inputs_for_unified_mechanism_synthesis,supporting_only,compact_inputs_for_experiments_01_04_06_27_30_31_33_35_36,supporting/mechanism_source_inputs/22_r1_block_alpha/seed_curvature__ce85bd629e.csv,72f3457f534c9003b9287a4ef353c16c7a0b0e1036612b195fc1397e8cb53c3d,results,22_r1_block_alpha/analysis/wandb_20260729_multiseed_confirmation/seed_curvature.csv,72f3457f534c9003b9287a4ef353c16c7a0b0e1036612b195fc1397e8cb53c3d,selection_anchor,text_identity,
ex38_frozen_mechanism_inputs__24_r1_dense_full_alpha_analysis_wandb_20260729_multiseed_confirmation_final_audi__d14c82ca1b,,01_scale_up;04_dataset_generalization;06_kstate_spectrum;27_mech01_unified_k_diagnostics;30_mech02_k_geometry;31_mech03_crossfit_shadow;33_mech06_llama1b_confirmation;35_mech07_llama1b_family_contrast;36_mech08_short_horizon_rollout,,hash_graph_anchored,frozen_inputs_for_unified_mechanism_synthesis,supporting_only,compact_inputs_for_experiments_01_04_06_27_30_31_33_35_36,supporting/mechanism_source_inputs/24_r1_dense_full_alpha/final_audit_manifest__d14c82ca1b.json,7daf059839fa1447185135366afb127dc7871db0c5ccd3ebd9b1e1d940c6c658,results,24_r1_dense_full_alpha/analysis/wandb_20260729_multiseed_confirmation/final_audit_manifest.json,5f1858d7b380991373b169b0cbb9de5448c5fa875d420b160563adafef2b1c88,selection_anchor,package_hash_links_rewritten,
ex38_frozen_mechanism_inputs__24_r1_dense_full_alpha_analysis_wandb_20260729_multiseed_confirmation_final_impo__eadcaa039e,,01_scale_up;04_dataset_generalization;06_kstate_spectrum;27_mech01_unified_k_diagnostics;30_mech02_k_geometry;31_mech03_crossfit_shadow;33_mech06_llama1b_confirmation;35_mech07_llama1b_family_contrast;36_mech08_short_horizon_rollout,,hash_graph_anchored,frozen_inputs_for_unified_mechanism_synthesis,supporting_only,compact_inputs_for_experiments_01_04_06_27_30_31_33_35_36,supporting/mechanism_source_inputs/24_r1_dense_full_alpha/final_important_results__eadcaa039e.json,2326a73444b52007f3a90f4974019b0d4a96ffb2cca87dd58110f50f7af6c513,results,24_r1_dense_full_alpha/analysis/wandb_20260729_multiseed_confirmation/final_important_results.json,2326a73444b52007f3a90f4974019b0d4a96ffb2cca87dd58110f50f7af6c513,selection_anchor,text_identity,
ex38_frozen_mechanism_inputs__24_r1_dense_full_alpha_analysis_wandb_20260729_multiseed_confirmation_seed_curva__3f41652cec,,01_scale_up;04_dataset_generalization;06_kstate_spectrum;27_mech01_unified_k_diagnostics;30_mech02_k_geometry;31_mech03_crossfit_shadow;33_mech06_llama1b_confirmation;35_mech07_llama1b_family_contrast;36_mech08_short_horizon_rollout,,hash_graph_anchored,frozen_inputs_for_unified_mechanism_synthesis,supporting_only,compact_inputs_for_experiments_01_04_06_27_30_31_33_35_36,supporting/mechanism_source_inputs/24_r1_dense_full_alpha/seed_curvature__3f41652cec.csv,af0c228311dd496a38d775c23ac9e2ea574509962cd366750fc56a1f2ae077ba,results,24_r1_dense_full_alpha/analysis/wandb_20260729_multiseed_confirmation/seed_curvature.csv,af0c228311dd496a38d775c23ac9e2ea574509962cd366750fc56a1f2ae077ba,selection_anchor,text_identity,
ex38_frozen_mechanism_inputs__27_mech01_unified_k_diagnostics_handoff_audit_mech01_r1_20260727T030657_20260727__55664a9c61,,01_scale_up;04_dataset_generalization;06_kstate_spectrum;27_mech01_unified_k_diagnostics;30_mech02_k_geometry;31_mech03_crossfit_shadow;33_mech06_llama1b_confirmation;35_mech07_llama1b_family_contrast;36_mech08_short_horizon_rollout,,hash_graph_anchored,frozen_inputs_for_unified_mechanism_synthesis,supporting_only,compact_inputs_for_experiments_01_04_06_27_30_31_33_35_36,supporting/mechanism_source_inputs/27_mech01_unified_k_diagnostics/mech01_manifest__55664a9c61.json,3352aefc55fba1237e942a53b98dc6cfd48fb24f4e7816e0115a7b53b8859e49,results,27_mech01_unified_k_diagnostics/handoff_audit/mech01_r1_20260727T030657/20260727T030657+0000/numerical_smoke/mech01_manifest.json,c3f1281b8a5da2999e7e5f4ac108b09a8e32f32e682df80ca065298cb1f01f7f,selection_anchor,json_structured_portable_rewrite,
ex38_frozen_mechanism_inputs__27_mech01_unified_k_diagnostics_handoff_audit_mech01_llama_host_remaining_202607__8b992730ea,,01_scale_up;04_dataset_generalization;06_kstate_spectrum;27_mech01_unified_k_diagnostics;30_mech02_k_geometry;31_mech03_crossfit_shadow;33_mech06_llama1b_confirmation;35_mech07_llama1b_family_contrast;36_mech08_short_horizon_rollout,,hash_graph_anchored,frozen_inputs_for_unified_mechanism_synthesis,supporting_only,compact_inputs_for_experiments_01_04_06_27_30_31_33_35_36,supporting/mechanism_source_inputs/27_mech01_unified_k_diagnostics/mech01_manifest__8b992730ea.json,aa1284280e38ba6975b3ca87f96282deb3942453877b580e74db5c847708fc32,results,27_mech01_unified_k_diagnostics/handoff_audit/mech01_llama_host_remaining_20260727T045443/20260727T045443+0000/llama1b_seed2026_down_none6200/numerical_smoke/mech01_manifest.json,1d91fd51a87b06e34bd92ed1d18d46fc9afe289f76e4d34cbe86075106ca3a3c,selection_anchor,json_structured_portable_rewrite,
ex38_frozen_mechanism_inputs__27_mech01_unified_k_diagnostics_handoff_audit_mech01_llama_host_remaining_202607__9dce17b4e3,,01_scale_up;04_dataset_generalization;06_kstate_spectrum;27_mech01_unified_k_diagnostics;30_mech02_k_geometry;31_mech03_crossfit_shadow;33_mech06_llama1b_confirmation;35_mech07_llama1b_family_contrast;36_mech08_short_horizon_rollout,,hash_graph_anchored,frozen_inputs_for_unified_mechanism_synthesis,supporting_only,compact_inputs_for_experiments_01_04_06_27_30_31_33_35_36,supporting/mechanism_source_inputs/27_mech01_unified_k_diagnostics/mech01_manifest__9dce17b4e3.json,28e7114101d12593cdbe0f7080ce800b81a8bd73376d3e5d4aa3ef1a50decc9a,results,27_mech01_unified_k_diagnostics/handoff_audit/mech01_llama_host_remaining_20260727T045443/20260727T045443+0000/llama124_seed2026_down_none6200/numerical_smoke/mech01_manifest.json,dc67e5716c670f162aa2818d80f4187411357958491491d5fe588029829ca1e9,selection_anchor,json_structured_portable_rewrite,
ex38_frozen_mechanism_inputs__27_mech01_unified_k_diagnostics_handoff_audit_mech01_r1_20260727T030657_replay_d__ad1dfa93c0,,01_scale_up;04_dataset_generalization;06_kstate_spectrum;27_mech01_unified_k_diagnostics;30_mech02_k_geometry;31_mech03_crossfit_shadow;33_mech06_llama1b_confirmation;35_mech07_llama1b_family_contrast;36_mech08_short_horizon_rollout,,hash_graph_anchored,frozen_inputs_for_unified_mechanism_synthesis,supporting_only,compact_inputs_for_experiments_01_04_06_27_30_31_33_35_36,supporting/mechanism_source_inputs/27_mech01_unified_k_diagnostics/mech01_manifest__ad1dfa93c0.json,87f5275cc0adf66566e28cd6e0f60cf37edd9423813c680f0fea2f0444d2f7d2,results,27_mech01_unified_k_diagnostics/handoff_audit/mech01_r1_20260727T030657/replay_delivery_llama_compare/runtime_equivalence_r1_vs_llama/mech01_manifest.json,8ce28268a6c7114b357321e6571fe1c8594b38759537879beed480a9280def94,selection_anchor,json_structured_portable_rewrite,
ex38_frozen_mechanism_inputs__27_mech01_unified_k_diagnostics_handoff_audit_mech01_llama_host_remaining_202607__b3a66aadaf,,01_scale_up;04_dataset_generalization;06_kstate_spectrum;27_mech01_unified_k_diagnostics;30_mech02_k_geometry;31_mech03_crossfit_shadow;33_mech06_llama1b_confirmation;35_mech07_llama1b_family_contrast;36_mech08_short_horizon_rollout,,hash_graph_anchored,frozen_inputs_for_unified_mechanism_synthesis,supporting_only,compact_inputs_for_experiments_01_04_06_27_30_31_33_35_36,supporting/mechanism_source_inputs/27_mech01_unified_k_diagnostics/mech01_manifest__b3a66aadaf.json,b5f68973dfbe2364f780f840670af1081a49370567a3f17dbeb79dc6257e5901,results,27_mech01_unified_k_diagnostics/handoff_audit/mech01_llama_host_remaining_20260727T045443/20260727T045443+0000/gpt_bridge_seed2026_none6200/numerical_smoke/mech01_manifest.json,a851cd40a36dcc055af2857fedf2d1f98bc6cb234081a0c6a2d8f7dca79a3252,selection_anchor,json_structured_portable_rewrite,
ex38_frozen_mechanism_inputs__30_mech02_k_geometry_endpoint_20260727_analysis_analysis_analysis_manifest_json__b4916b9dae,,01_scale_up;04_dataset_generalization;06_kstate_spectrum;27_mech01_unified_k_diagnostics;30_mech02_k_geometry;31_mech03_crossfit_shadow;33_mech06_llama1b_confirmation;35_mech07_llama1b_family_contrast;36_mech08_short_horizon_rollout,,hash_graph_anchored,frozen_inputs_for_unified_mechanism_synthesis,supporting_only,compact_inputs_for_experiments_01_04_06_27_30_31_33_35_36,supporting/mechanism_source_inputs/30_mech02_k_geometry/analysis_manifest__b4916b9dae.json,6ed7d9090444cc87c1468caddb882feaabfc1139ef7c12f86a2522e21588df35,results,30_mech02_k_geometry/endpoint_20260727_analysis/analysis/analysis_manifest.json,6ed7d9090444cc87c1468caddb882feaabfc1139ef7c12f86a2522e21588df35,selection_anchor,text_identity,
ex38_frozen_mechanism_inputs__30_mech02_k_geometry_endpoint_20260727_analysis_analysis_geometry_gate_json__5ef88c7c6c,,01_scale_up;04_dataset_generalization;06_kstate_spectrum;27_mech01_unified_k_diagnostics;30_mech02_k_geometry;31_mech03_crossfit_shadow;33_mech06_llama1b_confirmation;35_mech07_llama1b_family_contrast;36_mech08_short_horizon_rollout,,hash_graph_anchored,frozen_inputs_for_unified_mechanism_synthesis,supporting_only,compact_inputs_for_experiments_01_04_06_27_30_31_33_35_36,supporting/mechanism_source_inputs/30_mech02_k_geometry/geometry_gate__5ef88c7c6c.json,32f74ec7e6b3644a1fdb6727cef273e661825e753fa78d579d91ea6091528a62,results,30_mech02_k_geometry/endpoint_20260727_analysis/analysis/geometry_gate.json,32f74ec7e6b3644a1fdb6727cef273e661825e753fa78d579d91ea6091528a62,selection_anchor,text_identity,
ex38_frozen_mechanism_inputs__30_mech02_k_geometry_endpoint_20260727_analysis_analysis_primary_cross_architect__057be99ca2,,01_scale_up;04_dataset_generalization;06_kstate_spectrum;27_mech01_unified_k_diagnostics;30_mech02_k_geometry;31_mech03_crossfit_shadow;33_mech06_llama1b_confirmation;35_mech07_llama1b_family_contrast;36_mech08_short_horizon_rollout,,hash_graph_anchored,frozen_inputs_for_unified_mechanism_synthesis,supporting_only,compact_inputs_for_experiments_01_04_06_27_30_31_33_35_36,supporting/mechanism_source_inputs/30_mech02_k_geometry/primary_cross_architecture__057be99ca2.csv,82d95b82f18d2d55193be947e0bb2833eae63f258f8f089e7553556ba2c4bb12,results,30_mech02_k_geometry/endpoint_20260727_analysis/analysis/primary_cross_architecture.csv,82d95b82f18d2d55193be947e0bb2833eae63f258f8f089e7553556ba2c4bb12,selection_anchor,text_identity,
ex38_frozen_mechanism_inputs__31_mech03_crossfit_shadow_endpoint_20260727_analysis_analysis_analysis_manifest___18d9011827,,01_scale_up;04_dataset_generalization;06_kstate_spectrum;27_mech01_unified_k_diagnostics;30_mech02_k_geometry;31_mech03_crossfit_shadow;33_mech06_llama1b_confirmation;35_mech07_llama1b_family_contrast;36_mech08_short_horizon_rollout,,hash_graph_anchored,frozen_inputs_for_unified_mechanism_synthesis,supporting_only,compact_inputs_for_experiments_01_04_06_27_30_31_33_35_36,supporting/mechanism_source_inputs/31_mech03_crossfit_shadow/analysis_manifest__18d9011827.json,7ee1e3667eda0b18b443bc45393c529c119c3144b749d815a446b5dd1f72025a,results,31_mech03_crossfit_shadow/endpoint_20260727_analysis/analysis/analysis_manifest.json,7ee1e3667eda0b18b443bc45393c529c119c3144b749d815a446b5dd1f72025a,selection_anchor,text_identity,
ex38_frozen_mechanism_inputs__31_mech03_crossfit_shadow_endpoint_20260727_analysis_analysis_prediction_gate_js__60eb278ddb,,01_scale_up;04_dataset_generalization;06_kstate_spectrum;27_mech01_unified_k_diagnostics;30_mech02_k_geometry;31_mech03_crossfit_shadow;33_mech06_llama1b_confirmation;35_mech07_llama1b_family_contrast;36_mech08_short_horizon_rollout,,hash_graph_anchored,frozen_inputs_for_unified_mechanism_synthesis,supporting_only,compact_inputs_for_experiments_01_04_06_27_30_31_33_35_36,supporting/mechanism_source_inputs/31_mech03_crossfit_shadow/prediction_gate__60eb278ddb.json,fd6db01138cd417550575050fc1708f668aa356b1ac25e0133a9e72c8b5fc662,results,31_mech03_crossfit_shadow/endpoint_20260727_analysis/analysis/prediction_gate.json,fd6db01138cd417550575050fc1708f668aa356b1ac25e0133a9e72c8b5fc662,selection_anchor,text_identity,
ex38_frozen_mechanism_inputs__31_mech03_crossfit_shadow_endpoint_20260727_analysis_analysis_primary_paired_cel__a28e97f824,,01_scale_up;04_dataset_generalization;06_kstate_spectrum;27_mech01_unified_k_diagnostics;30_mech02_k_geometry;31_mech03_crossfit_shadow;33_mech06_llama1b_confirmation;35_mech07_llama1b_family_contrast;36_mech08_short_horizon_rollout,,hash_graph_anchored,frozen_inputs_for_unified_mechanism_synthesis,supporting_only,compact_inputs_for_experiments_01_04_06_27_30_31_33_35_36,supporting/mechanism_source_inputs/31_mech03_crossfit_shadow/primary_paired_cells__a28e97f824.csv,d3100d19cdc8d527a1521179cc48ee71f7a8a4b36fa119fb12caae0ae4a1b7e5,results,31_mech03_crossfit_shadow/endpoint_20260727_analysis/analysis/primary_paired_cells.csv,d3100d19cdc8d527a1521179cc48ee71f7a8a4b36fa119fb12caae0ae4a1b7e5,selection_anchor,text_identity,
ex38_frozen_mechanism_inputs__33_mech06_llama1b_confirmation_20260727T073047_0000_analysis_checkpoint_summary___4e639ae02f,,01_scale_up;04_dataset_generalization;06_kstate_spectrum;27_mech01_unified_k_diagnostics;30_mech02_k_geometry;31_mech03_crossfit_shadow;33_mech06_llama1b_confirmation;35_mech07_llama1b_family_contrast;36_mech08_short_horizon_rollout,,hash_graph_anchored,frozen_inputs_for_unified_mechanism_synthesis,supporting_only,compact_inputs_for_experiments_01_04_06_27_30_31_33_35_36,supporting/mechanism_source_inputs/33_mech06_llama1b_confirmation/checkpoint_summary__4e639ae02f.csv,aaa429d40560baaf1fa8a5e73063ae2166666ae19698e5cbf7242fa13ca1fe4e,results,33_mech06_llama1b_confirmation/20260727T073047+0000/analysis/checkpoint_summary.csv,aaa429d40560baaf1fa8a5e73063ae2166666ae19698e5cbf7242fa13ca1fe4e,selection_anchor,text_identity,
ex38_frozen_mechanism_inputs__33_mech06_llama1b_confirmation_20260727T073047_0000_analysis_mech06_analysis_man__989aab3cef,,01_scale_up;04_dataset_generalization;06_kstate_spectrum;27_mech01_unified_k_diagnostics;30_mech02_k_geometry;31_mech03_crossfit_shadow;33_mech06_llama1b_confirmation;35_mech07_llama1b_family_contrast;36_mech08_short_horizon_rollout,,hash_graph_anchored,frozen_inputs_for_unified_mechanism_synthesis,supporting_only,compact_inputs_for_experiments_01_04_06_27_30_31_33_35_36,supporting/mechanism_source_inputs/33_mech06_llama1b_confirmation/mech06_analysis_manifest__989aab3cef.json,ec23f3dac27b5f8f582688f53015d8e5f53c30de64a8e1aea09942fc29212d0c,results,33_mech06_llama1b_confirmation/20260727T073047+0000/analysis/mech06_analysis_manifest.json,ec23f3dac27b5f8f582688f53015d8e5f53c30de64a8e1aea09942fc29212d0c,selection_anchor,text_identity,
ex38_frozen_mechanism_inputs__33_mech06_llama1b_confirmation_20260727T073047_0000_analysis_trajectory_predicti__2d0f417ac9,,01_scale_up;04_dataset_generalization;06_kstate_spectrum;27_mech01_unified_k_diagnostics;30_mech02_k_geometry;31_mech03_crossfit_shadow;33_mech06_llama1b_confirmation;35_mech07_llama1b_family_contrast;36_mech08_short_horizon_rollout,,hash_graph_anchored,frozen_inputs_for_unified_mechanism_synthesis,supporting_only,compact_inputs_for_experiments_01_04_06_27_30_31_33_35_36,supporting/mechanism_source_inputs/33_mech06_llama1b_confirmation/trajectory_prediction__2d0f417ac9.json,551d0cb2a2c366c6b65b6f0db772e67a1f2ed49d81a2c2be7b820c8e7697bfe7,results,33_mech06_llama1b_confirmation/20260727T073047+0000/analysis/trajectory_prediction.json,551d0cb2a2c366c6b65b6f0db772e67a1f2ed49d81a2c2be7b820c8e7697bfe7,selection_anchor,text_identity,
ex38_frozen_mechanism_inputs__34_selective_primary_comparison_20260727T083000_0000_primary_analysis_manifest_j__87aeb3aa29,,01_scale_up;04_dataset_generalization;06_kstate_spectrum;27_mech01_unified_k_diagnostics;30_mech02_k_geometry;31_mech03_crossfit_shadow;33_mech06_llama1b_confirmation;35_mech07_llama1b_family_contrast;36_mech08_short_horizon_rollout,,hash_graph_anchored,frozen_inputs_for_unified_mechanism_synthesis,supporting_only,compact_inputs_for_experiments_01_04_06_27_30_31_33_35_36,supporting/mechanism_source_inputs/34_selective_primary_comparison/primary_analysis_manifest__87aeb3aa29.json,73587cb8f2c57b992aeb930443eb1137bad6c5a776e2e327f016082b6fee4f92,results,34_selective_primary_comparison/20260727T083000+0000/primary_analysis_manifest.json,73587cb8f2c57b992aeb930443eb1137bad6c5a776e2e327f016082b6fee4f92,selection_anchor,text_identity,
ex38_frozen_mechanism_inputs__34_selective_primary_comparison_20260727T083000_0000_primary_contrasts_summary_c__1c1e2e4a28,,01_scale_up;04_dataset_generalization;06_kstate_spectrum;27_mech01_unified_k_diagnostics;30_mech02_k_geometry;31_mech03_crossfit_shadow;33_mech06_llama1b_confirmation;35_mech07_llama1b_family_contrast;36_mech08_short_horizon_rollout,,hash_graph_anchored,frozen_inputs_for_unified_mechanism_synthesis,supporting_only,compact_inputs_for_experiments_01_04_06_27_30_31_33_35_36,supporting/mechanism_source_inputs/34_selective_primary_comparison/primary_contrasts_summary__1c1e2e4a28.csv,f17d484ab6613a1b2a661e461b2a614921f0c5a2f3bc3c69364e484694ed69a4,results,34_selective_primary_comparison/20260727T083000+0000/primary_contrasts_summary.csv,f17d484ab6613a1b2a661e461b2a614921f0c5a2f3bc3c69364e484694ed69a4,selection_anchor,text_identity,
ex38_frozen_mechanism_inputs__35_mech07_llama1b_family_contrast_20260727T083446_0000_analysis_mech07_analysis___154941b8e9,,01_scale_up;04_dataset_generalization;06_kstate_spectrum;27_mech01_unified_k_diagnostics;30_mech02_k_geometry;31_mech03_crossfit_shadow;33_mech06_llama1b_confirmation;35_mech07_llama1b_family_contrast;36_mech08_short_horizon_rollout,,hash_graph_anchored,frozen_inputs_for_unified_mechanism_synthesis,supporting_only,compact_inputs_for_experiments_01_04_06_27_30_31_33_35_36,supporting/mechanism_source_inputs/35_mech07_llama1b_family_contrast/mech07_analysis_manifest__154941b8e9.json,a5b0b8d107914d4b2fa778100bc0287904e7282d0ecb3a07c01f024d483474f5,results,35_mech07_llama1b_family_contrast/20260727T083446+0000/analysis/mech07_analysis_manifest.json,a5b0b8d107914d4b2fa778100bc0287904e7282d0ecb3a07c01f024d483474f5,selection_anchor,text_identity,
ex38_frozen_mechanism_inputs__35_mech07_llama1b_family_contrast_20260727T083446_0000_analysis_stage_contrast_s__881ec5d743,,01_scale_up;04_dataset_generalization;06_kstate_spectrum;27_mech01_unified_k_diagnostics;30_mech02_k_geometry;31_mech03_crossfit_shadow;33_mech06_llama1b_confirmation;35_mech07_llama1b_family_contrast;36_mech08_short_horizon_rollout,,hash_graph_anchored,frozen_inputs_for_unified_mechanism_synthesis,supporting_only,compact_inputs_for_experiments_01_04_06_27_30_31_33_35_36,supporting/mechanism_source_inputs/35_mech07_llama1b_family_contrast/stage_contrast_summary__881ec5d743.csv,fa22cdc318ffa9a8e0d3ebc6d7eab4a4f721466af1a6a4d9a932acfdd86b743c,results,35_mech07_llama1b_family_contrast/20260727T083446+0000/analysis/stage_contrast_summary.csv,fa22cdc318ffa9a8e0d3ebc6d7eab4a4f721466af1a6a4d9a932acfdd86b743c,selection_anchor,text_identity,
ex38_frozen_mechanism_inputs__36_mech08_short_horizon_rollout_20260727T102506_0000_analysis_mech08_analysis_ma__4fd5e555f8,,01_scale_up;04_dataset_generalization;06_kstate_spectrum;27_mech01_unified_k_diagnostics;30_mech02_k_geometry;31_mech03_crossfit_shadow;33_mech06_llama1b_confirmation;35_mech07_llama1b_family_contrast;36_mech08_short_horizon_rollout,,hash_graph_anchored,frozen_inputs_for_unified_mechanism_synthesis,supporting_only,compact_inputs_for_experiments_01_04_06_27_30_31_33_35_36,supporting/mechanism_source_inputs/36_mech08_short_horizon_rollout/mech08_analysis_manifest__4fd5e555f8.json,e4fd253adbd6052448801698e5b8d46c0cb4cb7839197564c25805c2fc6625ac,results,36_mech08_short_horizon_rollout/20260727T102506+0000/analysis/mech08_analysis_manifest.json,e4fd253adbd6052448801698e5b8d46c0cb4cb7839197564c25805c2fc6625ac,selection_anchor,text_identity,
ex38_frozen_mechanism_inputs__36_mech08_short_horizon_rollout_20260727T102506_0000_analysis_paired_contrasts_c__3ac640cc03,,01_scale_up;04_dataset_generalization;06_kstate_spectrum;27_mech01_unified_k_diagnostics;30_mech02_k_geometry;31_mech03_crossfit_shadow;33_mech06_llama1b_confirmation;35_mech07_llama1b_family_contrast;36_mech08_short_horizon_rollout,,hash_graph_anchored,frozen_inputs_for_unified_mechanism_synthesis,supporting_only,compact_inputs_for_experiments_01_04_06_27_30_31_33_35_36,supporting/mechanism_source_inputs/36_mech08_short_horizon_rollout/paired_contrasts__3ac640cc03.csv,96f497d6e62df8d984cab8c9eb5d6e8cee54b84786ba3bba748f334fe97ea4f1,results,36_mech08_short_horizon_rollout/20260727T102506+0000/analysis/paired_contrasts.csv,96f497d6e62df8d984cab8c9eb5d6e8cee54b84786ba3bba748f334fe97ea4f1,selection_anchor,text_identity,
ex38_frozen_mechanism_inputs__36_mech08_short_horizon_rollout_20260727T102506_0000_analysis_prediction_alignme__3f43db91df,,01_scale_up;04_dataset_generalization;06_kstate_spectrum;27_mech01_unified_k_diagnostics;30_mech02_k_geometry;31_mech03_crossfit_shadow;33_mech06_llama1b_confirmation;35_mech07_llama1b_family_contrast;36_mech08_short_horizon_rollout,,hash_graph_anchored,frozen_inputs_for_unified_mechanism_synthesis,supporting_only,compact_inputs_for_experiments_01_04_06_27_30_31_33_35_36,supporting/mechanism_source_inputs/36_mech08_short_horizon_rollout/prediction_alignment__3f43db91df.csv,2454ab4a09d0b8b600a8ce13c18c2bb275fee536806c47894c8f7c7a16a99e45,results,36_mech08_short_horizon_rollout/20260727T102506+0000/analysis/prediction_alignment.csv,2454ab4a09d0b8b600a8ce13c18c2bb275fee536806c47894c8f7c7a16a99e45,selection_anchor,text_identity,
ex38_frozen_mechanism_inputs__37_mech09_downproj_refresh_mediation_20260728T075907_0000_analysis_mech09r_analy__529163d32e,,01_scale_up;04_dataset_generalization;06_kstate_spectrum;27_mech01_unified_k_diagnostics;30_mech02_k_geometry;31_mech03_crossfit_shadow;33_mech06_llama1b_confirmation;35_mech07_llama1b_family_contrast;36_mech08_short_horizon_rollout,,hash_graph_anchored,frozen_inputs_for_unified_mechanism_synthesis,supporting_only,compact_inputs_for_experiments_01_04_06_27_30_31_33_35_36,supporting/mechanism_source_inputs/37_mech09_downproj_refresh_mediation/mech09r_analysis_manifest__529163d32e.json,34b9525c4fcd061cbc3191b6844dd0000c3eac0bf0acc82876025f0ff3ee38d0,results,37_mech09_downproj_refresh_mediation/20260728T075907+0000/analysis/mech09r_analysis_manifest.json,34b9525c4fcd061cbc3191b6844dd0000c3eac0bf0acc82876025f0ff3ee38d0,selection_anchor,text_identity,
ex38_frozen_mechanism_inputs__37_mech09_downproj_refresh_mediation_20260728T075907_0000_analysis_mediation_dec__92e64cce88,,01_scale_up;04_dataset_generalization;06_kstate_spectrum;27_mech01_unified_k_diagnostics;30_mech02_k_geometry;31_mech03_crossfit_shadow;33_mech06_llama1b_confirmation;35_mech07_llama1b_family_contrast;36_mech08_short_horizon_rollout,,hash_graph_anchored,frozen_inputs_for_unified_mechanism_synthesis,supporting_only,compact_inputs_for_experiments_01_04_06_27_30_31_33_35_36,supporting/mechanism_source_inputs/37_mech09_downproj_refresh_mediation/mediation_decision__92e64cce88.json,8b18d2ff76e8de016f13a3ae78beb12e772af47445e0a4a36260faf13febab1c,results,37_mech09_downproj_refresh_mediation/20260728T075907+0000/analysis/mediation_decision.json,8b18d2ff76e8de016f13a3ae78beb12e772af47445e0a4a36260faf13febab1c,selection_anchor,text_identity,
ex38_frozen_mechanism_inputs__37_mech09_downproj_refresh_mediation_20260728T075907_0000_analysis_paired_contra__e4a7793057,,01_scale_up;04_dataset_generalization;06_kstate_spectrum;27_mech01_unified_k_diagnostics;30_mech02_k_geometry;31_mech03_crossfit_shadow;33_mech06_llama1b_confirmation;35_mech07_llama1b_family_contrast;36_mech08_short_horizon_rollout,,hash_graph_anchored,frozen_inputs_for_unified_mechanism_synthesis,supporting_only,compact_inputs_for_experiments_01_04_06_27_30_31_33_35_36,supporting/mechanism_source_inputs/37_mech09_downproj_refresh_mediation/paired_contrast_summary__e4a7793057.csv,318e0105bc4a52a4eb7fa9c716d87a0b9a7a88251be0df702e17a1fe8c3b8f1b,results,37_mech09_downproj_refresh_mediation/20260728T075907+0000/analysis/paired_contrast_summary.csv,318e0105bc4a52a4eb7fa9c716d87a0b9a7a88251be0df702e17a1fe8c3b8f1b,selection_anchor,text_identity,
ex38_frozen_mechanism_inputs__38_unified_mechanism_synthesis_20260729T071451_0000_source_audit_csv__2dd2143fd5,,01_scale_up;04_dataset_generalization;06_kstate_spectrum;27_mech01_unified_k_diagnostics;30_mech02_k_geometry;31_mech03_crossfit_shadow;33_mech06_llama1b_confirmation;35_mech07_llama1b_family_contrast;36_mech08_short_horizon_rollout,,hash_graph_anchored,frozen_inputs_for_unified_mechanism_synthesis,supporting_only,compact_inputs_for_experiments_01_04_06_27_30_31_33_35_36,supporting/mechanism_source_inputs/38_unified_mechanism_synthesis/source_audit__2dd2143fd5.csv,f2316b929994a03be395dabc6c7d66550a5b01eb31e7257492c5df148be7a07c,results,38_unified_mechanism_synthesis/20260729T071451+0000/source_audit.csv,3d0eda4bc0dd33ce1f8308d3cbfcd584f481e5d8196fa7d7dd8f7bd3bfe38a4a,selection_anchor,csv_graph_package_relative_rewrite+package_hash_links_rewritten,
ex38_frozen_mechanism_inputs__40_llama_block_partition_invariance_audit_20260729T044926_0000_analysis_checkpoi__38b57525dc,,01_scale_up;04_dataset_generalization;06_kstate_spectrum;27_mech01_unified_k_diagnostics;30_mech02_k_geometry;31_mech03_crossfit_shadow;33_mech06_llama1b_confirmation;35_mech07_llama1b_family_contrast;36_mech08_short_horizon_rollout,,hash_graph_anchored,frozen_inputs_for_unified_mechanism_synthesis,supporting_only,compact_inputs_for_experiments_01_04_06_27_30_31_33_35_36,supporting/mechanism_source_inputs/40_llama_block_partition_invariance_audit/checkpoint_summary__38b57525dc.csv,73e735cf7cacd5c58e5e4dc8929a8d82419a0aeeccd64c4ec001127d1efbbf73,results,40_llama_block_partition_invariance_audit/20260729T044926+0000/analysis/checkpoint_summary.csv,73e735cf7cacd5c58e5e4dc8929a8d82419a0aeeccd64c4ec001127d1efbbf73,selection_anchor,text_identity,
ex38_frozen_mechanism_inputs__40_llama_block_partition_invariance_audit_20260729T044926_0000_analysis_classifi__6b65a0c53f,,01_scale_up;04_dataset_generalization;06_kstate_spectrum;27_mech01_unified_k_diagnostics;30_mech02_k_geometry;31_mech03_crossfit_shadow;33_mech06_llama1b_confirmation;35_mech07_llama1b_family_contrast;36_mech08_short_horizon_rollout,,hash_graph_anchored,frozen_inputs_for_unified_mechanism_synthesis,supporting_only,compact_inputs_for_experiments_01_04_06_27_30_31_33_35_36,supporting/mechanism_source_inputs/40_llama_block_partition_invariance_audit/classification__6b65a0c53f.json,1d8c6c09c041ce34fc8d86e905fba1073c5eccbd1aacc0ee5dd5387fb5a8c807,results,40_llama_block_partition_invariance_audit/20260729T044926+0000/analysis/classification.json,1d8c6c09c041ce34fc8d86e905fba1073c5eccbd1aacc0ee5dd5387fb5a8c807,selection_anchor,text_identity,
ex38_frozen_mechanism_inputs__40_llama_block_partition_invariance_audit_20260729T044926_0000_analysis_llama_bl__878f542d2e,,01_scale_up;04_dataset_generalization;06_kstate_spectrum;27_mech01_unified_k_diagnostics;30_mech02_k_geometry;31_mech03_crossfit_shadow;33_mech06_llama1b_confirmation;35_mech07_llama1b_family_contrast;36_mech08_short_horizon_rollout,,hash_graph_anchored,frozen_inputs_for_unified_mechanism_synthesis,supporting_only,compact_inputs_for_experiments_01_04_06_27_30_31_33_35_36,supporting/mechanism_source_inputs/40_llama_block_partition_invariance_audit/llama_block_audit_analysis_manifest__878f542d2e.json,a50761bb9679657bdaa88a4a9ab60f71243986cff4ef630ea31997b741a1fdb9,results,40_llama_block_partition_invariance_audit/20260729T044926+0000/analysis/llama_block_audit_analysis_manifest.json,9b9d36bd0a06637b26cf8c8af563be4330f04d518f95f329c56d3400270d4404,selection_anchor,json_structured_portable_rewrite,
