relative_path,size_bytes,sha256
batches/20260806T095244+0000/batch_state.json,15092,0918f82084b65c4229b5a1dd8d802690bf4656660008e48ba6481416be0e55c9
batches/20260806T100702+0000/batch_state.json,6558,8b0af138cdc878334c14325a1c0a88207e5f5b937f913d1883e424efd9a29176
batches/20260806T100702+0000/seed2024_shard0_gpu0.log,2778224,afad7239c7369e70da2c32aa6c1b7d15167b3a0ed798dcb7abb317ddadb31f66
batches/20260806T100702+0000/seed2024_shard1_gpu1.log,2777673,fa688c1b03d159d076740f86a77319f0a33ac7b8008b5e85c22f3159e97a2f2c
batches/20260806T100702+0000/seed2025_shard0_gpu1.log,2777868,089855952f2aabf6bbcdf7bca4bd0377e4991b0b0585b7c65d58b797e6328ffd
batches/20260806T100702+0000/seed2025_shard1_gpu0.log,2776912,4bff3cd3448c0c4279abd48c1b1701aada960d2ad744fe7ced1240bbbb7e034c
batches/20260806T100702+0000/seed2026_shard0_gpu0.log,2778099,f5cc05be879333b55655e133a64d25664c2db89d31959f89050b4837f54d9ef2
batches/20260806T100702+0000/seed2026_shard1_gpu1.log,2777012,5e5785175e0c843b1004d872fa6a790b7722d88f2d657f7a0ce1114105b1087c
results/seed2024_shard0/20260806T101727+0000_smoke_seed2024/mainconf_r1_depth_kmode_early_diag_exact_shape_smoke34_20260806T101727+0000/official_to_r1.patch,19277,38098c2a56f16f3a3781b60fdf5135e21461188f41352951f90c1c206e726116
results/seed2024_shard0/20260806T101727+0000_smoke_seed2024/mainconf_r1_depth_kmode_early_diag_exact_shape_smoke34_20260806T101727+0000/r1_metrics.csv,2681,7576be35e320cf85a536d4074b91bd89e3230d265aa86a1ca17c4bb9750959ae
results/seed2024_shard0/20260806T101727+0000_smoke_seed2024/mainconf_r1_depth_kmode_early_diag_exact_shape_smoke34_20260806T101727+0000/r1_summary.json,3805,d7df2f727cf8e4fc9ef009624003c190290fc1f1add6938b639d722915008da4
results/seed2024_shard0/20260806T101727+0000_smoke_seed2024/mainconf_r1_depth_kmode_early_diag_exact_shape_smoke34_20260806T101727+0000/run_manifest.json,8030,8dae8b3bd56a792044681abe67d19ae9e68bc4f85f8654a7a2a119316874c7df
results/seed2024_shard0/20260806T101727+0000_smoke_seed2024/mainconf_r1_depth_kmode_early_diag_exact_shape_smoke34_20260806T101727+0000/source_manifest.json,3067,894f5145225d07e0e1bb9e033be03ce43f7844589447e7958c19a6ff666e213b
results/seed2024_shard0/20260806T101727+0000_smoke_seed2024/mainconf_r1_depth_kmode_early_diag_exact_shape_smoke34_20260806T101727+0000/training_log_with_source.txt,48274,5704baf165ca7f9d3c6a73e281aaccccae536d859786b2df700f771dd2c91570
results/seed2024_shard0/20260806T101727+0000_smoke_seed2024/mainconf_r1_depth_kmode_early_diag_exact_shape_smoke34_20260806T101727+0000/training_stdout.log,2960,3ae04a34684e1df35a76ba63696f374939c5ce8647b1e86413301606fd93c138
results/seed2024_shard0/20260806T101727+0000_smoke_seed2024/mainconf_r1_depth_kmode_early_diag_exact_shape_smoke34_20260806T101727+0000PRIVATE_PATH_REDACTED,48274,5704baf165ca7f9d3c6a73e281aaccccae536d859786b2df700f771dd2c91570
results/seed2024_shard0/20260806T101727+0000_smoke_seed2024/mainconf_r1_depth_kmode_early_diag_exact_shape_smoke34_20260806T101727+0000PRIVATE_PATH_REDACTED,43503,3f7f27a18cd858cb3e3fc570bcb24120d8a1cbdd33e82d234c20655ae007c20e
results/seed2024_shard0/20260806T101727+0000_smoke_seed2024/mainconf_r1_depth_kmode_early_diag_exact_shape_smoke34_20260806T101727+0000PRIVATE_PATH_REDACTED,18770,b51ac50c699b05306619d92cb9ec6edadd266d8118c53f5b9726db76480ea16d
results/seed2024_shard0/20260806T101727+0000_smoke_seed2024/mainconf_r1_depth_kmode_early_none_exact_shape_smoke34_20260806T101727+0000/official_to_r1.patch,19277,f7108ecd8aba74f81954410515fc7430766d17e447ef175f779f60ddba66bce9
results/seed2024_shard0/20260806T101727+0000_smoke_seed2024/mainconf_r1_depth_kmode_early_none_exact_shape_smoke34_20260806T101727+0000/r1_metrics.csv,2711,5c288a81ea9cf45a4acb26bc4e89ba0f17df40504c5de10cf96b571135ff9fa4
results/seed2024_shard0/20260806T101727+0000_smoke_seed2024/mainconf_r1_depth_kmode_early_none_exact_shape_smoke34_20260806T101727+0000/r1_summary.json,3802,41c02dceabaa1438e60e3899c9bcf305d5190cbcf6bcfc951e989e8b9dd0599d
results/seed2024_shard0/20260806T101727+0000_smoke_seed2024/mainconf_r1_depth_kmode_early_none_exact_shape_smoke34_20260806T101727+0000/run_manifest.json,8026,d394c78947edb294134260072c5b3906cab9cffeff5e7fca71811e2fb7f0f96a
results/seed2024_shard0/20260806T101727+0000_smoke_seed2024/mainconf_r1_depth_kmode_early_none_exact_shape_smoke34_20260806T101727+0000/source_manifest.json,3067,15a96e71737d68b6b0dc676b07675e259aa24ed1454834a2153ee50cb862f285
results/seed2024_shard0/20260806T101727+0000_smoke_seed2024/mainconf_r1_depth_kmode_early_none_exact_shape_smoke34_20260806T101727+0000/training_log_with_source.txt,48306,b290740844a660cedfa52325f80daf4b8e9ef597f45bba16a4857e710749f93b
results/seed2024_shard0/20260806T101727+0000_smoke_seed2024/mainconf_r1_depth_kmode_early_none_exact_shape_smoke34_20260806T101727+0000/training_stdout.log,3300,897b64e117c62cf6a81078b4fe3e4a6c50264a98bfc5f32f6f07f0096a2b8f8b
results/seed2024_shard0/20260806T101727+0000_smoke_seed2024/mainconf_r1_depth_kmode_early_none_exact_shape_smoke34_20260806T101727+0000PRIVATE_PATH_REDACTED,48306,b290740844a660cedfa52325f80daf4b8e9ef597f45bba16a4857e710749f93b
results/seed2024_shard0/20260806T101727+0000_smoke_seed2024/mainconf_r1_depth_kmode_early_none_exact_shape_smoke34_20260806T101727+0000PRIVATE_PATH_REDACTED,43503,a2042f3eaf5d06d7ea10a10c27923adf0762c61fc6cffb2d9cda94a184eb8e37
results/seed2024_shard0/20260806T101727+0000_smoke_seed2024/mainconf_r1_depth_kmode_early_none_exact_shape_smoke34_20260806T101727+0000PRIVATE_PATH_REDACTED,18770,b51ac50c699b05306619d92cb9ec6edadd266d8118c53f5b9726db76480ea16d
results/seed2024_shard0/20260806T101727+0000_smoke_seed2024/mainconf_r1_depth_kmode_edge_diag_exact_shape_smoke34_20260806T101727+0000/official_to_r1.patch,19276,7090f6b951fa13824e95eccf56ad337b0ba0817a16f6c15fbbe6ca0454b6ef4d
results/seed2024_shard0/20260806T101727+0000_smoke_seed2024/mainconf_r1_depth_kmode_edge_diag_exact_shape_smoke34_20260806T101727+0000/r1_metrics.csv,2644,bc3dc78bff06998b0f1f77bdbd0eb46b7da43d48a203665841fc4aa815ae8cc8
results/seed2024_shard0/20260806T101727+0000_smoke_seed2024/mainconf_r1_depth_kmode_edge_diag_exact_shape_smoke34_20260806T101727+0000/r1_summary.json,3802,bfd6f4cefe74f44ec42b57190a1ee125201b1453a3b41503d99edd901f34af86
results/seed2024_shard0/20260806T101727+0000_smoke_seed2024/mainconf_r1_depth_kmode_edge_diag_exact_shape_smoke34_20260806T101727+0000/run_manifest.json,8017,509e22ed10b5f047e60840b135c8b49ddf78eb00d2906ed1586007e3dfb26354
results/seed2024_shard0/20260806T101727+0000_smoke_seed2024/mainconf_r1_depth_kmode_edge_diag_exact_shape_smoke34_20260806T101727+0000/source_manifest.json,3066,bb7a020bd93c0fe5c951f232e88afb76847d8c5ecaaed359491780a52bfd8dd1
results/seed2024_shard0/20260806T101727+0000_smoke_seed2024/mainconf_r1_depth_kmode_edge_diag_exact_shape_smoke34_20260806T101727+0000/training_log_with_source.txt,48274,59a71eebb85089ad1d814afe7a01bde5b171ab9f615c85778356cf082143457c
results/seed2024_shard0/20260806T101727+0000_smoke_seed2024/mainconf_r1_depth_kmode_edge_diag_exact_shape_smoke34_20260806T101727+0000/training_stdout.log,2960,369bf8107d0e48518be468138a8b6f3152cb3e89231aba1ccdfc548448abbd3f
results/seed2024_shard0/20260806T101727+0000_smoke_seed2024/mainconf_r1_depth_kmode_edge_diag_exact_shape_smoke34_20260806T101727+0000PRIVATE_PATH_REDACTED,48274,59a71eebb85089ad1d814afe7a01bde5b171ab9f615c85778356cf082143457c
results/seed2024_shard0/20260806T101727+0000_smoke_seed2024/mainconf_r1_depth_kmode_edge_diag_exact_shape_smoke34_20260806T101727+0000PRIVATE_PATH_REDACTED,43503,3d44f091f5746b47fc51eb60917e4e5e7c636bc0db65d57cc9d925ada49705ae
results/seed2024_shard0/20260806T101727+0000_smoke_seed2024/mainconf_r1_depth_kmode_edge_diag_exact_shape_smoke34_20260806T101727+0000PRIVATE_PATH_REDACTED,18770,b51ac50c699b05306619d92cb9ec6edadd266d8118c53f5b9726db76480ea16d
results/seed2024_shard0/20260806T101727+0000_smoke_seed2024/mainconf_r1_depth_kmode_edge_none_exact_shape_smoke34_20260806T101727+0000/official_to_r1.patch,19276,5b1b8811b90152fda21597f9a8d7a89d3855fd360664ba69e4e3a7698386581e
results/seed2024_shard0/20260806T101727+0000_smoke_seed2024/mainconf_r1_depth_kmode_edge_none_exact_shape_smoke34_20260806T101727+0000/r1_metrics.csv,2645,d4485f1c7fb6021ef1e2e03b9444b7295be0056ff5074543589194c721e04a7a
results/seed2024_shard0/20260806T101727+0000_smoke_seed2024/mainconf_r1_depth_kmode_edge_none_exact_shape_smoke34_20260806T101727+0000/r1_summary.json,3803,87a8ba7fae498f0ccd2499e5840df699dc34d3f5dfaddc86a35ad19d47b05123
results/seed2024_shard0/20260806T101727+0000_smoke_seed2024/mainconf_r1_depth_kmode_edge_none_exact_shape_smoke34_20260806T101727+0000/run_manifest.json,8019,503b9ec50c43ff18efab910199b00d5b924414aa8ca36581431a4441ed170663
results/seed2024_shard0/20260806T101727+0000_smoke_seed2024/mainconf_r1_depth_kmode_edge_none_exact_shape_smoke34_20260806T101727+0000/source_manifest.json,3066,86c4ad736166906283d302e622ca4e2f573dfab7a942c6245b74a6a4bf9a8342
results/seed2024_shard0/20260806T101727+0000_smoke_seed2024/mainconf_r1_depth_kmode_edge_none_exact_shape_smoke34_20260806T101727+0000/training_log_with_source.txt,48274,53fd594c619f99bd2f171113d6d81c573ef064a456652b89efea88662613ac5a
results/seed2024_shard0/20260806T101727+0000_smoke_seed2024/mainconf_r1_depth_kmode_edge_none_exact_shape_smoke34_20260806T101727+0000/training_stdout.log,2960,18f1f3fecfb5a13d8204dc29e10d268155f64f68b1a4af730ecc5b5c5de58ffc
results/seed2024_shard0/20260806T101727+0000_smoke_seed2024/mainconf_r1_depth_kmode_edge_none_exact_shape_smoke34_20260806T101727+0000PRIVATE_PATH_REDACTED,48274,53fd594c619f99bd2f171113d6d81c573ef064a456652b89efea88662613ac5a
results/seed2024_shard0/20260806T101727+0000_smoke_seed2024/mainconf_r1_depth_kmode_edge_none_exact_shape_smoke34_20260806T101727+0000PRIVATE_PATH_REDACTED,43503,1bfa2ebda0724eb8adc470c421e9aee7ffda4a304746a9ab6150ab9ab733a10b
results/seed2024_shard0/20260806T101727+0000_smoke_seed2024/mainconf_r1_depth_kmode_edge_none_exact_shape_smoke34_20260806T101727+0000PRIVATE_PATH_REDACTED,18770,b51ac50c699b05306619d92cb9ec6edadd266d8118c53f5b9726db76480ea16d
results/seed2024_shard0/20260806T101727+0000_smoke_seed2024/mainconf_r1_depth_kmode_late_diag_exact_shape_smoke34_20260806T101727+0000/official_to_r1.patch,19276,52c9ea921347d1c3babbe4cd80156a3b4f9d59d9f434795f7e3add9807cc07dd
results/seed2024_shard0/20260806T101727+0000_smoke_seed2024/mainconf_r1_depth_kmode_late_diag_exact_shape_smoke34_20260806T101727+0000/r1_metrics.csv,2643,6100547bb17b770e595f29d3742f715f41906963701a7eec666ed665a1b2edad
results/seed2024_shard0/20260806T101727+0000_smoke_seed2024/mainconf_r1_depth_kmode_late_diag_exact_shape_smoke34_20260806T101727+0000/r1_summary.json,3803,4e230f6d54eabd43ef41f9e14b42855aea8608df804737b70f0586935173251e
results/seed2024_shard0/20260806T101727+0000_smoke_seed2024/mainconf_r1_depth_kmode_late_diag_exact_shape_smoke34_20260806T101727+0000/run_manifest.json,8019,03e9205ec2edb7fb9319c0e1e39df10ed46f88b07e871e2f140ef8eda68685f7
results/seed2024_shard0/20260806T101727+0000_smoke_seed2024/mainconf_r1_depth_kmode_late_diag_exact_shape_smoke34_20260806T101727+0000/source_manifest.json,3066,4f9eeb96cca7072103ae7ab05657a1299e458435694b41f56026f1e5fa8c61c1
results/seed2024_shard0/20260806T101727+0000_smoke_seed2024/mainconf_r1_depth_kmode_late_diag_exact_shape_smoke34_20260806T101727+0000/training_log_with_source.txt,48274,5bf3358f50ea95caab17eaa8b59270a51ba6a8114ec50bc477734e5856c2db3c
results/seed2024_shard0/20260806T101727+0000_smoke_seed2024/mainconf_r1_depth_kmode_late_diag_exact_shape_smoke34_20260806T101727+0000/training_stdout.log,2960,821505a071e345bc0ba552fd4068a71593880fcde19ae36016aa1905de6837bd
results/seed2024_shard0/20260806T101727+0000_smoke_seed2024/mainconf_r1_depth_kmode_late_diag_exact_shape_smoke34_20260806T101727+0000PRIVATE_PATH_REDACTED,48274,5bf3358f50ea95caab17eaa8b59270a51ba6a8114ec50bc477734e5856c2db3c
results/seed2024_shard0/20260806T101727+0000_smoke_seed2024/mainconf_r1_depth_kmode_late_diag_exact_shape_smoke34_20260806T101727+0000PRIVATE_PATH_REDACTED,43503,c6c6639cde2be5894ec4cc5b9627ba636fd423ee073d4fdba41d68d0ecaa578d
results/seed2024_shard0/20260806T101727+0000_smoke_seed2024/mainconf_r1_depth_kmode_late_diag_exact_shape_smoke34_20260806T101727+0000PRIVATE_PATH_REDACTED,18770,b51ac50c699b05306619d92cb9ec6edadd266d8118c53f5b9726db76480ea16d
results/seed2024_shard0/20260806T101727+0000_smoke_seed2024/mainconf_r1_depth_kmode_late_none_exact_shape_smoke34_20260806T101727+0000/official_to_r1.patch,19276,3669112b009b52ce84c5722a49dc508def6a08b9afdbe147a61953f52dd0d7a4
results/seed2024_shard0/20260806T101727+0000_smoke_seed2024/mainconf_r1_depth_kmode_late_none_exact_shape_smoke34_20260806T101727+0000/r1_metrics.csv,2647,50fb85cb0f86dc61b5fb3413dcb6bec3fad3b050391af2581edf6b3ab4564d98
results/seed2024_shard0/20260806T101727+0000_smoke_seed2024/mainconf_r1_depth_kmode_late_none_exact_shape_smoke34_20260806T101727+0000/r1_summary.json,3803,5e452dbb0abfbb75f5fdd9906ab6b5fd1e7351f0399a15ea5d1a0fbd0147f9f2
results/seed2024_shard0/20260806T101727+0000_smoke_seed2024/mainconf_r1_depth_kmode_late_none_exact_shape_smoke34_20260806T101727+0000/run_manifest.json,8019,b4a944864120395b414c241b0f88c41254193f15ca7947ada098488a412274a4
results/seed2024_shard0/20260806T101727+0000_smoke_seed2024/mainconf_r1_depth_kmode_late_none_exact_shape_smoke34_20260806T101727+0000/source_manifest.json,3066,5ee5a862763b6c49a8be1844b589361cc885da4309b8bca5602751eb42e64ea3
results/seed2024_shard0/20260806T101727+0000_smoke_seed2024/mainconf_r1_depth_kmode_late_none_exact_shape_smoke34_20260806T101727+0000/training_log_with_source.txt,48275,53a8840cbd025b7e8469eef1f6446f4c17d6ffa05f760ebf1a11c62d10e1f351
results/seed2024_shard0/20260806T101727+0000_smoke_seed2024/mainconf_r1_depth_kmode_late_none_exact_shape_smoke34_20260806T101727+0000/training_stdout.log,2961,f86b5eb3dfb2c3906ab4336c02773e33054ceafa07a55bb6706cb1e9e95a5e72
results/seed2024_shard0/20260806T101727+0000_smoke_seed2024/mainconf_r1_depth_kmode_late_none_exact_shape_smoke34_20260806T101727+0000PRIVATE_PATH_REDACTED,48275,53a8840cbd025b7e8469eef1f6446f4c17d6ffa05f760ebf1a11c62d10e1f351
results/seed2024_shard0/20260806T101727+0000_smoke_seed2024/mainconf_r1_depth_kmode_late_none_exact_shape_smoke34_20260806T101727+0000PRIVATE_PATH_REDACTED,43503,0ab1cee1103a773d9e97d67d85be27e4118189a82a27829630d70f5fad1b1db6
results/seed2024_shard0/20260806T101727+0000_smoke_seed2024/mainconf_r1_depth_kmode_late_none_exact_shape_smoke34_20260806T101727+0000PRIVATE_PATH_REDACTED,18770,b51ac50c699b05306619d92cb9ec6edadd266d8118c53f5b9726db76480ea16d
results/seed2024_shard0/20260806T101727+0000_smoke_seed2024/r1_common_target_comparison.csv,362,fd8fd862c914efaee70f7d79cb2962f95bf5631f59e681cefcd0b2f2cbc96ee5
results/seed2024_shard0/20260806T101727+0000_smoke_seed2024/r1_manifest.json,26719,421ecb9ffa3e5f2ecc70ea8c65a793d2047e3675a1e5c506082c985a38996398
results/seed2024_shard0/20260806T101727+0000_smoke_seed2024/r1_plan.json,10901,a994469eb5d043ffeb84518d2a75c1b49ec1e38771a8546e34ed9c79c2edb73f
results/seed2024_shard0/20260806T101727+0000_smoke_seed2024/r1_summary.csv,7050,ab60475113a2159788c2106e0c5474fb16468bf4b6c815f051d1e67417b8f621
results/seed2024_shard0/20260806T104711+0000_formal_seed2024/mainconf_r1_depth_kmode_early_diag_seed2024_20260806T104711+0000/official_to_r1.patch,19277,38098c2a56f16f3a3781b60fdf5135e21461188f41352951f90c1c206e726116
results/seed2024_shard0/20260806T104711+0000_formal_seed2024/mainconf_r1_depth_kmode_early_diag_seed2024_20260806T104711+0000/r1_metrics.csv,598904,1bdbe54a0851b56167e778c5cf90e2d7ae7a90c6ce5e80871845281547543f41
results/seed2024_shard0/20260806T104711+0000_formal_seed2024/mainconf_r1_depth_kmode_early_diag_seed2024_20260806T104711+0000/r1_summary.json,3984,5e83856a3568b4e7af321db88eb02775575d4a864afb1abec58b8c8d9388e490
results/seed2024_shard0/20260806T104711+0000_formal_seed2024/mainconf_r1_depth_kmode_early_diag_seed2024_20260806T104711+0000/run_manifest.json,8390,f5005cb277c38cb8e00d0929e15f213ece8749cad677af42148813efa50d50c2
results/seed2024_shard0/20260806T104711+0000_formal_seed2024/mainconf_r1_depth_kmode_early_diag_seed2024_20260806T104711+0000/source_manifest.json,3044,984480227efa5aa009285a5e67892d1b1b237c6eca2ef8814fd052e8c0d199d4
results/seed2024_shard0/20260806T104711+0000_formal_seed2024/mainconf_r1_depth_kmode_early_diag_seed2024_20260806T104711+0000/training_log_with_source.txt,500835,db788bd5416ef5057a222f6b7471e21a061397255a7d84842900dd0dfe6b94a5
results/seed2024_shard0/20260806T104711+0000_formal_seed2024/mainconf_r1_depth_kmode_early_diag_seed2024_20260806T104711+0000/training_stdout.log,455521,84dce7dc9f71953f481e25bab2bef43233584ff1bd813520cfe262d42720975d
results/seed2024_shard0/20260806T104711+0000_formal_seed2024/mainconf_r1_depth_kmode_early_diag_seed2024_20260806T104711+0000/wandb/debug-internal.log,2182,1ebf09ac5a63a02d9dba90bdef2ab46fe8a7d6ecc828d2c35d620e0c3d6729d5
results/seed2024_shard0/20260806T104711+0000_formal_seed2024/mainconf_r1_depth_kmode_early_diag_seed2024_20260806T104711+0000/wandb/debug.log,4790,7376127ce214e36a1a05e82ed86f021494dc7aeb14b4da840d359424372b4070
results/seed2024_shard0/20260806T104711+0000_formal_seed2024/mainconf_r1_depth_kmode_early_diag_seed2024_20260806T104711+0000/wandb/latest-run/files/config.yaml,5876,763bec77ce6879e8768eaaa5f052cd76ae8d480224a338ae2f36167007de033a
results/seed2024_shard0/20260806T104711+0000_formal_seed2024/mainconf_r1_depth_kmode_early_diag_seed2024_20260806T104711+0000/wandb/latest-run/files/requirements.txt,1616,c42bd83dae15b8c3a5c6ea9dffff6162a7497b8eac0a637e007ae1321eb2dd95
results/seed2024_shard0/20260806T104711+0000_formal_seed2024/mainconf_r1_depth_kmode_early_diag_seed2024_20260806T104711+0000/wandb/latest-run/files/wandb-metadata.json,2408,56f0831cb03186a822a84b2bb10651d06d4cb2d05de74a8df98a8d94759390cb
results/seed2024_shard0/20260806T104711+0000_formal_seed2024/mainconf_r1_depth_kmode_early_diag_seed2024_20260806T104711+0000/wandb/latest-run/files/wandb-summary.json,2672,9309f3b1af0a7f1532854d569228472e23ce14f83021a017bf1bdab25d0df752
results/seed2024_shard0/20260806T104711+0000_formal_seed2024/mainconf_r1_depth_kmode_early_diag_seed2024_20260806T104711+0000/wandb/latest-run/logs/debug-core.log,13306,6b32d78ff37d5e5abaf39683b70526ffcbb527a811fc3305945721457b1b4d15
results/seed2024_shard0/20260806T104711+0000_formal_seed2024/mainconf_r1_depth_kmode_early_diag_seed2024_20260806T104711+0000/wandb/latest-run/logs/debug-internal.log,2182,1ebf09ac5a63a02d9dba90bdef2ab46fe8a7d6ecc828d2c35d620e0c3d6729d5
results/seed2024_shard0/20260806T104711+0000_formal_seed2024/mainconf_r1_depth_kmode_early_diag_seed2024_20260806T104711+0000/wandb/latest-run/logs/debug.log,4790,7376127ce214e36a1a05e82ed86f021494dc7aeb14b4da840d359424372b4070
results/seed2024_shard0/20260806T104711+0000_formal_seed2024/mainconf_r1_depth_kmode_early_diag_seed2024_20260806T104711+0000/wandb/latest-run/run-6a3d3b0c6ee3.wandb,175153,08cbf4c66fc5f7e8309947e4abdbcdb307dd8040b8d8ae11dc16b43b70d8af77
results/seed2024_shard0/20260806T104711+0000_formal_seed2024/mainconf_r1_depth_kmode_early_diag_seed2024_20260806T104711+0000/wandb/run-20260806_171224-6a3d3b0c6ee3/files/config.yaml,5876,763bec77ce6879e8768eaaa5f052cd76ae8d480224a338ae2f36167007de033a
results/seed2024_shard0/20260806T104711+0000_formal_seed2024/mainconf_r1_depth_kmode_early_diag_seed2024_20260806T104711+0000/wandb/run-20260806_171224-6a3d3b0c6ee3/files/requirements.txt,1616,c42bd83dae15b8c3a5c6ea9dffff6162a7497b8eac0a637e007ae1321eb2dd95
results/seed2024_shard0/20260806T104711+0000_formal_seed2024/mainconf_r1_depth_kmode_early_diag_seed2024_20260806T104711+0000/wandb/run-20260806_171224-6a3d3b0c6ee3/files/wandb-metadata.json,2408,56f0831cb03186a822a84b2bb10651d06d4cb2d05de74a8df98a8d94759390cb
results/seed2024_shard0/20260806T104711+0000_formal_seed2024/mainconf_r1_depth_kmode_early_diag_seed2024_20260806T104711+0000/wandb/run-20260806_171224-6a3d3b0c6ee3/files/wandb-summary.json,2672,9309f3b1af0a7f1532854d569228472e23ce14f83021a017bf1bdab25d0df752
results/seed2024_shard0/20260806T104711+0000_formal_seed2024/mainconf_r1_depth_kmode_early_diag_seed2024_20260806T104711+0000/wandb/run-20260806_171224-6a3d3b0c6ee3/logs/debug-core.log,13306,6b32d78ff37d5e5abaf39683b70526ffcbb527a811fc3305945721457b1b4d15
results/seed2024_shard0/20260806T104711+0000_formal_seed2024/mainconf_r1_depth_kmode_early_diag_seed2024_20260806T104711+0000/wandb/run-20260806_171224-6a3d3b0c6ee3/logs/debug-internal.log,2182,1ebf09ac5a63a02d9dba90bdef2ab46fe8a7d6ecc828d2c35d620e0c3d6729d5
results/seed2024_shard0/20260806T104711+0000_formal_seed2024/mainconf_r1_depth_kmode_early_diag_seed2024_20260806T104711+0000/wandb/run-20260806_171224-6a3d3b0c6ee3/logs/debug.log,4790,7376127ce214e36a1a05e82ed86f021494dc7aeb14b4da840d359424372b4070
results/seed2024_shard0/20260806T104711+0000_formal_seed2024/mainconf_r1_depth_kmode_early_diag_seed2024_20260806T104711+0000/wandb/run-20260806_171224-6a3d3b0c6ee3/run-6a3d3b0c6ee3.wandb,175153,08cbf4c66fc5f7e8309947e4abdbcdb307dd8040b8d8ae11dc16b43b70d8af77
results/seed2024_shard0/20260806T104711+0000_formal_seed2024/mainconf_r1_depth_kmode_early_diag_seed2024_20260806T104711+0000PRIVATE_PATH_REDACTED,500835,db788bd5416ef5057a222f6b7471e21a061397255a7d84842900dd0dfe6b94a5
results/seed2024_shard0/20260806T104711+0000_formal_seed2024/mainconf_r1_depth_kmode_early_diag_seed2024_20260806T104711+0000PRIVATE_PATH_REDACTED,43503,3f7f27a18cd858cb3e3fc570bcb24120d8a1cbdd33e82d234c20655ae007c20e
results/seed2024_shard0/20260806T104711+0000_formal_seed2024/mainconf_r1_depth_kmode_early_diag_seed2024_20260806T104711+0000PRIVATE_PATH_REDACTED,18770,b51ac50c699b05306619d92cb9ec6edadd266d8118c53f5b9726db76480ea16d
results/seed2024_shard0/20260806T104711+0000_formal_seed2024/mainconf_r1_depth_kmode_early_none_seed2024_20260806T104711+0000/official_to_r1.patch,19277,f7108ecd8aba74f81954410515fc7430766d17e447ef175f779f60ddba66bce9
results/seed2024_shard0/20260806T104711+0000_formal_seed2024/mainconf_r1_depth_kmode_early_none_seed2024_20260806T104711+0000/r1_metrics.csv,598888,84b5989c8a4ac65e26f87c53bb0ea01294364a29fd322e79c04080904fbec67e
results/seed2024_shard0/20260806T104711+0000_formal_seed2024/mainconf_r1_depth_kmode_early_none_seed2024_20260806T104711+0000/r1_summary.json,3987,8e1e63e253b5aad3112267f1717caa4174831e565895963bb99de270c2f44c4d
results/seed2024_shard0/20260806T104711+0000_formal_seed2024/mainconf_r1_depth_kmode_early_none_seed2024_20260806T104711+0000/run_manifest.json,8393,269488d6e7d573d00e60c6737cb659502fb410a922c93664b1b1d71e80c0158d
results/seed2024_shard0/20260806T104711+0000_formal_seed2024/mainconf_r1_depth_kmode_early_none_seed2024_20260806T104711+0000/source_manifest.json,3044,2ae7600cff9cbaa207d476c41d4a76848b2b51b6b8d8bca0573cc74bdb349542
results/seed2024_shard0/20260806T104711+0000_formal_seed2024/mainconf_r1_depth_kmode_early_none_seed2024_20260806T104711+0000/training_log_with_source.txt,500837,91c3f85fd4cc6966efc3a658aece9137833a0f13bc345eeec7f7376f19429293
results/seed2024_shard0/20260806T104711+0000_formal_seed2024/mainconf_r1_depth_kmode_early_none_seed2024_20260806T104711+0000/training_stdout.log,455523,0496c4ed00736fa355c99929a49955e10627c82afec069b2f7f41e2f491d2061
results/seed2024_shard0/20260806T104711+0000_formal_seed2024/mainconf_r1_depth_kmode_early_none_seed2024_20260806T104711+0000/wandb/debug-internal.log,1711,0a731113f2ef6ddaa1bf68813f956aa6cb612d53d493aeaf900b67394d5e094d
results/seed2024_shard0/20260806T104711+0000_formal_seed2024/mainconf_r1_depth_kmode_early_none_seed2024_20260806T104711+0000/wandb/debug.log,5127,e0c816cb4467a1db7b27635acd03e33a9f08d71009a0bd43b0760a2515038fb1
results/seed2024_shard0/20260806T104711+0000_formal_seed2024/mainconf_r1_depth_kmode_early_none_seed2024_20260806T104711+0000/wandb/latest-run/files/config.yaml,5855,f4d67b3f14917a4d76ca5cb5fdc7270c6f2b37a3742f33bef992abe36b97da8c
results/seed2024_shard0/20260806T104711+0000_formal_seed2024/mainconf_r1_depth_kmode_early_none_seed2024_20260806T104711+0000/wandb/latest-run/files/requirements.txt,1616,c42bd83dae15b8c3a5c6ea9dffff6162a7497b8eac0a637e007ae1321eb2dd95
results/seed2024_shard0/20260806T104711+0000_formal_seed2024/mainconf_r1_depth_kmode_early_none_seed2024_20260806T104711+0000/wandb/latest-run/files/wandb-metadata.json,2408,25e9e5232ef6bc024bf1d52206f451e8f59a9ca2ab4a57c12ec7dc73720cb199
results/seed2024_shard0/20260806T104711+0000_formal_seed2024/mainconf_r1_depth_kmode_early_none_seed2024_20260806T104711+0000/wandb/latest-run/files/wandb-summary.json,2671,a4a7a03ade1b103601f4eb48dd5728d3420e68289ddc0a7f64282db8fe62cab1
results/seed2024_shard0/20260806T104711+0000_formal_seed2024/mainconf_r1_depth_kmode_early_none_seed2024_20260806T104711+0000/wandb/latest-run/logs/debug-core.log,13306,6b32d78ff37d5e5abaf39683b70526ffcbb527a811fc3305945721457b1b4d15
results/seed2024_shard0/20260806T104711+0000_formal_seed2024/mainconf_r1_depth_kmode_early_none_seed2024_20260806T104711+0000/wandb/latest-run/logs/debug-internal.log,1711,0a731113f2ef6ddaa1bf68813f956aa6cb612d53d493aeaf900b67394d5e094d
results/seed2024_shard0/20260806T104711+0000_formal_seed2024/mainconf_r1_depth_kmode_early_none_seed2024_20260806T104711+0000/wandb/latest-run/logs/debug.log,5127,e0c816cb4467a1db7b27635acd03e33a9f08d71009a0bd43b0760a2515038fb1
results/seed2024_shard0/20260806T104711+0000_formal_seed2024/mainconf_r1_depth_kmode_early_none_seed2024_20260806T104711+0000/wandb/latest-run/run-62ba54eb5c33.wandb,175144,d8ea965468d97fe63abc2d9ef403025fa77c7efc227a0f4364a49995ab00fe3d
results/seed2024_shard0/20260806T104711+0000_formal_seed2024/mainconf_r1_depth_kmode_early_none_seed2024_20260806T104711+0000/wandb/run-20260806_135953-62ba54eb5c33/files/config.yaml,5855,f4d67b3f14917a4d76ca5cb5fdc7270c6f2b37a3742f33bef992abe36b97da8c
results/seed2024_shard0/20260806T104711+0000_formal_seed2024/mainconf_r1_depth_kmode_early_none_seed2024_20260806T104711+0000/wandb/run-20260806_135953-62ba54eb5c33/files/requirements.txt,1616,c42bd83dae15b8c3a5c6ea9dffff6162a7497b8eac0a637e007ae1321eb2dd95
results/seed2024_shard0/20260806T104711+0000_formal_seed2024/mainconf_r1_depth_kmode_early_none_seed2024_20260806T104711+0000/wandb/run-20260806_135953-62ba54eb5c33/files/wandb-metadata.json,2408,25e9e5232ef6bc024bf1d52206f451e8f59a9ca2ab4a57c12ec7dc73720cb199
results/seed2024_shard0/20260806T104711+0000_formal_seed2024/mainconf_r1_depth_kmode_early_none_seed2024_20260806T104711+0000/wandb/run-20260806_135953-62ba54eb5c33/files/wandb-summary.json,2671,a4a7a03ade1b103601f4eb48dd5728d3420e68289ddc0a7f64282db8fe62cab1
results/seed2024_shard0/20260806T104711+0000_formal_seed2024/mainconf_r1_depth_kmode_early_none_seed2024_20260806T104711+0000/wandb/run-20260806_135953-62ba54eb5c33/logs/debug-core.log,13306,6b32d78ff37d5e5abaf39683b70526ffcbb527a811fc3305945721457b1b4d15
results/seed2024_shard0/20260806T104711+0000_formal_seed2024/mainconf_r1_depth_kmode_early_none_seed2024_20260806T104711+0000/wandb/run-20260806_135953-62ba54eb5c33/logs/debug-internal.log,1711,0a731113f2ef6ddaa1bf68813f956aa6cb612d53d493aeaf900b67394d5e094d
results/seed2024_shard0/20260806T104711+0000_formal_seed2024/mainconf_r1_depth_kmode_early_none_seed2024_20260806T104711+0000/wandb/run-20260806_135953-62ba54eb5c33/logs/debug.log,5127,e0c816cb4467a1db7b27635acd03e33a9f08d71009a0bd43b0760a2515038fb1
results/seed2024_shard0/20260806T104711+0000_formal_seed2024/mainconf_r1_depth_kmode_early_none_seed2024_20260806T104711+0000/wandb/run-20260806_135953-62ba54eb5c33/run-62ba54eb5c33.wandb,175144,d8ea965468d97fe63abc2d9ef403025fa77c7efc227a0f4364a49995ab00fe3d
results/seed2024_shard0/20260806T104711+0000_formal_seed2024/mainconf_r1_depth_kmode_early_none_seed2024_20260806T104711+0000PRIVATE_PATH_REDACTED,500837,91c3f85fd4cc6966efc3a658aece9137833a0f13bc345eeec7f7376f19429293
results/seed2024_shard0/20260806T104711+0000_formal_seed2024/mainconf_r1_depth_kmode_early_none_seed2024_20260806T104711+0000PRIVATE_PATH_REDACTED,43503,a2042f3eaf5d06d7ea10a10c27923adf0762c61fc6cffb2d9cda94a184eb8e37
results/seed2024_shard0/20260806T104711+0000_formal_seed2024/mainconf_r1_depth_kmode_early_none_seed2024_20260806T104711+0000PRIVATE_PATH_REDACTED,18770,b51ac50c699b05306619d92cb9ec6edadd266d8118c53f5b9726db76480ea16d
results/seed2024_shard0/20260806T104711+0000_formal_seed2024/mainconf_r1_depth_kmode_edge_diag_seed2024_20260806T104711+0000/official_to_r1.patch,19276,7090f6b951fa13824e95eccf56ad337b0ba0817a16f6c15fbbe6ca0454b6ef4d
results/seed2024_shard0/20260806T104711+0000_formal_seed2024/mainconf_r1_depth_kmode_edge_diag_seed2024_20260806T104711+0000/r1_metrics.csv,592627,2867373e1f188e18d2c7ced1761b697f55bcc7197c9c5c5d7c78b6d7534f06bd
results/seed2024_shard0/20260806T104711+0000_formal_seed2024/mainconf_r1_depth_kmode_edge_diag_seed2024_20260806T104711+0000/r1_summary.json,3985,d5b99a48f7019ddffb8256fa2012589a2e7bb4632408d1d6c4cde7d62ef4a368
results/seed2024_shard0/20260806T104711+0000_formal_seed2024/mainconf_r1_depth_kmode_edge_diag_seed2024_20260806T104711+0000/run_manifest.json,8381,62090839452b1587e58c204786a32ea3b5db814947e649b02f77e9b378da010a
results/seed2024_shard0/20260806T104711+0000_formal_seed2024/mainconf_r1_depth_kmode_edge_diag_seed2024_20260806T104711+0000/source_manifest.json,3043,2307d7d41411fb874a47d93780d6543803d2ca8850ddd263d238757b99a68538
results/seed2024_shard0/20260806T104711+0000_formal_seed2024/mainconf_r1_depth_kmode_edge_diag_seed2024_20260806T104711+0000/training_log_with_source.txt,500834,99d75902187a6379ee4f522cd2ddd403be0a740d93d7869fb6218e47a2a5656c
results/seed2024_shard0/20260806T104711+0000_formal_seed2024/mainconf_r1_depth_kmode_edge_diag_seed2024_20260806T104711+0000/training_stdout.log,455520,80a732ad12ab11bc526c448a97d7bb9a70dad506b4dc8b4140dea93fd2b438be
results/seed2024_shard0/20260806T104711+0000_formal_seed2024/mainconf_r1_depth_kmode_edge_diag_seed2024_20260806T104711+0000/wandb/debug-internal.log,1712,3e9e3e955785b31ee4965c4d0ffa0b4f927d32176226d8a98ec8e850e98ab11b
results/seed2024_shard0/20260806T104711+0000_formal_seed2024/mainconf_r1_depth_kmode_edge_diag_seed2024_20260806T104711+0000/wandb/debug.log,4789,442b106d6979971b63f76af183be5f27b5b89f65369dc7d7d2e2b01fae90a1e7
results/seed2024_shard0/20260806T104711+0000_formal_seed2024/mainconf_r1_depth_kmode_edge_diag_seed2024_20260806T104711+0000/wandb/latest-run/files/config.yaml,5855,f8e9feb6eb55e848ee708a14e4ea46718b37a18696996c52f8c9fb2f162485d8
results/seed2024_shard0/20260806T104711+0000_formal_seed2024/mainconf_r1_depth_kmode_edge_diag_seed2024_20260806T104711+0000/wandb/latest-run/files/requirements.txt,1616,c42bd83dae15b8c3a5c6ea9dffff6162a7497b8eac0a637e007ae1321eb2dd95
results/seed2024_shard0/20260806T104711+0000_formal_seed2024/mainconf_r1_depth_kmode_edge_diag_seed2024_20260806T104711+0000/wandb/latest-run/files/wandb-metadata.json,2407,b5260e9238ab52d6acf4167aed6d09c8f1ed2c272bda614fbe565bb008dc7074
results/seed2024_shard0/20260806T104711+0000_formal_seed2024/mainconf_r1_depth_kmode_edge_diag_seed2024_20260806T104711+0000/wandb/latest-run/files/wandb-summary.json,2672,f93fdf90663fc2957cb812f19eada8183ad6745403e7bf5ccc8979f0278c4608
results/seed2024_shard0/20260806T104711+0000_formal_seed2024/mainconf_r1_depth_kmode_edge_diag_seed2024_20260806T104711+0000/wandb/latest-run/logs/debug-core.log,13306,6b32d78ff37d5e5abaf39683b70526ffcbb527a811fc3305945721457b1b4d15
results/seed2024_shard0/20260806T104711+0000_formal_seed2024/mainconf_r1_depth_kmode_edge_diag_seed2024_20260806T104711+0000/wandb/latest-run/logs/debug-internal.log,1712,3e9e3e955785b31ee4965c4d0ffa0b4f927d32176226d8a98ec8e850e98ab11b
results/seed2024_shard0/20260806T104711+0000_formal_seed2024/mainconf_r1_depth_kmode_edge_diag_seed2024_20260806T104711+0000/wandb/latest-run/logs/debug.log,4789,442b106d6979971b63f76af183be5f27b5b89f65369dc7d7d2e2b01fae90a1e7
results/seed2024_shard0/20260806T104711+0000_formal_seed2024/mainconf_r1_depth_kmode_edge_diag_seed2024_20260806T104711+0000/wandb/latest-run/run-8c47b98f371f.wandb,175140,e264ad6baaeba43fd23416ec7cd433ab277dc39f4b48e1444dbcc84530f7ee33
results/seed2024_shard0/20260806T104711+0000_formal_seed2024/mainconf_r1_depth_kmode_edge_diag_seed2024_20260806T104711+0000/wandb/run-20260807_060011-8c47b98f371f/files/config.yaml,5855,f8e9feb6eb55e848ee708a14e4ea46718b37a18696996c52f8c9fb2f162485d8
results/seed2024_shard0/20260806T104711+0000_formal_seed2024/mainconf_r1_depth_kmode_edge_diag_seed2024_20260806T104711+0000/wandb/run-20260807_060011-8c47b98f371f/files/requirements.txt,1616,c42bd83dae15b8c3a5c6ea9dffff6162a7497b8eac0a637e007ae1321eb2dd95
results/seed2024_shard0/20260806T104711+0000_formal_seed2024/mainconf_r1_depth_kmode_edge_diag_seed2024_20260806T104711+0000/wandb/run-20260807_060011-8c47b98f371f/files/wandb-metadata.json,2407,b5260e9238ab52d6acf4167aed6d09c8f1ed2c272bda614fbe565bb008dc7074
results/seed2024_shard0/20260806T104711+0000_formal_seed2024/mainconf_r1_depth_kmode_edge_diag_seed2024_20260806T104711+0000/wandb/run-20260807_060011-8c47b98f371f/files/wandb-summary.json,2672,f93fdf90663fc2957cb812f19eada8183ad6745403e7bf5ccc8979f0278c4608
results/seed2024_shard0/20260806T104711+0000_formal_seed2024/mainconf_r1_depth_kmode_edge_diag_seed2024_20260806T104711+0000/wandb/run-20260807_060011-8c47b98f371f/logs/debug-core.log,13306,6b32d78ff37d5e5abaf39683b70526ffcbb527a811fc3305945721457b1b4d15
results/seed2024_shard0/20260806T104711+0000_formal_seed2024/mainconf_r1_depth_kmode_edge_diag_seed2024_20260806T104711+0000/wandb/run-20260807_060011-8c47b98f371f/logs/debug-internal.log,1712,3e9e3e955785b31ee4965c4d0ffa0b4f927d32176226d8a98ec8e850e98ab11b
results/seed2024_shard0/20260806T104711+0000_formal_seed2024/mainconf_r1_depth_kmode_edge_diag_seed2024_20260806T104711+0000/wandb/run-20260807_060011-8c47b98f371f/logs/debug.log,4789,442b106d6979971b63f76af183be5f27b5b89f65369dc7d7d2e2b01fae90a1e7
results/seed2024_shard0/20260806T104711+0000_formal_seed2024/mainconf_r1_depth_kmode_edge_diag_seed2024_20260806T104711+0000/wandb/run-20260807_060011-8c47b98f371f/run-8c47b98f371f.wandb,175140,e264ad6baaeba43fd23416ec7cd433ab277dc39f4b48e1444dbcc84530f7ee33
results/seed2024_shard0/20260806T104711+0000_formal_seed2024/mainconf_r1_depth_kmode_edge_diag_seed2024_20260806T104711+0000PRIVATE_PATH_REDACTED,500834,99d75902187a6379ee4f522cd2ddd403be0a740d93d7869fb6218e47a2a5656c
results/seed2024_shard0/20260806T104711+0000_formal_seed2024/mainconf_r1_depth_kmode_edge_diag_seed2024_20260806T104711+0000PRIVATE_PATH_REDACTED,43503,3d44f091f5746b47fc51eb60917e4e5e7c636bc0db65d57cc9d925ada49705ae
results/seed2024_shard0/20260806T104711+0000_formal_seed2024/mainconf_r1_depth_kmode_edge_diag_seed2024_20260806T104711+0000PRIVATE_PATH_REDACTED,18770,b51ac50c699b05306619d92cb9ec6edadd266d8118c53f5b9726db76480ea16d
results/seed2024_shard0/20260806T104711+0000_formal_seed2024/mainconf_r1_depth_kmode_edge_none_seed2024_20260806T104711+0000/official_to_r1.patch,19276,5b1b8811b90152fda21597f9a8d7a89d3855fd360664ba69e4e3a7698386581e
results/seed2024_shard0/20260806T104711+0000_formal_seed2024/mainconf_r1_depth_kmode_edge_none_seed2024_20260806T104711+0000/r1_metrics.csv,592586,04b06d1e05eed95042ee2d92b1b90414b6d2278efc43855c9123032f5252030f
results/seed2024_shard0/20260806T104711+0000_formal_seed2024/mainconf_r1_depth_kmode_edge_none_seed2024_20260806T104711+0000/r1_summary.json,3985,fb2193d253568a187e88c5d4a9a55a1db0e4fda75b86e77286f334fc0d1d3cfd
results/seed2024_shard0/20260806T104711+0000_formal_seed2024/mainconf_r1_depth_kmode_edge_none_seed2024_20260806T104711+0000/run_manifest.json,8381,fdc4d12ff5eb83bba80dde1c357b40c7549f31a6f52c1e7022be88bff977415e
results/seed2024_shard0/20260806T104711+0000_formal_seed2024/mainconf_r1_depth_kmode_edge_none_seed2024_20260806T104711+0000/source_manifest.json,3043,c215ceb1989b659e03a3ddfe802da3f95f839142b2e9798b0bcfa3990387050a
results/seed2024_shard0/20260806T104711+0000_formal_seed2024/mainconf_r1_depth_kmode_edge_none_seed2024_20260806T104711+0000/training_log_with_source.txt,500831,dd50efa4e1d34627e4136b85142bc5c837df8986937e2dae0c6e23c69d0605c2
results/seed2024_shard0/20260806T104711+0000_formal_seed2024/mainconf_r1_depth_kmode_edge_none_seed2024_20260806T104711+0000/training_stdout.log,455517,e8abcf294efae80ee3c89c67dca5db64026b4673c5f18c24e95f8ba2a5094359
results/seed2024_shard0/20260806T104711+0000_formal_seed2024/mainconf_r1_depth_kmode_edge_none_seed2024_20260806T104711+0000/wandb/debug-internal.log,2177,d8ec51e358a04441e4e1da2fb1f7fd3a1ea193d7d807a3ed1a2be2c226e84ae4
results/seed2024_shard0/20260806T104711+0000_formal_seed2024/mainconf_r1_depth_kmode_edge_none_seed2024_20260806T104711+0000/wandb/debug.log,4789,2a0140ffc46ff1a0f0dd6ead3582527eaa0ccd612cc87609ed427ab8618a5232
results/seed2024_shard0/20260806T104711+0000_formal_seed2024/mainconf_r1_depth_kmode_edge_none_seed2024_20260806T104711+0000/wandb/latest-run/files/config.yaml,5876,13414b53ffda6a3e08297971494ef5c5f58ed4e1e4237b64f7f6fd4e52536611
results/seed2024_shard0/20260806T104711+0000_formal_seed2024/mainconf_r1_depth_kmode_edge_none_seed2024_20260806T104711+0000/wandb/latest-run/files/requirements.txt,1616,c42bd83dae15b8c3a5c6ea9dffff6162a7497b8eac0a637e007ae1321eb2dd95
results/seed2024_shard0/20260806T104711+0000_formal_seed2024/mainconf_r1_depth_kmode_edge_none_seed2024_20260806T104711+0000/wandb/latest-run/files/wandb-metadata.json,2407,5ea3119b09581f72bc00c2d6a9ce58ecb777e5aecba6992bad91c978efe9808d
results/seed2024_shard0/20260806T104711+0000_formal_seed2024/mainconf_r1_depth_kmode_edge_none_seed2024_20260806T104711+0000/wandb/latest-run/files/wandb-summary.json,2668,10ea2e4bc81373508d56ca099f318ed3a6e8204de4cb5f5d089fb63584e81093
results/seed2024_shard0/20260806T104711+0000_formal_seed2024/mainconf_r1_depth_kmode_edge_none_seed2024_20260806T104711+0000/wandb/latest-run/logs/debug-core.log,13306,6b32d78ff37d5e5abaf39683b70526ffcbb527a811fc3305945721457b1b4d15
results/seed2024_shard0/20260806T104711+0000_formal_seed2024/mainconf_r1_depth_kmode_edge_none_seed2024_20260806T104711+0000/wandb/latest-run/logs/debug-internal.log,2177,d8ec51e358a04441e4e1da2fb1f7fd3a1ea193d7d807a3ed1a2be2c226e84ae4
results/seed2024_shard0/20260806T104711+0000_formal_seed2024/mainconf_r1_depth_kmode_edge_none_seed2024_20260806T104711+0000/wandb/latest-run/logs/debug.log,4789,2a0140ffc46ff1a0f0dd6ead3582527eaa0ccd612cc87609ed427ab8618a5232
results/seed2024_shard0/20260806T104711+0000_formal_seed2024/mainconf_r1_depth_kmode_edge_none_seed2024_20260806T104711+0000/wandb/latest-run/run-26f3a42d23eb.wandb,175095,ad5bbf11b24c1cfdcf703c9bbfd256a63de6de8700282d04a211d9e2c06fb13a
results/seed2024_shard0/20260806T104711+0000_formal_seed2024/mainconf_r1_depth_kmode_edge_none_seed2024_20260806T104711+0000/wandb/run-20260807_024801-26f3a42d23eb/files/config.yaml,5876,13414b53ffda6a3e08297971494ef5c5f58ed4e1e4237b64f7f6fd4e52536611
results/seed2024_shard0/20260806T104711+0000_formal_seed2024/mainconf_r1_depth_kmode_edge_none_seed2024_20260806T104711+0000/wandb/run-20260807_024801-26f3a42d23eb/files/requirements.txt,1616,c42bd83dae15b8c3a5c6ea9dffff6162a7497b8eac0a637e007ae1321eb2dd95
results/seed2024_shard0/20260806T104711+0000_formal_seed2024/mainconf_r1_depth_kmode_edge_none_seed2024_20260806T104711+0000/wandb/run-20260807_024801-26f3a42d23eb/files/wandb-metadata.json,2407,5ea3119b09581f72bc00c2d6a9ce58ecb777e5aecba6992bad91c978efe9808d
results/seed2024_shard0/20260806T104711+0000_formal_seed2024/mainconf_r1_depth_kmode_edge_none_seed2024_20260806T104711+0000/wandb/run-20260807_024801-26f3a42d23eb/files/wandb-summary.json,2668,10ea2e4bc81373508d56ca099f318ed3a6e8204de4cb5f5d089fb63584e81093
results/seed2024_shard0/20260806T104711+0000_formal_seed2024/mainconf_r1_depth_kmode_edge_none_seed2024_20260806T104711+0000/wandb/run-20260807_024801-26f3a42d23eb/logs/debug-core.log,13306,6b32d78ff37d5e5abaf39683b70526ffcbb527a811fc3305945721457b1b4d15
results/seed2024_shard0/20260806T104711+0000_formal_seed2024/mainconf_r1_depth_kmode_edge_none_seed2024_20260806T104711+0000/wandb/run-20260807_024801-26f3a42d23eb/logs/debug-internal.log,2177,d8ec51e358a04441e4e1da2fb1f7fd3a1ea193d7d807a3ed1a2be2c226e84ae4
results/seed2024_shard0/20260806T104711+0000_formal_seed2024/mainconf_r1_depth_kmode_edge_none_seed2024_20260806T104711+0000/wandb/run-20260807_024801-26f3a42d23eb/logs/debug.log,4789,2a0140ffc46ff1a0f0dd6ead3582527eaa0ccd612cc87609ed427ab8618a5232
results/seed2024_shard0/20260806T104711+0000_formal_seed2024/mainconf_r1_depth_kmode_edge_none_seed2024_20260806T104711+0000/wandb/run-20260807_024801-26f3a42d23eb/run-26f3a42d23eb.wandb,175095,ad5bbf11b24c1cfdcf703c9bbfd256a63de6de8700282d04a211d9e2c06fb13a
results/seed2024_shard0/20260806T104711+0000_formal_seed2024/mainconf_r1_depth_kmode_edge_none_seed2024_20260806T104711+0000PRIVATE_PATH_REDACTED,500831,dd50efa4e1d34627e4136b85142bc5c837df8986937e2dae0c6e23c69d0605c2
results/seed2024_shard0/20260806T104711+0000_formal_seed2024/mainconf_r1_depth_kmode_edge_none_seed2024_20260806T104711+0000PRIVATE_PATH_REDACTED,43503,1bfa2ebda0724eb8adc470c421e9aee7ffda4a304746a9ab6150ab9ab733a10b
results/seed2024_shard0/20260806T104711+0000_formal_seed2024/mainconf_r1_depth_kmode_edge_none_seed2024_20260806T104711+0000PRIVATE_PATH_REDACTED,18770,b51ac50c699b05306619d92cb9ec6edadd266d8118c53f5b9726db76480ea16d
results/seed2024_shard0/20260806T104711+0000_formal_seed2024/mainconf_r1_depth_kmode_late_diag_seed2024_20260806T104711+0000/official_to_r1.patch,19276,52c9ea921347d1c3babbe4cd80156a3b4f9d59d9f434795f7e3add9807cc07dd
results/seed2024_shard0/20260806T104711+0000_formal_seed2024/mainconf_r1_depth_kmode_late_diag_seed2024_20260806T104711+0000/r1_metrics.csv,592638,d7797ed5b43b4814eef944b32c8b6f2fa382c239f21e1f0b217c238766b103d0
results/seed2024_shard0/20260806T104711+0000_formal_seed2024/mainconf_r1_depth_kmode_late_diag_seed2024_20260806T104711+0000/r1_summary.json,3980,f1c9769583d518f94e1ebc2987b19607eb6d6608aa61ad9321ac1c001b3f25b0
results/seed2024_shard0/20260806T104711+0000_formal_seed2024/mainconf_r1_depth_kmode_late_diag_seed2024_20260806T104711+0000/run_manifest.json,8376,b9f7846491cd084211742f1936d6e1cf8a12011ba5446fbfd0ef96af411e7777
results/seed2024_shard0/20260806T104711+0000_formal_seed2024/mainconf_r1_depth_kmode_late_diag_seed2024_20260806T104711+0000/source_manifest.json,3043,d9014fab2882df89a3decf09d8ba17fdafe70403d43dd3c27978efcda9c88862
results/seed2024_shard0/20260806T104711+0000_formal_seed2024/mainconf_r1_depth_kmode_late_diag_seed2024_20260806T104711+0000/training_log_with_source.txt,500740,7d81e43867d1280aa3c34476ba7d6afa50702660724d7edf64628e0a24e19624
results/seed2024_shard0/20260806T104711+0000_formal_seed2024/mainconf_r1_depth_kmode_late_diag_seed2024_20260806T104711+0000/training_stdout.log,455518,3389ac0c7a7313927bb43cffbc2f6ad2c8ad63ac6dc4b03059c848018efb41ca
results/seed2024_shard0/20260806T104711+0000_formal_seed2024/mainconf_r1_depth_kmode_late_diag_seed2024_20260806T104711+0000/wandb/debug-internal.log,2180,2d3d1fbbc0959b2f4e8288e01b5ddfd85f30e6253275efdbb5a687df74d8f7ea
results/seed2024_shard0/20260806T104711+0000_formal_seed2024/mainconf_r1_depth_kmode_late_diag_seed2024_20260806T104711+0000/wandb/debug.log,4789,5241d721e513f5245d7ee7b019cfff7376accc94401281a1d987da8b20bd778b
results/seed2024_shard0/20260806T104711+0000_formal_seed2024/mainconf_r1_depth_kmode_late_diag_seed2024_20260806T104711+0000/wandb/latest-run/files/config.yaml,5876,016336449884f2eea7477e5ca128834ebf6f9a089ce1a09c89de67e31fd35691
results/seed2024_shard0/20260806T104711+0000_formal_seed2024/mainconf_r1_depth_kmode_late_diag_seed2024_20260806T104711+0000/wandb/latest-run/files/requirements.txt,1616,c42bd83dae15b8c3a5c6ea9dffff6162a7497b8eac0a637e007ae1321eb2dd95
results/seed2024_shard0/20260806T104711+0000_formal_seed2024/mainconf_r1_depth_kmode_late_diag_seed2024_20260806T104711+0000/wandb/latest-run/files/wandb-metadata.json,2407,47365fb1b55f4d088ac02e67ef6367470dc57aa85b5d92baeb69165171b88907
results/seed2024_shard0/20260806T104711+0000_formal_seed2024/mainconf_r1_depth_kmode_late_diag_seed2024_20260806T104711+0000/wandb/latest-run/files/wandb-summary.json,2668,2dd827d442d8f84cf0507c7ba6b186a0e4e5c0a07761a382dc191e0bd6904870
results/seed2024_shard0/20260806T104711+0000_formal_seed2024/mainconf_r1_depth_kmode_late_diag_seed2024_20260806T104711+0000/wandb/latest-run/logs/debug-core.log,13306,6b32d78ff37d5e5abaf39683b70526ffcbb527a811fc3305945721457b1b4d15
results/seed2024_shard0/20260806T104711+0000_formal_seed2024/mainconf_r1_depth_kmode_late_diag_seed2024_20260806T104711+0000/wandb/latest-run/logs/debug-internal.log,2180,2d3d1fbbc0959b2f4e8288e01b5ddfd85f30e6253275efdbb5a687df74d8f7ea
results/seed2024_shard0/20260806T104711+0000_formal_seed2024/mainconf_r1_depth_kmode_late_diag_seed2024_20260806T104711+0000/wandb/latest-run/logs/debug.log,4789,5241d721e513f5245d7ee7b019cfff7376accc94401281a1d987da8b20bd778b
results/seed2024_shard0/20260806T104711+0000_formal_seed2024/mainconf_r1_depth_kmode_late_diag_seed2024_20260806T104711+0000/wandb/latest-run/run-5b3a74cf81fb.wandb,175134,b14ca8ab55b0b68dbd2a2f7945d57d481fcd185003b42f84b138af779d32f99f
results/seed2024_shard0/20260806T104711+0000_formal_seed2024/mainconf_r1_depth_kmode_late_diag_seed2024_20260806T104711+0000/wandb/run-20260806_233614-5b3a74cf81fb/files/config.yaml,5876,016336449884f2eea7477e5ca128834ebf6f9a089ce1a09c89de67e31fd35691
results/seed2024_shard0/20260806T104711+0000_formal_seed2024/mainconf_r1_depth_kmode_late_diag_seed2024_20260806T104711+0000/wandb/run-20260806_233614-5b3a74cf81fb/files/requirements.txt,1616,c42bd83dae15b8c3a5c6ea9dffff6162a7497b8eac0a637e007ae1321eb2dd95
results/seed2024_shard0/20260806T104711+0000_formal_seed2024/mainconf_r1_depth_kmode_late_diag_seed2024_20260806T104711+0000/wandb/run-20260806_233614-5b3a74cf81fb/files/wandb-metadata.json,2407,47365fb1b55f4d088ac02e67ef6367470dc57aa85b5d92baeb69165171b88907
results/seed2024_shard0/20260806T104711+0000_formal_seed2024/mainconf_r1_depth_kmode_late_diag_seed2024_20260806T104711+0000/wandb/run-20260806_233614-5b3a74cf81fb/files/wandb-summary.json,2668,2dd827d442d8f84cf0507c7ba6b186a0e4e5c0a07761a382dc191e0bd6904870
results/seed2024_shard0/20260806T104711+0000_formal_seed2024/mainconf_r1_depth_kmode_late_diag_seed2024_20260806T104711+0000/wandb/run-20260806_233614-5b3a74cf81fb/logs/debug-core.log,13306,6b32d78ff37d5e5abaf39683b70526ffcbb527a811fc3305945721457b1b4d15
results/seed2024_shard0/20260806T104711+0000_formal_seed2024/mainconf_r1_depth_kmode_late_diag_seed2024_20260806T104711+0000/wandb/run-20260806_233614-5b3a74cf81fb/logs/debug-internal.log,2180,2d3d1fbbc0959b2f4e8288e01b5ddfd85f30e6253275efdbb5a687df74d8f7ea
results/seed2024_shard0/20260806T104711+0000_formal_seed2024/mainconf_r1_depth_kmode_late_diag_seed2024_20260806T104711+0000/wandb/run-20260806_233614-5b3a74cf81fb/logs/debug.log,4789,5241d721e513f5245d7ee7b019cfff7376accc94401281a1d987da8b20bd778b
results/seed2024_shard0/20260806T104711+0000_formal_seed2024/mainconf_r1_depth_kmode_late_diag_seed2024_20260806T104711+0000/wandb/run-20260806_233614-5b3a74cf81fb/run-5b3a74cf81fb.wandb,175134,b14ca8ab55b0b68dbd2a2f7945d57d481fcd185003b42f84b138af779d32f99f
results/seed2024_shard0/20260806T104711+0000_formal_seed2024/mainconf_r1_depth_kmode_late_diag_seed2024_20260806T104711+0000PRIVATE_PATH_REDACTED,500740,7d81e43867d1280aa3c34476ba7d6afa50702660724d7edf64628e0a24e19624
results/seed2024_shard0/20260806T104711+0000_formal_seed2024/mainconf_r1_depth_kmode_late_diag_seed2024_20260806T104711+0000PRIVATE_PATH_REDACTED,43503,c6c6639cde2be5894ec4cc5b9627ba636fd423ee073d4fdba41d68d0ecaa578d
results/seed2024_shard0/20260806T104711+0000_formal_seed2024/mainconf_r1_depth_kmode_late_diag_seed2024_20260806T104711+0000PRIVATE_PATH_REDACTED,18770,b51ac50c699b05306619d92cb9ec6edadd266d8118c53f5b9726db76480ea16d
results/seed2024_shard0/20260806T104711+0000_formal_seed2024/mainconf_r1_depth_kmode_late_none_seed2024_20260806T104711+0000/official_to_r1.patch,19276,3669112b009b52ce84c5722a49dc508def6a08b9afdbe147a61953f52dd0d7a4
results/seed2024_shard0/20260806T104711+0000_formal_seed2024/mainconf_r1_depth_kmode_late_none_seed2024_20260806T104711+0000/r1_metrics.csv,592678,80bc895619e9dc2a3ebca81569827288a8f048873d6a10530a271d02ea226c3c
results/seed2024_shard0/20260806T104711+0000_formal_seed2024/mainconf_r1_depth_kmode_late_none_seed2024_20260806T104711+0000/r1_summary.json,3986,51b56a937b88e0f3ff4ba7806566251e5daa9b2c40bfed3de4177e47f8a85cbb
results/seed2024_shard0/20260806T104711+0000_formal_seed2024/mainconf_r1_depth_kmode_late_none_seed2024_20260806T104711+0000/run_manifest.json,8382,794583b594c3d87f18785cee519573796ebec34aa328d30bf575bebeb9d62ab5
results/seed2024_shard0/20260806T104711+0000_formal_seed2024/mainconf_r1_depth_kmode_late_none_seed2024_20260806T104711+0000/source_manifest.json,3043,bfb21e01a2e5eb0b7102e5fdea2f3b5f6bc52a5abfc060e29a8ae45a36feb051
results/seed2024_shard0/20260806T104711+0000_formal_seed2024/mainconf_r1_depth_kmode_late_none_seed2024_20260806T104711+0000/training_log_with_source.txt,500834,8c8dc0126b1f456592a175f047d41a1d4db842b499edf8de9974e63c68ce21d8
results/seed2024_shard0/20260806T104711+0000_formal_seed2024/mainconf_r1_depth_kmode_late_none_seed2024_20260806T104711+0000/training_stdout.log,455520,981e3c1736a2575d647d653dc6f6d926e475d9facaf9e398a6969a861983a49b
results/seed2024_shard0/20260806T104711+0000_formal_seed2024/mainconf_r1_depth_kmode_late_none_seed2024_20260806T104711+0000/wandb/debug-internal.log,1948,305b3cb2f115287d079ff34ff2c1927b17a2787108509b92765e59a52c5ec68d
results/seed2024_shard0/20260806T104711+0000_formal_seed2024/mainconf_r1_depth_kmode_late_none_seed2024_20260806T104711+0000/wandb/debug.log,4789,5dcc731433b765306c2ce9d62fe051b776dee5898fea50d5f9560d93a760fe79
results/seed2024_shard0/20260806T104711+0000_formal_seed2024/mainconf_r1_depth_kmode_late_none_seed2024_20260806T104711+0000/wandb/latest-run/files/config.yaml,5876,fcb5ca39bd7302bcecd293bb8a03c215bb29d00c3c1c5633659fcbb5f41d185c
results/seed2024_shard0/20260806T104711+0000_formal_seed2024/mainconf_r1_depth_kmode_late_none_seed2024_20260806T104711+0000/wandb/latest-run/files/requirements.txt,1616,c42bd83dae15b8c3a5c6ea9dffff6162a7497b8eac0a637e007ae1321eb2dd95
results/seed2024_shard0/20260806T104711+0000_formal_seed2024/mainconf_r1_depth_kmode_late_none_seed2024_20260806T104711+0000/wandb/latest-run/files/wandb-metadata.json,2407,9238305a64422ed6d40aa79650b873420648c4d60fc5ddc7d68ea37372037487
results/seed2024_shard0/20260806T104711+0000_formal_seed2024/mainconf_r1_depth_kmode_late_none_seed2024_20260806T104711+0000/wandb/latest-run/files/wandb-summary.json,2670,3d8a84252e8f8428dd952db001b7fd9e041b253803e943d805f5734c73e9c39c
results/seed2024_shard0/20260806T104711+0000_formal_seed2024/mainconf_r1_depth_kmode_late_none_seed2024_20260806T104711+0000/wandb/latest-run/logs/debug-core.log,13306,6b32d78ff37d5e5abaf39683b70526ffcbb527a811fc3305945721457b1b4d15
results/seed2024_shard0/20260806T104711+0000_formal_seed2024/mainconf_r1_depth_kmode_late_none_seed2024_20260806T104711+0000/wandb/latest-run/logs/debug-internal.log,1948,305b3cb2f115287d079ff34ff2c1927b17a2787108509b92765e59a52c5ec68d
results/seed2024_shard0/20260806T104711+0000_formal_seed2024/mainconf_r1_depth_kmode_late_none_seed2024_20260806T104711+0000/wandb/latest-run/logs/debug.log,4789,5dcc731433b765306c2ce9d62fe051b776dee5898fea50d5f9560d93a760fe79
results/seed2024_shard0/20260806T104711+0000_formal_seed2024/mainconf_r1_depth_kmode_late_none_seed2024_20260806T104711+0000/wandb/latest-run/run-23d32caa7745.wandb,175204,78b38d935eff94109ef3ac424fea05f3ad8a7ce7ce416ad02f4865624b17622c
results/seed2024_shard0/20260806T104711+0000_formal_seed2024/mainconf_r1_depth_kmode_late_none_seed2024_20260806T104711+0000/wandb/run-20260806_202428-23d32caa7745/files/config.yaml,5876,fcb5ca39bd7302bcecd293bb8a03c215bb29d00c3c1c5633659fcbb5f41d185c
results/seed2024_shard0/20260806T104711+0000_formal_seed2024/mainconf_r1_depth_kmode_late_none_seed2024_20260806T104711+0000/wandb/run-20260806_202428-23d32caa7745/files/requirements.txt,1616,c42bd83dae15b8c3a5c6ea9dffff6162a7497b8eac0a637e007ae1321eb2dd95
results/seed2024_shard0/20260806T104711+0000_formal_seed2024/mainconf_r1_depth_kmode_late_none_seed2024_20260806T104711+0000/wandb/run-20260806_202428-23d32caa7745/files/wandb-metadata.json,2407,9238305a64422ed6d40aa79650b873420648c4d60fc5ddc7d68ea37372037487
results/seed2024_shard0/20260806T104711+0000_formal_seed2024/mainconf_r1_depth_kmode_late_none_seed2024_20260806T104711+0000/wandb/run-20260806_202428-23d32caa7745/files/wandb-summary.json,2670,3d8a84252e8f8428dd952db001b7fd9e041b253803e943d805f5734c73e9c39c
results/seed2024_shard0/20260806T104711+0000_formal_seed2024/mainconf_r1_depth_kmode_late_none_seed2024_20260806T104711+0000/wandb/run-20260806_202428-23d32caa7745/logs/debug-core.log,13306,6b32d78ff37d5e5abaf39683b70526ffcbb527a811fc3305945721457b1b4d15
results/seed2024_shard0/20260806T104711+0000_formal_seed2024/mainconf_r1_depth_kmode_late_none_seed2024_20260806T104711+0000/wandb/run-20260806_202428-23d32caa7745/logs/debug-internal.log,1948,305b3cb2f115287d079ff34ff2c1927b17a2787108509b92765e59a52c5ec68d
results/seed2024_shard0/20260806T104711+0000_formal_seed2024/mainconf_r1_depth_kmode_late_none_seed2024_20260806T104711+0000/wandb/run-20260806_202428-23d32caa7745/logs/debug.log,4789,5dcc731433b765306c2ce9d62fe051b776dee5898fea50d5f9560d93a760fe79
results/seed2024_shard0/20260806T104711+0000_formal_seed2024/mainconf_r1_depth_kmode_late_none_seed2024_20260806T104711+0000/wandb/run-20260806_202428-23d32caa7745/run-23d32caa7745.wandb,175204,78b38d935eff94109ef3ac424fea05f3ad8a7ce7ce416ad02f4865624b17622c
results/seed2024_shard0/20260806T104711+0000_formal_seed2024/mainconf_r1_depth_kmode_late_none_seed2024_20260806T104711+0000PRIVATE_PATH_REDACTED,500834,8c8dc0126b1f456592a175f047d41a1d4db842b499edf8de9974e63c68ce21d8
results/seed2024_shard0/20260806T104711+0000_formal_seed2024/mainconf_r1_depth_kmode_late_none_seed2024_20260806T104711+0000PRIVATE_PATH_REDACTED,43503,0ab1cee1103a773d9e97d67d85be27e4118189a82a27829630d70f5fad1b1db6
results/seed2024_shard0/20260806T104711+0000_formal_seed2024/mainconf_r1_depth_kmode_late_none_seed2024_20260806T104711+0000PRIVATE_PATH_REDACTED,18770,b51ac50c699b05306619d92cb9ec6edadd266d8118c53f5b9726db76480ea16d
results/seed2024_shard0/20260806T104711+0000_formal_seed2024/r1_common_target_comparison.csv,403,fb67ccc0209a4730797f9aacdadfba90a7a940b4583d58311fca248d1a8a136f
results/seed2024_shard0/20260806T104711+0000_formal_seed2024/r1_manifest.json,28315,565f7aa5d5d870222e3bd1d353feb82f60d6e3f600106661883008080d92757e
results/seed2024_shard0/20260806T104711+0000_formal_seed2024/r1_plan.json,11438,5e4c8615ff2ef4da1a0a29af6087392819f3227d680d0b46744d88d49a19d5f3
results/seed2024_shard0/20260806T104711+0000_formal_seed2024/r1_summary.csv,7615,15688a98f68747b67c43f53a097cccce262373432cd7aa7dcb661d954b6af31f
results/seed2024_shard1/20260806T101727+0000_smoke_seed2024/mainconf_r1_depth_kmode_all_diag_exact_shape_smoke34_20260806T101727+0000/official_to_r1.patch,19295,2ea6ba5a6e254095cca940f9375bcd0821dc1cace39643c9037a407368d3d548
results/seed2024_shard1/20260806T101727+0000_smoke_seed2024/mainconf_r1_depth_kmode_all_diag_exact_shape_smoke34_20260806T101727+0000/r1_metrics.csv,2611,8a5df040aa4f590c506133402c7ac5a23c8bc325a430501bc57477a66e99391c
results/seed2024_shard1/20260806T101727+0000_smoke_seed2024/mainconf_r1_depth_kmode_all_diag_exact_shape_smoke34_20260806T101727+0000/r1_summary.json,3829,af0d805be5d66dfa236a5e253ae13fdf2e5b08417bb229d83f4a51f59235713c
results/seed2024_shard1/20260806T101727+0000_smoke_seed2024/mainconf_r1_depth_kmode_all_diag_exact_shape_smoke34_20260806T101727+0000/run_manifest.json,8042,e14b15f2899703a29a45ebe0fcb1b11246fce0809ee3c5f5e4013dc89468b9eb
results/seed2024_shard1/20260806T101727+0000_smoke_seed2024/mainconf_r1_depth_kmode_all_diag_exact_shape_smoke34_20260806T101727+0000/source_manifest.json,3097,d6b8c344ef2f3860f956e86bd536bca6163ed50199a853cb3c31cd80f9daca35
results/seed2024_shard1/20260806T101727+0000_smoke_seed2024/mainconf_r1_depth_kmode_all_diag_exact_shape_smoke34_20260806T101727+0000/training_log_with_source.txt,48294,fd3afa44d167087cb2590b38a6407d53234244f9587f468c06357a0966946e43
results/seed2024_shard1/20260806T101727+0000_smoke_seed2024/mainconf_r1_depth_kmode_all_diag_exact_shape_smoke34_20260806T101727+0000/training_stdout.log,2963,6c15f229e9b5e38301fa15b5648a2f9340ccefd6b7b1c5828df2aa216c42c927
results/seed2024_shard1/20260806T101727+0000_smoke_seed2024/mainconf_r1_depth_kmode_all_diag_exact_shape_smoke34_20260806T101727+0000PRIVATE_PATH_REDACTED,48294,fd3afa44d167087cb2590b38a6407d53234244f9587f468c06357a0966946e43
results/seed2024_shard1/20260806T101727+0000_smoke_seed2024/mainconf_r1_depth_kmode_all_diag_exact_shape_smoke34_20260806T101727+0000PRIVATE_PATH_REDACTED,43523,99f649d7e859362cde29a7ea73b15b77550ebf17fe7a14ae1ae4c6397e11df67
results/seed2024_shard1/20260806T101727+0000_smoke_seed2024/mainconf_r1_depth_kmode_all_diag_exact_shape_smoke34_20260806T101727+0000PRIVATE_PATH_REDACTED,18770,b51ac50c699b05306619d92cb9ec6edadd266d8118c53f5b9726db76480ea16d
results/seed2024_shard1/20260806T101727+0000_smoke_seed2024/mainconf_r1_depth_kmode_all_none_exact_shape_smoke34_20260806T101727+0000/official_to_r1.patch,19295,10e32559b456c5a09d4e73a54d5c19915c6384e66f6132a87d9759a59f24ba0a
results/seed2024_shard1/20260806T101727+0000_smoke_seed2024/mainconf_r1_depth_kmode_all_none_exact_shape_smoke34_20260806T101727+0000/r1_metrics.csv,2610,5de10015e4617ba9550618b15334abed140a12e37b61f43435f5fb8346b9512c
results/seed2024_shard1/20260806T101727+0000_smoke_seed2024/mainconf_r1_depth_kmode_all_none_exact_shape_smoke34_20260806T101727+0000/r1_summary.json,3829,c5c6f092367117be5528b4998e95c5529aefa6ecd1af0014da8789bdf0248f65
results/seed2024_shard1/20260806T101727+0000_smoke_seed2024/mainconf_r1_depth_kmode_all_none_exact_shape_smoke34_20260806T101727+0000/run_manifest.json,8042,dc6e4ae7a0c4110a91da6f2cfdaf0aec80ecdcb5b8a5f0b330a0198857bde2ac
results/seed2024_shard1/20260806T101727+0000_smoke_seed2024/mainconf_r1_depth_kmode_all_none_exact_shape_smoke34_20260806T101727+0000/source_manifest.json,3097,095e4d4276af5a68010800b00cfb366f8131d9b72d2b8960e64eabfc194961b7
results/seed2024_shard1/20260806T101727+0000_smoke_seed2024/mainconf_r1_depth_kmode_all_none_exact_shape_smoke34_20260806T101727+0000/training_log_with_source.txt,48295,5d020023ba95707e375f2bebf08fcc68c6f7f1088e73c1f134dd359295f8181f
results/seed2024_shard1/20260806T101727+0000_smoke_seed2024/mainconf_r1_depth_kmode_all_none_exact_shape_smoke34_20260806T101727+0000/training_stdout.log,2964,243531f9d2c7c9a2db09d46b69629e7f3bbc64a4247d25d1e1a78a7cd7e57671
results/seed2024_shard1/20260806T101727+0000_smoke_seed2024/mainconf_r1_depth_kmode_all_none_exact_shape_smoke34_20260806T101727+0000PRIVATE_PATH_REDACTED,48295,5d020023ba95707e375f2bebf08fcc68c6f7f1088e73c1f134dd359295f8181f
results/seed2024_shard1/20260806T101727+0000_smoke_seed2024/mainconf_r1_depth_kmode_all_none_exact_shape_smoke34_20260806T101727+0000PRIVATE_PATH_REDACTED,43523,ed6a89f2b7dda8727a4105d3bd3c58ff219787c94f0463fd8e1eb79dda3f7375
results/seed2024_shard1/20260806T101727+0000_smoke_seed2024/mainconf_r1_depth_kmode_all_none_exact_shape_smoke34_20260806T101727+0000PRIVATE_PATH_REDACTED,18770,b51ac50c699b05306619d92cb9ec6edadd266d8118c53f5b9726db76480ea16d
results/seed2024_shard1/20260806T101727+0000_smoke_seed2024/mainconf_r1_depth_kmode_block4_exact_shape_smoke34_20260806T101727+0000/official_to_r1.patch,16152,8504b54b28c8787f7c7c06faec131aa4bad4a306910336f775f0f9b1162437e7
results/seed2024_shard1/20260806T101727+0000_smoke_seed2024/mainconf_r1_depth_kmode_block4_exact_shape_smoke34_20260806T101727+0000/r1_metrics.csv,2610,72508635c786b52bd0bea7447c9d38a2a42a1d273ee6917d39f8af6e194f75c1
results/seed2024_shard1/20260806T101727+0000_smoke_seed2024/mainconf_r1_depth_kmode_block4_exact_shape_smoke34_20260806T101727+0000/r1_summary.json,3547,4f506948615671bb310455787f6f25833f71e86aba4efa77f15d79868565cbb5
results/seed2024_shard1/20260806T101727+0000_smoke_seed2024/mainconf_r1_depth_kmode_block4_exact_shape_smoke34_20260806T101727+0000/run_manifest.json,7676,11b0df02cc15536339894a8da3dcec4151c2ee1fecf7e45fe67fdc38853f5238
results/seed2024_shard1/20260806T101727+0000_smoke_seed2024/mainconf_r1_depth_kmode_block4_exact_shape_smoke34_20260806T101727+0000/source_manifest.json,2809,5454bf6a5fe388b1b7629c23b481041e1257cef15663ef38316ef2c14df0a7e3
results/seed2024_shard1/20260806T101727+0000_smoke_seed2024/mainconf_r1_depth_kmode_block4_exact_shape_smoke34_20260806T101727+0000/training_log_with_source.txt,46327,49fe9bba3ff2e37573d983f31c6b188728560317a60b6fe56124db6752fbd663
results/seed2024_shard1/20260806T101727+0000_smoke_seed2024/mainconf_r1_depth_kmode_block4_exact_shape_smoke34_20260806T101727+0000/training_stdout.log,2849,d7c8e543804b72a9d4e3dc8bbb6818aa1917a1130248fdfc92d7f375e0e18c63
results/seed2024_shard1/20260806T101727+0000_smoke_seed2024/mainconf_r1_depth_kmode_block4_exact_shape_smoke34_20260806T101727+0000PRIVATE_PATH_REDACTED,46327,49fe9bba3ff2e37573d983f31c6b188728560317a60b6fe56124db6752fbd663
results/seed2024_shard1/20260806T101727+0000_smoke_seed2024/mainconf_r1_depth_kmode_block4_exact_shape_smoke34_20260806T101727+0000PRIVATE_PATH_REDACTED,41556,d4368715bb64d6ad89509876c4d7f28773fa4dd567accca09405ff34e74220f5
results/seed2024_shard1/20260806T101727+0000_smoke_seed2024/mainconf_r1_depth_kmode_block4_exact_shape_smoke34_20260806T101727+0000PRIVATE_PATH_REDACTED,18770,b51ac50c699b05306619d92cb9ec6edadd266d8118c53f5b9726db76480ea16d
results/seed2024_shard1/20260806T101727+0000_smoke_seed2024/mainconf_r1_depth_kmode_center_diag_exact_shape_smoke34_20260806T101727+0000/official_to_r1.patch,19282,e054f88c171c3f8ea45a7bf4deb9fc7958784494fe60f0ca495291a83a9779fb
results/seed2024_shard1/20260806T101727+0000_smoke_seed2024/mainconf_r1_depth_kmode_center_diag_exact_shape_smoke34_20260806T101727+0000/r1_metrics.csv,2712,11b2145c01826f43395a8a2c29e67c41c0ddd6739441f224b021a0119f62d3ef
results/seed2024_shard1/20260806T101727+0000_smoke_seed2024/mainconf_r1_depth_kmode_center_diag_exact_shape_smoke34_20260806T101727+0000/r1_summary.json,3810,3f0b34717c4a6f28e73c335d9ab0a23d4c8153c7a0d97f73b3f293254537fdfb
results/seed2024_shard1/20260806T101727+0000_smoke_seed2024/mainconf_r1_depth_kmode_center_diag_exact_shape_smoke34_20260806T101727+0000/run_manifest.json,8046,8b74debd273c88406e3860e07fe09123fa661fc37e14106c01f7f5569768cca2
results/seed2024_shard1/20260806T101727+0000_smoke_seed2024/mainconf_r1_depth_kmode_center_diag_exact_shape_smoke34_20260806T101727+0000/source_manifest.json,3072,ddab2a44a1395e8bd1bfa3a9a375f323fe22e6956abb582143f4a28d98a79f68
results/seed2024_shard1/20260806T101727+0000_smoke_seed2024/mainconf_r1_depth_kmode_center_diag_exact_shape_smoke34_20260806T101727+0000/training_log_with_source.txt,48278,9a185b06f03571f1ffffc75fbb20257a1fc3956a602e11054392e756b92efb61
results/seed2024_shard1/20260806T101727+0000_smoke_seed2024/mainconf_r1_depth_kmode_center_diag_exact_shape_smoke34_20260806T101727+0000/training_stdout.log,2962,44df3189092d6af3783743e241e11fda7c449c5a494e8e383b9b3b9d5d5047dc
results/seed2024_shard1/20260806T101727+0000_smoke_seed2024/mainconf_r1_depth_kmode_center_diag_exact_shape_smoke34_20260806T101727+0000PRIVATE_PATH_REDACTED,48278,9a185b06f03571f1ffffc75fbb20257a1fc3956a602e11054392e756b92efb61
results/seed2024_shard1/20260806T101727+0000_smoke_seed2024/mainconf_r1_depth_kmode_center_diag_exact_shape_smoke34_20260806T101727+0000PRIVATE_PATH_REDACTED,43507,00fcabeda94e1ba8aa9b4be765786f5f9f4a340ad588c95184efbf4fbb5129c1
results/seed2024_shard1/20260806T101727+0000_smoke_seed2024/mainconf_r1_depth_kmode_center_diag_exact_shape_smoke34_20260806T101727+0000PRIVATE_PATH_REDACTED,18770,b51ac50c699b05306619d92cb9ec6edadd266d8118c53f5b9726db76480ea16d
results/seed2024_shard1/20260806T101727+0000_smoke_seed2024/mainconf_r1_depth_kmode_center_none_exact_shape_smoke34_20260806T101727+0000/official_to_r1.patch,19282,deaa210a6912c3e304c921f3fc09becd57765d644f65453db6bcbb49b0b0d49c
results/seed2024_shard1/20260806T101727+0000_smoke_seed2024/mainconf_r1_depth_kmode_center_none_exact_shape_smoke34_20260806T101727+0000/r1_metrics.csv,2747,93bf1e7f5b6fa921bf5299d717effa35e718c1ac86b9206fa69c37e3eab10203
results/seed2024_shard1/20260806T101727+0000_smoke_seed2024/mainconf_r1_depth_kmode_center_none_exact_shape_smoke34_20260806T101727+0000/r1_summary.json,3807,bcc93333f2cf11c8b87259934550a4774dedbc6ec04cbf29ee995871bfce032d
results/seed2024_shard1/20260806T101727+0000_smoke_seed2024/mainconf_r1_depth_kmode_center_none_exact_shape_smoke34_20260806T101727+0000/run_manifest.json,8041,20e31a4319e6c0188bb61df49bd6542c39d33fed2021159e0da649af92b4451b
results/seed2024_shard1/20260806T101727+0000_smoke_seed2024/mainconf_r1_depth_kmode_center_none_exact_shape_smoke34_20260806T101727+0000/source_manifest.json,3072,dadbe23e5a3c101e381c02bd3ac86aaad30eaecc435da114eeac5df6e70d856f
results/seed2024_shard1/20260806T101727+0000_smoke_seed2024/mainconf_r1_depth_kmode_center_none_exact_shape_smoke34_20260806T101727+0000/training_log_with_source.txt,48310,8a86232bf297b2faa37bbb580484d50bad8b8ba1c8c67d39237f48a037e9c758
results/seed2024_shard1/20260806T101727+0000_smoke_seed2024/mainconf_r1_depth_kmode_center_none_exact_shape_smoke34_20260806T101727+0000/training_stdout.log,3302,805160080922bc3261740338e61899f993005d30a7d3f0f2e198cd9bfc952b20
results/seed2024_shard1/20260806T101727+0000_smoke_seed2024/mainconf_r1_depth_kmode_center_none_exact_shape_smoke34_20260806T101727+0000PRIVATE_PATH_REDACTED,48310,8a86232bf297b2faa37bbb580484d50bad8b8ba1c8c67d39237f48a037e9c758
results/seed2024_shard1/20260806T101727+0000_smoke_seed2024/mainconf_r1_depth_kmode_center_none_exact_shape_smoke34_20260806T101727+0000PRIVATE_PATH_REDACTED,43507,4fc159909505de20aebe3bc3bd45e50b96156a23dcdebd7451d7a5d25f4139db
results/seed2024_shard1/20260806T101727+0000_smoke_seed2024/mainconf_r1_depth_kmode_center_none_exact_shape_smoke34_20260806T101727+0000PRIVATE_PATH_REDACTED,18770,b51ac50c699b05306619d92cb9ec6edadd266d8118c53f5b9726db76480ea16d
results/seed2024_shard1/20260806T101727+0000_smoke_seed2024/mainconf_r1_depth_kmode_muon_exact_shape_smoke34_20260806T101727+0000/official_to_r1.patch,5710,d2365875f747992a33be06c593d7ed80aa22fa20e52d7125d4710112a840ae41
results/seed2024_shard1/20260806T101727+0000_smoke_seed2024/mainconf_r1_depth_kmode_muon_exact_shape_smoke34_20260806T101727+0000/r1_metrics.csv,2531,06b1e906e49cf24ebd445e5fbd1f41c9ca1348132c834395e721d7874b5c8985
results/seed2024_shard1/20260806T101727+0000_smoke_seed2024/mainconf_r1_depth_kmode_muon_exact_shape_smoke34_20260806T101727+0000/r1_summary.json,3489,d6beb4f606c672d81542c287a2e9b959ed0ef7272a78d2c96ce06c920783352a
results/seed2024_shard1/20260806T101727+0000_smoke_seed2024/mainconf_r1_depth_kmode_muon_exact_shape_smoke34_20260806T101727+0000/run_manifest.json,7587,dd2b8949315a5e16a5821d525ae911f611d369eea126949ed51cf80e0ec8317c
results/seed2024_shard1/20260806T101727+0000_smoke_seed2024/mainconf_r1_depth_kmode_muon_exact_shape_smoke34_20260806T101727+0000/source_manifest.json,2794,9eeb93371d98a1ab0f58ea12c7491b988e2823ce871f82949eb9216a5f1c573e
results/seed2024_shard1/20260806T101727+0000_smoke_seed2024/mainconf_r1_depth_kmode_muon_exact_shape_smoke34_20260806T101727+0000/training_log_with_source.txt,31308,c463841a729e3aa585d2daff90b7149ce7332a81b75f01baec441042406f6b84
results/seed2024_shard1/20260806T101727+0000_smoke_seed2024/mainconf_r1_depth_kmode_muon_exact_shape_smoke34_20260806T101727+0000/training_stdout.log,3102,08d795a6e144d4b926878c274e2feedf28fd43694928422a5c794c8cb9aeaa78
results/seed2024_shard1/20260806T101727+0000_smoke_seed2024/mainconf_r1_depth_kmode_muon_exact_shape_smoke34_20260806T101727+0000PRIVATE_PATH_REDACTED,31308,c463841a729e3aa585d2daff90b7149ce7332a81b75f01baec441042406f6b84
results/seed2024_shard1/20260806T101727+0000_smoke_seed2024/mainconf_r1_depth_kmode_muon_exact_shape_smoke34_20260806T101727+0000PRIVATE_PATH_REDACTED,26537,4ceb0c921e9ed1bfd992aa141f7c7b1c447fde753c7f00e8a3ebe3a1165788ea
results/seed2024_shard1/20260806T101727+0000_smoke_seed2024/mainconf_r1_depth_kmode_muon_exact_shape_smoke34_20260806T101727+0000PRIVATE_PATH_REDACTED,18770,b51ac50c699b05306619d92cb9ec6edadd266d8118c53f5b9726db76480ea16d
results/seed2024_shard1/20260806T101727+0000_smoke_seed2024/r1_common_target_comparison.csv,354,3d34553125a905ab686c8cc96c00052246162ecc04328b1746636ef8bf79bb34
results/seed2024_shard1/20260806T101727+0000_smoke_seed2024/r1_manifest.json,26391,17f7929f9ce080a624d04d4c91008e09c15d923c6b860a0d2c168bf28d44bc92
results/seed2024_shard1/20260806T101727+0000_smoke_seed2024/r1_plan.json,10766,b3b13be758cca71d09e4caf0dca7d5350607c1b665a792b5db7a67009dfe9fa5
results/seed2024_shard1/20260806T101727+0000_smoke_seed2024/r1_summary.csv,6861,6a59479ad1955547d5a6626233b8b5eef46702bf9874582e8056b4e717d3a02f
results/seed2024_shard1/20260806T104711+0000_formal_seed2024/mainconf_r1_depth_kmode_all_diag_seed2024_20260806T104711+0000/official_to_r1.patch,19295,2ea6ba5a6e254095cca940f9375bcd0821dc1cace39643c9037a407368d3d548
results/seed2024_shard1/20260806T104711+0000_formal_seed2024/mainconf_r1_depth_kmode_all_diag_seed2024_20260806T104711+0000/r1_metrics.csv,586378,f982da4d7ebf61dfc9490b3bd34dd116ee4841dde224d8fa03dea8e85f6dc60e
results/seed2024_shard1/20260806T104711+0000_formal_seed2024/mainconf_r1_depth_kmode_all_diag_seed2024_20260806T104711+0000/r1_summary.json,4012,95a04a308894187020aac2629a210084e2d63c90da5f417033e4db71a7c010af
results/seed2024_shard1/20260806T104711+0000_formal_seed2024/mainconf_r1_depth_kmode_all_diag_seed2024_20260806T104711+0000/run_manifest.json,8404,f7b46c8b999257ed260b2845feda02d6cbe4ade92d8908e60f1f979fb42ebd47
results/seed2024_shard1/20260806T104711+0000_formal_seed2024/mainconf_r1_depth_kmode_all_diag_seed2024_20260806T104711+0000/source_manifest.json,3074,52dc4529dfa51970209d776474248bba16a02d7bbfe1e1fda7fb1908f7fc7764
results/seed2024_shard1/20260806T104711+0000_formal_seed2024/mainconf_r1_depth_kmode_all_diag_seed2024_20260806T104711+0000/training_log_with_source.txt,500855,c74361613d85343dad59df3d0e52596626feef64cce67a4c6117d5a857217d1f
results/seed2024_shard1/20260806T104711+0000_formal_seed2024/mainconf_r1_depth_kmode_all_diag_seed2024_20260806T104711+0000/training_stdout.log,455524,ef43ff9cf297dd3e947aa348ee0edd0d798f197f53277d67ef80963a9288b2ba
results/seed2024_shard1/20260806T104711+0000_formal_seed2024/mainconf_r1_depth_kmode_all_diag_seed2024_20260806T104711+0000/wandb/debug-internal.log,2180,f3db4a917817cb2af6be9d7eeb28c4fcca1df6e997563e219bcea3ba7232c0d3
results/seed2024_shard1/20260806T104711+0000_formal_seed2024/mainconf_r1_depth_kmode_all_diag_seed2024_20260806T104711+0000/wandb/debug.log,4800,185d3bccb28d80fae52690dc6f09a291e974dbc0ee9a672840d73a44515b2961
results/seed2024_shard1/20260806T104711+0000_formal_seed2024/mainconf_r1_depth_kmode_all_diag_seed2024_20260806T104711+0000/wandb/latest-run/files/config.yaml,5880,3ca7fff6d4dacd0de97bb51dea87c63f9cc70aad77c0e82d5ef3dab8b9b9c0ce
results/seed2024_shard1/20260806T104711+0000_formal_seed2024/mainconf_r1_depth_kmode_all_diag_seed2024_20260806T104711+0000/wandb/latest-run/files/requirements.txt,1616,c42bd83dae15b8c3a5c6ea9dffff6162a7497b8eac0a637e007ae1321eb2dd95
results/seed2024_shard1/20260806T104711+0000_formal_seed2024/mainconf_r1_depth_kmode_all_diag_seed2024_20260806T104711+0000/wandb/latest-run/files/wandb-metadata.json,2398,fe3933d24011b2e55adff6d88f4a749b84606abbf724090052aec59d4974c6ea
results/seed2024_shard1/20260806T104711+0000_formal_seed2024/mainconf_r1_depth_kmode_all_diag_seed2024_20260806T104711+0000/wandb/latest-run/files/wandb-summary.json,2675,f70a00fb21d4bfdd09e6080f9a5886796f45c901ff8a91e1f6d429827b5a8815
results/seed2024_shard1/20260806T104711+0000_formal_seed2024/mainconf_r1_depth_kmode_all_diag_seed2024_20260806T104711+0000/wandb/latest-run/logs/debug-core.log,13306,6b32d78ff37d5e5abaf39683b70526ffcbb527a811fc3305945721457b1b4d15
results/seed2024_shard1/20260806T104711+0000_formal_seed2024/mainconf_r1_depth_kmode_all_diag_seed2024_20260806T104711+0000/wandb/latest-run/logs/debug-internal.log,2180,f3db4a917817cb2af6be9d7eeb28c4fcca1df6e997563e219bcea3ba7232c0d3
results/seed2024_shard1/20260806T104711+0000_formal_seed2024/mainconf_r1_depth_kmode_all_diag_seed2024_20260806T104711+0000/wandb/latest-run/logs/debug.log,4800,185d3bccb28d80fae52690dc6f09a291e974dbc0ee9a672840d73a44515b2961
results/seed2024_shard1/20260806T104711+0000_formal_seed2024/mainconf_r1_depth_kmode_all_diag_seed2024_20260806T104711+0000/wandb/latest-run/run-c090c2531669.wandb,175197,47ac407e5122649d1dc82d3327eb36b7b4def7ef3eaee050e726117a22793ca9
results/seed2024_shard1/20260806T104711+0000_formal_seed2024/mainconf_r1_depth_kmode_all_diag_seed2024_20260806T104711+0000/wandb/run-20260806_233711-c090c2531669/files/config.yaml,5880,3ca7fff6d4dacd0de97bb51dea87c63f9cc70aad77c0e82d5ef3dab8b9b9c0ce
results/seed2024_shard1/20260806T104711+0000_formal_seed2024/mainconf_r1_depth_kmode_all_diag_seed2024_20260806T104711+0000/wandb/run-20260806_233711-c090c2531669/files/requirements.txt,1616,c42bd83dae15b8c3a5c6ea9dffff6162a7497b8eac0a637e007ae1321eb2dd95
results/seed2024_shard1/20260806T104711+0000_formal_seed2024/mainconf_r1_depth_kmode_all_diag_seed2024_20260806T104711+0000/wandb/run-20260806_233711-c090c2531669/files/wandb-metadata.json,2398,fe3933d24011b2e55adff6d88f4a749b84606abbf724090052aec59d4974c6ea
results/seed2024_shard1/20260806T104711+0000_formal_seed2024/mainconf_r1_depth_kmode_all_diag_seed2024_20260806T104711+0000/wandb/run-20260806_233711-c090c2531669/files/wandb-summary.json,2675,f70a00fb21d4bfdd09e6080f9a5886796f45c901ff8a91e1f6d429827b5a8815
results/seed2024_shard1/20260806T104711+0000_formal_seed2024/mainconf_r1_depth_kmode_all_diag_seed2024_20260806T104711+0000/wandb/run-20260806_233711-c090c2531669/logs/debug-core.log,13306,6b32d78ff37d5e5abaf39683b70526ffcbb527a811fc3305945721457b1b4d15
results/seed2024_shard1/20260806T104711+0000_formal_seed2024/mainconf_r1_depth_kmode_all_diag_seed2024_20260806T104711+0000/wandb/run-20260806_233711-c090c2531669/logs/debug-internal.log,2180,f3db4a917817cb2af6be9d7eeb28c4fcca1df6e997563e219bcea3ba7232c0d3
results/seed2024_shard1/20260806T104711+0000_formal_seed2024/mainconf_r1_depth_kmode_all_diag_seed2024_20260806T104711+0000/wandb/run-20260806_233711-c090c2531669/logs/debug.log,4800,185d3bccb28d80fae52690dc6f09a291e974dbc0ee9a672840d73a44515b2961
results/seed2024_shard1/20260806T104711+0000_formal_seed2024/mainconf_r1_depth_kmode_all_diag_seed2024_20260806T104711+0000/wandb/run-20260806_233711-c090c2531669/run-c090c2531669.wandb,175197,47ac407e5122649d1dc82d3327eb36b7b4def7ef3eaee050e726117a22793ca9
results/seed2024_shard1/20260806T104711+0000_formal_seed2024/mainconf_r1_depth_kmode_all_diag_seed2024_20260806T104711+0000PRIVATE_PATH_REDACTED,500855,c74361613d85343dad59df3d0e52596626feef64cce67a4c6117d5a857217d1f
results/seed2024_shard1/20260806T104711+0000_formal_seed2024/mainconf_r1_depth_kmode_all_diag_seed2024_20260806T104711+0000PRIVATE_PATH_REDACTED,43523,99f649d7e859362cde29a7ea73b15b77550ebf17fe7a14ae1ae4c6397e11df67
results/seed2024_shard1/20260806T104711+0000_formal_seed2024/mainconf_r1_depth_kmode_all_diag_seed2024_20260806T104711+0000PRIVATE_PATH_REDACTED,18770,b51ac50c699b05306619d92cb9ec6edadd266d8118c53f5b9726db76480ea16d
results/seed2024_shard1/20260806T104711+0000_formal_seed2024/mainconf_r1_depth_kmode_all_none_seed2024_20260806T104711+0000/official_to_r1.patch,19295,10e32559b456c5a09d4e73a54d5c19915c6384e66f6132a87d9759a59f24ba0a
results/seed2024_shard1/20260806T104711+0000_formal_seed2024/mainconf_r1_depth_kmode_all_none_seed2024_20260806T104711+0000/r1_metrics.csv,586291,21982cdd86c5d69ef6480f6a51d7d87ba8b76b520cf44c3dad55710f3f9bff96
results/seed2024_shard1/20260806T104711+0000_formal_seed2024/mainconf_r1_depth_kmode_all_none_seed2024_20260806T104711+0000/r1_summary.json,4011,c1513c1ad7b27a2d26b53f12a501fb07ada96db0c10714e37c8689e4cd3ed7ea
results/seed2024_shard1/20260806T104711+0000_formal_seed2024/mainconf_r1_depth_kmode_all_none_seed2024_20260806T104711+0000/run_manifest.json,8403,46fb720e32e617bfad1f94d31207ee0aeab2c7a26506d7d7ad32b5126a8f457d
results/seed2024_shard1/20260806T104711+0000_formal_seed2024/mainconf_r1_depth_kmode_all_none_seed2024_20260806T104711+0000/source_manifest.json,3074,a32bb51c0d0a3dd3d49e76bbf151637734597ca841ae2af351adab8c06189920
results/seed2024_shard1/20260806T104711+0000_formal_seed2024/mainconf_r1_depth_kmode_all_none_seed2024_20260806T104711+0000/training_log_with_source.txt,500851,3062cf31e93e751927c25806ef8a63ee35d2202aafe753fc56281235c76af6e5
results/seed2024_shard1/20260806T104711+0000_formal_seed2024/mainconf_r1_depth_kmode_all_none_seed2024_20260806T104711+0000/training_stdout.log,455520,f86afa5b7e53b4a94ac25b913c5ed35a322a6d3b321165f8ce28f383a2bd81b9
results/seed2024_shard1/20260806T104711+0000_formal_seed2024/mainconf_r1_depth_kmode_all_none_seed2024_20260806T104711+0000/wandb/debug-internal.log,1714,3ca436424b6834beb07783008050de9b5a93e8dff64a7287ae57dee77618cf66
results/seed2024_shard1/20260806T104711+0000_formal_seed2024/mainconf_r1_depth_kmode_all_none_seed2024_20260806T104711+0000/wandb/debug.log,4800,7183f25373d78a1bcbbe8173c722593c514bfe594dca517fe079369c61299eab
results/seed2024_shard1/20260806T104711+0000_formal_seed2024/mainconf_r1_depth_kmode_all_none_seed2024_20260806T104711+0000/wandb/latest-run/files/config.yaml,5859,dcbb7f81fb8b25cc71a16a2b39c53c066637bb52e0f00ce57838b6415e2fdc7c
results/seed2024_shard1/20260806T104711+0000_formal_seed2024/mainconf_r1_depth_kmode_all_none_seed2024_20260806T104711+0000/wandb/latest-run/files/requirements.txt,1616,c42bd83dae15b8c3a5c6ea9dffff6162a7497b8eac0a637e007ae1321eb2dd95
results/seed2024_shard1/20260806T104711+0000_formal_seed2024/mainconf_r1_depth_kmode_all_none_seed2024_20260806T104711+0000/wandb/latest-run/files/wandb-metadata.json,2398,db8b2c18d0b5d3443e169e95f394a605b7254d60a4613726675972db474286ec
results/seed2024_shard1/20260806T104711+0000_formal_seed2024/mainconf_r1_depth_kmode_all_none_seed2024_20260806T104711+0000/wandb/latest-run/files/wandb-summary.json,2667,2534c65d9c4d5d0bd67e56340a53c0a2b75448253d15868131c04e6052c135b7
results/seed2024_shard1/20260806T104711+0000_formal_seed2024/mainconf_r1_depth_kmode_all_none_seed2024_20260806T104711+0000/wandb/latest-run/logs/debug-core.log,13306,6b32d78ff37d5e5abaf39683b70526ffcbb527a811fc3305945721457b1b4d15
results/seed2024_shard1/20260806T104711+0000_formal_seed2024/mainconf_r1_depth_kmode_all_none_seed2024_20260806T104711+0000/wandb/latest-run/logs/debug-internal.log,1714,3ca436424b6834beb07783008050de9b5a93e8dff64a7287ae57dee77618cf66
results/seed2024_shard1/20260806T104711+0000_formal_seed2024/mainconf_r1_depth_kmode_all_none_seed2024_20260806T104711+0000/wandb/latest-run/logs/debug.log,4800,7183f25373d78a1bcbbe8173c722593c514bfe594dca517fe079369c61299eab
results/seed2024_shard1/20260806T104711+0000_formal_seed2024/mainconf_r1_depth_kmode_all_none_seed2024_20260806T104711+0000/wandb/latest-run/run-1ba6b400eafe.wandb,175095,7c8d00868b5f837ea79055fa6c759d2a99233f5fb31ce1ea57f0661f16a5c1e0
results/seed2024_shard1/20260806T104711+0000_formal_seed2024/mainconf_r1_depth_kmode_all_none_seed2024_20260806T104711+0000/wandb/run-20260806_202449-1ba6b400eafe/files/config.yaml,5859,dcbb7f81fb8b25cc71a16a2b39c53c066637bb52e0f00ce57838b6415e2fdc7c
results/seed2024_shard1/20260806T104711+0000_formal_seed2024/mainconf_r1_depth_kmode_all_none_seed2024_20260806T104711+0000/wandb/run-20260806_202449-1ba6b400eafe/files/requirements.txt,1616,c42bd83dae15b8c3a5c6ea9dffff6162a7497b8eac0a637e007ae1321eb2dd95
results/seed2024_shard1/20260806T104711+0000_formal_seed2024/mainconf_r1_depth_kmode_all_none_seed2024_20260806T104711+0000/wandb/run-20260806_202449-1ba6b400eafe/files/wandb-metadata.json,2398,db8b2c18d0b5d3443e169e95f394a605b7254d60a4613726675972db474286ec
results/seed2024_shard1/20260806T104711+0000_formal_seed2024/mainconf_r1_depth_kmode_all_none_seed2024_20260806T104711+0000/wandb/run-20260806_202449-1ba6b400eafe/files/wandb-summary.json,2667,2534c65d9c4d5d0bd67e56340a53c0a2b75448253d15868131c04e6052c135b7
results/seed2024_shard1/20260806T104711+0000_formal_seed2024/mainconf_r1_depth_kmode_all_none_seed2024_20260806T104711+0000/wandb/run-20260806_202449-1ba6b400eafe/logs/debug-core.log,13306,6b32d78ff37d5e5abaf39683b70526ffcbb527a811fc3305945721457b1b4d15
results/seed2024_shard1/20260806T104711+0000_formal_seed2024/mainconf_r1_depth_kmode_all_none_seed2024_20260806T104711+0000/wandb/run-20260806_202449-1ba6b400eafe/logs/debug-internal.log,1714,3ca436424b6834beb07783008050de9b5a93e8dff64a7287ae57dee77618cf66
results/seed2024_shard1/20260806T104711+0000_formal_seed2024/mainconf_r1_depth_kmode_all_none_seed2024_20260806T104711+0000/wandb/run-20260806_202449-1ba6b400eafe/logs/debug.log,4800,7183f25373d78a1bcbbe8173c722593c514bfe594dca517fe079369c61299eab
results/seed2024_shard1/20260806T104711+0000_formal_seed2024/mainconf_r1_depth_kmode_all_none_seed2024_20260806T104711+0000/wandb/run-20260806_202449-1ba6b400eafe/run-1ba6b400eafe.wandb,175095,7c8d00868b5f837ea79055fa6c759d2a99233f5fb31ce1ea57f0661f16a5c1e0
results/seed2024_shard1/20260806T104711+0000_formal_seed2024/mainconf_r1_depth_kmode_all_none_seed2024_20260806T104711+0000PRIVATE_PATH_REDACTED,500851,3062cf31e93e751927c25806ef8a63ee35d2202aafe753fc56281235c76af6e5
results/seed2024_shard1/20260806T104711+0000_formal_seed2024/mainconf_r1_depth_kmode_all_none_seed2024_20260806T104711+0000PRIVATE_PATH_REDACTED,43523,ed6a89f2b7dda8727a4105d3bd3c58ff219787c94f0463fd8e1eb79dda3f7375
results/seed2024_shard1/20260806T104711+0000_formal_seed2024/mainconf_r1_depth_kmode_all_none_seed2024_20260806T104711+0000PRIVATE_PATH_REDACTED,18770,b51ac50c699b05306619d92cb9ec6edadd266d8118c53f5b9726db76480ea16d
results/seed2024_shard1/20260806T104711+0000_formal_seed2024/mainconf_r1_depth_kmode_block4_seed2024_20260806T104711+0000/official_to_r1.patch,16152,8504b54b28c8787f7c7c06faec131aa4bad4a306910336f775f0f9b1162437e7
results/seed2024_shard1/20260806T104711+0000_formal_seed2024/mainconf_r1_depth_kmode_block4_seed2024_20260806T104711+0000/r1_metrics.csv,586363,22a9ce58a72f11b5949f34a4fa011e0cdbc594134d87873c245e425b8f97c0c8
results/seed2024_shard1/20260806T104711+0000_formal_seed2024/mainconf_r1_depth_kmode_block4_seed2024_20260806T104711+0000/r1_summary.json,3730,f1c783ede23f376c6d2f7d21ea2a591b65c9671dd4419d8da72276183a30867e
results/seed2024_shard1/20260806T104711+0000_formal_seed2024/mainconf_r1_depth_kmode_block4_seed2024_20260806T104711+0000/run_manifest.json,8036,c362994f1cb5fd5ce89e511480062fb6fc38bbe0320b48306f30ee1784a973fb
results/seed2024_shard1/20260806T104711+0000_formal_seed2024/mainconf_r1_depth_kmode_block4_seed2024_20260806T104711+0000/source_manifest.json,2786,61533a473137b6d8c659b194e30c24113c29ff566872a7b50dea3e4f11fc6224
results/seed2024_shard1/20260806T104711+0000_formal_seed2024/mainconf_r1_depth_kmode_block4_seed2024_20260806T104711+0000/training_log_with_source.txt,498889,666257abbe51549f1bd2e43f97b4ff652d95d03f410f8cd8996793e7dace293b
results/seed2024_shard1/20260806T104711+0000_formal_seed2024/mainconf_r1_depth_kmode_block4_seed2024_20260806T104711+0000/training_stdout.log,455411,b8d6c0bfee13964d86f557a424911bc16d866cca5ae49faa99e66f1ab96a451e
results/seed2024_shard1/20260806T104711+0000_formal_seed2024/mainconf_r1_depth_kmode_block4_seed2024_20260806T104711+0000/wandb/debug-internal.log,1715,d12cc5ffbed9acd105d73c8b1a0a10d2c96072083e443e789a7d9b8b3d41474c
results/seed2024_shard1/20260806T104711+0000_formal_seed2024/mainconf_r1_depth_kmode_block4_seed2024_20260806T104711+0000/wandb/debug.log,4660,a251274efadb6e729a8ed13eba38736ee905c02b264a910b92d85b5904ab2a2c
results/seed2024_shard1/20260806T104711+0000_formal_seed2024/mainconf_r1_depth_kmode_block4_seed2024_20260806T104711+0000/wandb/latest-run/files/config.yaml,5721,7f8930789451b2696beddb73f9059dc5bf4644cb9c08dc1e80e226cc2974d8eb
results/seed2024_shard1/20260806T104711+0000_formal_seed2024/mainconf_r1_depth_kmode_block4_seed2024_20260806T104711+0000/wandb/latest-run/files/requirements.txt,1616,c42bd83dae15b8c3a5c6ea9dffff6162a7497b8eac0a637e007ae1321eb2dd95
results/seed2024_shard1/20260806T104711+0000_formal_seed2024/mainconf_r1_depth_kmode_block4_seed2024_20260806T104711+0000/wandb/latest-run/files/wandb-metadata.json,2396,97f676340ac42ca64634ff0b462d1aff86fb74afc8205e8b19967d6e8fb61483
results/seed2024_shard1/20260806T104711+0000_formal_seed2024/mainconf_r1_depth_kmode_block4_seed2024_20260806T104711+0000/wandb/latest-run/files/wandb-summary.json,2602,4d4a77ef1dd5ee1a4d3cb7d4add63f583872f040b5f75af4ddc4c6ce43119e93
results/seed2024_shard1/20260806T104711+0000_formal_seed2024/mainconf_r1_depth_kmode_block4_seed2024_20260806T104711+0000/wandb/latest-run/logs/debug-core.log,13306,6b32d78ff37d5e5abaf39683b70526ffcbb527a811fc3305945721457b1b4d15
results/seed2024_shard1/20260806T104711+0000_formal_seed2024/mainconf_r1_depth_kmode_block4_seed2024_20260806T104711+0000/wandb/latest-run/logs/debug-internal.log,1715,d12cc5ffbed9acd105d73c8b1a0a10d2c96072083e443e789a7d9b8b3d41474c
results/seed2024_shard1/20260806T104711+0000_formal_seed2024/mainconf_r1_depth_kmode_block4_seed2024_20260806T104711+0000/wandb/latest-run/logs/debug.log,4660,a251274efadb6e729a8ed13eba38736ee905c02b264a910b92d85b5904ab2a2c
results/seed2024_shard1/20260806T104711+0000_formal_seed2024/mainconf_r1_depth_kmode_block4_seed2024_20260806T104711+0000/wandb/latest-run/run-f3ab34cfc682.wandb,174962,32e2893d703f0e001f59445d6e05bde2a1db828221140de888d422330658a4f7
results/seed2024_shard1/20260806T104711+0000_formal_seed2024/mainconf_r1_depth_kmode_block4_seed2024_20260806T104711+0000/wandb/run-20260807_024954-f3ab34cfc682/files/config.yaml,5721,7f8930789451b2696beddb73f9059dc5bf4644cb9c08dc1e80e226cc2974d8eb
results/seed2024_shard1/20260806T104711+0000_formal_seed2024/mainconf_r1_depth_kmode_block4_seed2024_20260806T104711+0000/wandb/run-20260807_024954-f3ab34cfc682/files/requirements.txt,1616,c42bd83dae15b8c3a5c6ea9dffff6162a7497b8eac0a637e007ae1321eb2dd95
results/seed2024_shard1/20260806T104711+0000_formal_seed2024/mainconf_r1_depth_kmode_block4_seed2024_20260806T104711+0000/wandb/run-20260807_024954-f3ab34cfc682/files/wandb-metadata.json,2396,97f676340ac42ca64634ff0b462d1aff86fb74afc8205e8b19967d6e8fb61483
results/seed2024_shard1/20260806T104711+0000_formal_seed2024/mainconf_r1_depth_kmode_block4_seed2024_20260806T104711+0000/wandb/run-20260807_024954-f3ab34cfc682/files/wandb-summary.json,2602,4d4a77ef1dd5ee1a4d3cb7d4add63f583872f040b5f75af4ddc4c6ce43119e93
results/seed2024_shard1/20260806T104711+0000_formal_seed2024/mainconf_r1_depth_kmode_block4_seed2024_20260806T104711+0000/wandb/run-20260807_024954-f3ab34cfc682/logs/debug-core.log,13306,6b32d78ff37d5e5abaf39683b70526ffcbb527a811fc3305945721457b1b4d15
results/seed2024_shard1/20260806T104711+0000_formal_seed2024/mainconf_r1_depth_kmode_block4_seed2024_20260806T104711+0000/wandb/run-20260807_024954-f3ab34cfc682/logs/debug-internal.log,1715,d12cc5ffbed9acd105d73c8b1a0a10d2c96072083e443e789a7d9b8b3d41474c
results/seed2024_shard1/20260806T104711+0000_formal_seed2024/mainconf_r1_depth_kmode_block4_seed2024_20260806T104711+0000/wandb/run-20260807_024954-f3ab34cfc682/logs/debug.log,4660,a251274efadb6e729a8ed13eba38736ee905c02b264a910b92d85b5904ab2a2c
results/seed2024_shard1/20260806T104711+0000_formal_seed2024/mainconf_r1_depth_kmode_block4_seed2024_20260806T104711+0000/wandb/run-20260807_024954-f3ab34cfc682/run-f3ab34cfc682.wandb,174962,32e2893d703f0e001f59445d6e05bde2a1db828221140de888d422330658a4f7
results/seed2024_shard1/20260806T104711+0000_formal_seed2024/mainconf_r1_depth_kmode_block4_seed2024_20260806T104711+0000PRIVATE_PATH_REDACTED,498889,666257abbe51549f1bd2e43f97b4ff652d95d03f410f8cd8996793e7dace293b
results/seed2024_shard1/20260806T104711+0000_formal_seed2024/mainconf_r1_depth_kmode_block4_seed2024_20260806T104711+0000PRIVATE_PATH_REDACTED,41556,d4368715bb64d6ad89509876c4d7f28773fa4dd567accca09405ff34e74220f5
results/seed2024_shard1/20260806T104711+0000_formal_seed2024/mainconf_r1_depth_kmode_block4_seed2024_20260806T104711+0000PRIVATE_PATH_REDACTED,18770,b51ac50c699b05306619d92cb9ec6edadd266d8118c53f5b9726db76480ea16d
results/seed2024_shard1/20260806T104711+0000_formal_seed2024/mainconf_r1_depth_kmode_center_diag_seed2024_20260806T104711+0000/official_to_r1.patch,19282,e054f88c171c3f8ea45a7bf4deb9fc7958784494fe60f0ca495291a83a9779fb
results/seed2024_shard1/20260806T104711+0000_formal_seed2024/mainconf_r1_depth_kmode_center_diag_seed2024_20260806T104711+0000/r1_metrics.csv,605182,0123464cecee36f60906d8b9c7f6e6b12d736a4535c977b6fa575a1198f1e832
results/seed2024_shard1/20260806T104711+0000_formal_seed2024/mainconf_r1_depth_kmode_center_diag_seed2024_20260806T104711+0000/r1_summary.json,3992,ce6246793c2b932c5b8a30228176e42a6c6b4617ec0d47f75b8b2d4b391a9021
results/seed2024_shard1/20260806T104711+0000_formal_seed2024/mainconf_r1_depth_kmode_center_diag_seed2024_20260806T104711+0000/run_manifest.json,8410,e8285794b85c4698dab3d30a348f0cdebd9d5b01c27d95022d7c59f367bb5c3c
results/seed2024_shard1/20260806T104711+0000_formal_seed2024/mainconf_r1_depth_kmode_center_diag_seed2024_20260806T104711+0000/source_manifest.json,3049,c0e939c34180b435b1b6be92add7fc0e6ab804fc63d5d532fbf7bc5ca29a3a07
results/seed2024_shard1/20260806T104711+0000_formal_seed2024/mainconf_r1_depth_kmode_center_diag_seed2024_20260806T104711+0000/training_log_with_source.txt,500838,555e81207148bf1145ddfcfbceb03e370f2d6eda37d0a4e3fb6d19fbfed81c66
results/seed2024_shard1/20260806T104711+0000_formal_seed2024/mainconf_r1_depth_kmode_center_diag_seed2024_20260806T104711+0000/training_stdout.log,455522,1ad7a5f877d5bc7b1224bfb960d6198faa2b3655ceeaa1e0f728d7528e081d4b
results/seed2024_shard1/20260806T104711+0000_formal_seed2024/mainconf_r1_depth_kmode_center_diag_seed2024_20260806T104711+0000/wandb/debug-internal.log,1715,fd1df7871e127c229beb02f1b5ed5f3298c32fe013ed6066f91361f3538a751a
results/seed2024_shard1/20260806T104711+0000_formal_seed2024/mainconf_r1_depth_kmode_center_diag_seed2024_20260806T104711+0000/wandb/debug.log,4795,7a89b19b79585f288b8100276caaa616c4126b16f06d2a9fae33f6f986b080db
results/seed2024_shard1/20260806T104711+0000_formal_seed2024/mainconf_r1_depth_kmode_center_diag_seed2024_20260806T104711+0000/wandb/latest-run/files/config.yaml,5851,e52b327cd7ec53f83b41071de17d2d345ac620f98defa54950eb44c1e9487b99
results/seed2024_shard1/20260806T104711+0000_formal_seed2024/mainconf_r1_depth_kmode_center_diag_seed2024_20260806T104711+0000/wandb/latest-run/files/requirements.txt,1616,c42bd83dae15b8c3a5c6ea9dffff6162a7497b8eac0a637e007ae1321eb2dd95
results/seed2024_shard1/20260806T104711+0000_formal_seed2024/mainconf_r1_depth_kmode_center_diag_seed2024_20260806T104711+0000/wandb/latest-run/files/wandb-metadata.json,2401,b48fe643953641cc2e576be6b3a2893b82001e0e5c2f7b8991d794f8975a184e
results/seed2024_shard1/20260806T104711+0000_formal_seed2024/mainconf_r1_depth_kmode_center_diag_seed2024_20260806T104711+0000/wandb/latest-run/files/wandb-summary.json,2681,03b8d9a376d2e46235430ca88a20c1a2f862452a3eae387ca968f40ea5a05f4a
results/seed2024_shard1/20260806T104711+0000_formal_seed2024/mainconf_r1_depth_kmode_center_diag_seed2024_20260806T104711+0000/wandb/latest-run/logs/debug-core.log,13306,6b32d78ff37d5e5abaf39683b70526ffcbb527a811fc3305945721457b1b4d15
results/seed2024_shard1/20260806T104711+0000_formal_seed2024/mainconf_r1_depth_kmode_center_diag_seed2024_20260806T104711+0000/wandb/latest-run/logs/debug-internal.log,1715,fd1df7871e127c229beb02f1b5ed5f3298c32fe013ed6066f91361f3538a751a
results/seed2024_shard1/20260806T104711+0000_formal_seed2024/mainconf_r1_depth_kmode_center_diag_seed2024_20260806T104711+0000/wandb/latest-run/logs/debug.log,4795,7a89b19b79585f288b8100276caaa616c4126b16f06d2a9fae33f6f986b080db
results/seed2024_shard1/20260806T104711+0000_formal_seed2024/mainconf_r1_depth_kmode_center_diag_seed2024_20260806T104711+0000/wandb/latest-run/run-317b268b5cf6.wandb,175200,7a7036f3f2d309fba5004fd71d3c87274bca78f3a835c02c1a63dba5d9d672b4
results/seed2024_shard1/20260806T104711+0000_formal_seed2024/mainconf_r1_depth_kmode_center_diag_seed2024_20260806T104711+0000/wandb/run-20260806_171224-317b268b5cf6/files/config.yaml,5851,e52b327cd7ec53f83b41071de17d2d345ac620f98defa54950eb44c1e9487b99
results/seed2024_shard1/20260806T104711+0000_formal_seed2024/mainconf_r1_depth_kmode_center_diag_seed2024_20260806T104711+0000/wandb/run-20260806_171224-317b268b5cf6/files/requirements.txt,1616,c42bd83dae15b8c3a5c6ea9dffff6162a7497b8eac0a637e007ae1321eb2dd95
results/seed2024_shard1/20260806T104711+0000_formal_seed2024/mainconf_r1_depth_kmode_center_diag_seed2024_20260806T104711+0000/wandb/run-20260806_171224-317b268b5cf6/files/wandb-metadata.json,2401,b48fe643953641cc2e576be6b3a2893b82001e0e5c2f7b8991d794f8975a184e
results/seed2024_shard1/20260806T104711+0000_formal_seed2024/mainconf_r1_depth_kmode_center_diag_seed2024_20260806T104711+0000/wandb/run-20260806_171224-317b268b5cf6/files/wandb-summary.json,2681,03b8d9a376d2e46235430ca88a20c1a2f862452a3eae387ca968f40ea5a05f4a
results/seed2024_shard1/20260806T104711+0000_formal_seed2024/mainconf_r1_depth_kmode_center_diag_seed2024_20260806T104711+0000/wandb/run-20260806_171224-317b268b5cf6/logs/debug-core.log,13306,6b32d78ff37d5e5abaf39683b70526ffcbb527a811fc3305945721457b1b4d15
results/seed2024_shard1/20260806T104711+0000_formal_seed2024/mainconf_r1_depth_kmode_center_diag_seed2024_20260806T104711+0000/wandb/run-20260806_171224-317b268b5cf6/logs/debug-internal.log,1715,fd1df7871e127c229beb02f1b5ed5f3298c32fe013ed6066f91361f3538a751a
results/seed2024_shard1/20260806T104711+0000_formal_seed2024/mainconf_r1_depth_kmode_center_diag_seed2024_20260806T104711+0000/wandb/run-20260806_171224-317b268b5cf6/logs/debug.log,4795,7a89b19b79585f288b8100276caaa616c4126b16f06d2a9fae33f6f986b080db
results/seed2024_shard1/20260806T104711+0000_formal_seed2024/mainconf_r1_depth_kmode_center_diag_seed2024_20260806T104711+0000/wandb/run-20260806_171224-317b268b5cf6/run-317b268b5cf6.wandb,175200,7a7036f3f2d309fba5004fd71d3c87274bca78f3a835c02c1a63dba5d9d672b4
results/seed2024_shard1/20260806T104711+0000_formal_seed2024/mainconf_r1_depth_kmode_center_diag_seed2024_20260806T104711+0000PRIVATE_PATH_REDACTED,500838,555e81207148bf1145ddfcfbceb03e370f2d6eda37d0a4e3fb6d19fbfed81c66
results/seed2024_shard1/20260806T104711+0000_formal_seed2024/mainconf_r1_depth_kmode_center_diag_seed2024_20260806T104711+0000PRIVATE_PATH_REDACTED,43507,00fcabeda94e1ba8aa9b4be765786f5f9f4a340ad588c95184efbf4fbb5129c1
results/seed2024_shard1/20260806T104711+0000_formal_seed2024/mainconf_r1_depth_kmode_center_diag_seed2024_20260806T104711+0000PRIVATE_PATH_REDACTED,18770,b51ac50c699b05306619d92cb9ec6edadd266d8118c53f5b9726db76480ea16d
results/seed2024_shard1/20260806T104711+0000_formal_seed2024/mainconf_r1_depth_kmode_center_none_seed2024_20260806T104711+0000/official_to_r1.patch,19282,deaa210a6912c3e304c921f3fc09becd57765d644f65453db6bcbb49b0b0d49c
results/seed2024_shard1/20260806T104711+0000_formal_seed2024/mainconf_r1_depth_kmode_center_none_seed2024_20260806T104711+0000/r1_metrics.csv,605158,1b386e5f29e8e2dd488fc75150c1e45160d30f78bf0ff2dbff336f674ef35c53
results/seed2024_shard1/20260806T104711+0000_formal_seed2024/mainconf_r1_depth_kmode_center_none_seed2024_20260806T104711+0000/r1_summary.json,3989,2742fc1566e0d263b2d335b1b884b1a47ace2cace5371c4f236c7bc3e097efa4
results/seed2024_shard1/20260806T104711+0000_formal_seed2024/mainconf_r1_depth_kmode_center_none_seed2024_20260806T104711+0000/run_manifest.json,8405,8f0037d536f64632625cc135858fff912d38a6bed2111ff5d577eddc2416b58c
results/seed2024_shard1/20260806T104711+0000_formal_seed2024/mainconf_r1_depth_kmode_center_none_seed2024_20260806T104711+0000/source_manifest.json,3049,30f6e85330c417ef14f1d4546baabd6e3d31612fd13391b31ebe49f89833964a
results/seed2024_shard1/20260806T104711+0000_formal_seed2024/mainconf_r1_depth_kmode_center_none_seed2024_20260806T104711+0000/training_log_with_source.txt,500840,59add590f6a1c61e971145c0273c575db09b32f9a5ebfaa6b9fc7e3afec749cb
results/seed2024_shard1/20260806T104711+0000_formal_seed2024/mainconf_r1_depth_kmode_center_none_seed2024_20260806T104711+0000/training_stdout.log,455524,fcce955da8e44e9cdce7fa2c14b44a2b89c427dc1850d6c27c9c345c4068ad94
results/seed2024_shard1/20260806T104711+0000_formal_seed2024/mainconf_r1_depth_kmode_center_none_seed2024_20260806T104711+0000/wandb/debug-internal.log,1950,d9b99f102ea35b963042cb0b6b61f53b31ed42af857d9ce26de96e5f17e25a2b
results/seed2024_shard1/20260806T104711+0000_formal_seed2024/mainconf_r1_depth_kmode_center_none_seed2024_20260806T104711+0000/wandb/debug.log,5132,f9774cf8250c800cc7af49e1137fcbbd0f4973854c8314aafcc16d353fa78893
results/seed2024_shard1/20260806T104711+0000_formal_seed2024/mainconf_r1_depth_kmode_center_none_seed2024_20260806T104711+0000/wandb/latest-run/files/config.yaml,5872,8855659d9c7ca936227cf927a57fda7b7b5f72d46d6c4259b20fd80072859270
results/seed2024_shard1/20260806T104711+0000_formal_seed2024/mainconf_r1_depth_kmode_center_none_seed2024_20260806T104711+0000/wandb/latest-run/files/requirements.txt,1616,c42bd83dae15b8c3a5c6ea9dffff6162a7497b8eac0a637e007ae1321eb2dd95
results/seed2024_shard1/20260806T104711+0000_formal_seed2024/mainconf_r1_depth_kmode_center_none_seed2024_20260806T104711+0000/wandb/latest-run/files/wandb-metadata.json,2401,ec0e26430af0bd405ad8c053b4327b8a4860d66dd219494ac54054195e4d20a0
results/seed2024_shard1/20260806T104711+0000_formal_seed2024/mainconf_r1_depth_kmode_center_none_seed2024_20260806T104711+0000/wandb/latest-run/files/wandb-summary.json,2673,d84b012651ca94b6e4a7ed40fcb364ed9266c066bb0d3bba5ea43134665bfce1
results/seed2024_shard1/20260806T104711+0000_formal_seed2024/mainconf_r1_depth_kmode_center_none_seed2024_20260806T104711+0000/wandb/latest-run/logs/debug-core.log,13306,6b32d78ff37d5e5abaf39683b70526ffcbb527a811fc3305945721457b1b4d15
results/seed2024_shard1/20260806T104711+0000_formal_seed2024/mainconf_r1_depth_kmode_center_none_seed2024_20260806T104711+0000/wandb/latest-run/logs/debug-internal.log,1950,d9b99f102ea35b963042cb0b6b61f53b31ed42af857d9ce26de96e5f17e25a2b
results/seed2024_shard1/20260806T104711+0000_formal_seed2024/mainconf_r1_depth_kmode_center_none_seed2024_20260806T104711+0000/wandb/latest-run/logs/debug.log,5132,f9774cf8250c800cc7af49e1137fcbbd0f4973854c8314aafcc16d353fa78893
results/seed2024_shard1/20260806T104711+0000_formal_seed2024/mainconf_r1_depth_kmode_center_none_seed2024_20260806T104711+0000/wandb/latest-run/run-93acd48c43a3.wandb,175148,fed1f380ee05ec123c01e2848fc1d82291852107708c75bb5eb20581b64aff98
results/seed2024_shard1/20260806T104711+0000_formal_seed2024/mainconf_r1_depth_kmode_center_none_seed2024_20260806T104711+0000/wandb/run-20260806_135953-93acd48c43a3/files/config.yaml,5872,8855659d9c7ca936227cf927a57fda7b7b5f72d46d6c4259b20fd80072859270
results/seed2024_shard1/20260806T104711+0000_formal_seed2024/mainconf_r1_depth_kmode_center_none_seed2024_20260806T104711+0000/wandb/run-20260806_135953-93acd48c43a3/files/requirements.txt,1616,c42bd83dae15b8c3a5c6ea9dffff6162a7497b8eac0a637e007ae1321eb2dd95
results/seed2024_shard1/20260806T104711+0000_formal_seed2024/mainconf_r1_depth_kmode_center_none_seed2024_20260806T104711+0000/wandb/run-20260806_135953-93acd48c43a3/files/wandb-metadata.json,2401,ec0e26430af0bd405ad8c053b4327b8a4860d66dd219494ac54054195e4d20a0
results/seed2024_shard1/20260806T104711+0000_formal_seed2024/mainconf_r1_depth_kmode_center_none_seed2024_20260806T104711+0000/wandb/run-20260806_135953-93acd48c43a3/files/wandb-summary.json,2673,d84b012651ca94b6e4a7ed40fcb364ed9266c066bb0d3bba5ea43134665bfce1
results/seed2024_shard1/20260806T104711+0000_formal_seed2024/mainconf_r1_depth_kmode_center_none_seed2024_20260806T104711+0000/wandb/run-20260806_135953-93acd48c43a3/logs/debug-core.log,13306,6b32d78ff37d5e5abaf39683b70526ffcbb527a811fc3305945721457b1b4d15
results/seed2024_shard1/20260806T104711+0000_formal_seed2024/mainconf_r1_depth_kmode_center_none_seed2024_20260806T104711+0000/wandb/run-20260806_135953-93acd48c43a3/logs/debug-internal.log,1950,d9b99f102ea35b963042cb0b6b61f53b31ed42af857d9ce26de96e5f17e25a2b
results/seed2024_shard1/20260806T104711+0000_formal_seed2024/mainconf_r1_depth_kmode_center_none_seed2024_20260806T104711+0000/wandb/run-20260806_135953-93acd48c43a3/logs/debug.log,5132,f9774cf8250c800cc7af49e1137fcbbd0f4973854c8314aafcc16d353fa78893
results/seed2024_shard1/20260806T104711+0000_formal_seed2024/mainconf_r1_depth_kmode_center_none_seed2024_20260806T104711+0000/wandb/run-20260806_135953-93acd48c43a3/run-93acd48c43a3.wandb,175148,fed1f380ee05ec123c01e2848fc1d82291852107708c75bb5eb20581b64aff98
results/seed2024_shard1/20260806T104711+0000_formal_seed2024/mainconf_r1_depth_kmode_center_none_seed2024_20260806T104711+0000PRIVATE_PATH_REDACTED,500840,59add590f6a1c61e971145c0273c575db09b32f9a5ebfaa6b9fc7e3afec749cb
results/seed2024_shard1/20260806T104711+0000_formal_seed2024/mainconf_r1_depth_kmode_center_none_seed2024_20260806T104711+0000PRIVATE_PATH_REDACTED,43507,4fc159909505de20aebe3bc3bd45e50b96156a23dcdebd7451d7a5d25f4139db
results/seed2024_shard1/20260806T104711+0000_formal_seed2024/mainconf_r1_depth_kmode_center_none_seed2024_20260806T104711+0000PRIVATE_PATH_REDACTED,18770,b51ac50c699b05306619d92cb9ec6edadd266d8118c53f5b9726db76480ea16d
results/seed2024_shard1/20260806T104711+0000_formal_seed2024/mainconf_r1_depth_kmode_muon_seed2024_20260806T104711+0000/official_to_r1.patch,5710,d2365875f747992a33be06c593d7ed80aa22fa20e52d7125d4710112a840ae41
results/seed2024_shard1/20260806T104711+0000_formal_seed2024/mainconf_r1_depth_kmode_muon_seed2024_20260806T104711+0000/r1_metrics.csv,543963,4b61b878fba63fffbe49f1a75540e45a430fcc4c9405d9680d8271116995be03
results/seed2024_shard1/20260806T104711+0000_formal_seed2024/mainconf_r1_depth_kmode_muon_seed2024_20260806T104711+0000/r1_summary.json,3671,59bd2e459edaff37a98a9fb4fe5d59d1276af3f35c80c282b9beca59ff9c6e8a
results/seed2024_shard1/20260806T104711+0000_formal_seed2024/mainconf_r1_depth_kmode_muon_seed2024_20260806T104711+0000/run_manifest.json,7944,67d2716fe194f6652a145be2c4b840b69d492eb34576f0c8b39ce0d095b1c251
results/seed2024_shard1/20260806T104711+0000_formal_seed2024/mainconf_r1_depth_kmode_muon_seed2024_20260806T104711+0000/source_manifest.json,2771,62f836c81f6f6bcefb9aef0df2ed85cbc6d111b6782d8087ecbc4acefc8cffc8
results/seed2024_shard1/20260806T104711+0000_formal_seed2024/mainconf_r1_depth_kmode_muon_seed2024_20260806T104711+0000/training_log_with_source.txt,483855,52490eb9a4a5bd7efd08daef69fd978c0277046a6c19b439ecee55ab20f59de5
results/seed2024_shard1/20260806T104711+0000_formal_seed2024/mainconf_r1_depth_kmode_muon_seed2024_20260806T104711+0000/training_stdout.log,455341,9d289429e951aed08f7707efd71ca26a123b4024baa07998e65c682183764957
results/seed2024_shard1/20260806T104711+0000_formal_seed2024/mainconf_r1_depth_kmode_muon_seed2024_20260806T104711+0000/wandb/debug-internal.log,1713,3c1d4ebe785e990c7e9c9ca96a330cf823b419a63575b287dcaa1df6ffb262a7
results/seed2024_shard1/20260806T104711+0000_formal_seed2024/mainconf_r1_depth_kmode_muon_seed2024_20260806T104711+0000/wandb/debug.log,4643,c36ee30e211afc43a19ec04a4ae14e9f1282ac36efdee09b8c935d6a3bef62ad
results/seed2024_shard1/20260806T104711+0000_formal_seed2024/mainconf_r1_depth_kmode_muon_seed2024_20260806T104711+0000/wandb/latest-run/files/config.yaml,5706,053e0791f9014f5f43d40f9a2c2ae575d9cd4054c0385ea0d7db02c2640db902
results/seed2024_shard1/20260806T104711+0000_formal_seed2024/mainconf_r1_depth_kmode_muon_seed2024_20260806T104711+0000/wandb/latest-run/files/requirements.txt,1616,c42bd83dae15b8c3a5c6ea9dffff6162a7497b8eac0a637e007ae1321eb2dd95
results/seed2024_shard1/20260806T104711+0000_formal_seed2024/mainconf_r1_depth_kmode_muon_seed2024_20260806T104711+0000/wandb/latest-run/files/wandb-metadata.json,2394,c2e318eafdd3b510f40a59e4d549d731c6a167d78788f0fb5d7d8b8a56dbb4b6
results/seed2024_shard1/20260806T104711+0000_formal_seed2024/mainconf_r1_depth_kmode_muon_seed2024_20260806T104711+0000/wandb/latest-run/files/wandb-summary.json,2542,cbd8c0a487f52302f819026b765073f6fa0d080880d396a53a35f9baa29c0650
results/seed2024_shard1/20260806T104711+0000_formal_seed2024/mainconf_r1_depth_kmode_muon_seed2024_20260806T104711+0000/wandb/latest-run/logs/debug-core.log,13306,6b32d78ff37d5e5abaf39683b70526ffcbb527a811fc3305945721457b1b4d15
results/seed2024_shard1/20260806T104711+0000_formal_seed2024/mainconf_r1_depth_kmode_muon_seed2024_20260806T104711+0000/wandb/latest-run/logs/debug-internal.log,1713,3c1d4ebe785e990c7e9c9ca96a330cf823b419a63575b287dcaa1df6ffb262a7
results/seed2024_shard1/20260806T104711+0000_formal_seed2024/mainconf_r1_depth_kmode_muon_seed2024_20260806T104711+0000/wandb/latest-run/logs/debug.log,4643,c36ee30e211afc43a19ec04a4ae14e9f1282ac36efdee09b8c935d6a3bef62ad
results/seed2024_shard1/20260806T104711+0000_formal_seed2024/mainconf_r1_depth_kmode_muon_seed2024_20260806T104711+0000/wandb/latest-run/run-2876d49a348e.wandb,173081,50b01d908acfd3a0daf70d34e5c7ea5f50309e593ae1f3c7154dcaba6a250f34
results/seed2024_shard1/20260806T104711+0000_formal_seed2024/mainconf_r1_depth_kmode_muon_seed2024_20260806T104711+0000/wandb/run-20260807_060027-2876d49a348e/files/config.yaml,5706,053e0791f9014f5f43d40f9a2c2ae575d9cd4054c0385ea0d7db02c2640db902
results/seed2024_shard1/20260806T104711+0000_formal_seed2024/mainconf_r1_depth_kmode_muon_seed2024_20260806T104711+0000/wandb/run-20260807_060027-2876d49a348e/files/requirements.txt,1616,c42bd83dae15b8c3a5c6ea9dffff6162a7497b8eac0a637e007ae1321eb2dd95
results/seed2024_shard1/20260806T104711+0000_formal_seed2024/mainconf_r1_depth_kmode_muon_seed2024_20260806T104711+0000/wandb/run-20260807_060027-2876d49a348e/files/wandb-metadata.json,2394,c2e318eafdd3b510f40a59e4d549d731c6a167d78788f0fb5d7d8b8a56dbb4b6
results/seed2024_shard1/20260806T104711+0000_formal_seed2024/mainconf_r1_depth_kmode_muon_seed2024_20260806T104711+0000/wandb/run-20260807_060027-2876d49a348e/files/wandb-summary.json,2542,cbd8c0a487f52302f819026b765073f6fa0d080880d396a53a35f9baa29c0650
results/seed2024_shard1/20260806T104711+0000_formal_seed2024/mainconf_r1_depth_kmode_muon_seed2024_20260806T104711+0000/wandb/run-20260807_060027-2876d49a348e/logs/debug-core.log,13306,6b32d78ff37d5e5abaf39683b70526ffcbb527a811fc3305945721457b1b4d15
results/seed2024_shard1/20260806T104711+0000_formal_seed2024/mainconf_r1_depth_kmode_muon_seed2024_20260806T104711+0000/wandb/run-20260807_060027-2876d49a348e/logs/debug-internal.log,1713,3c1d4ebe785e990c7e9c9ca96a330cf823b419a63575b287dcaa1df6ffb262a7
results/seed2024_shard1/20260806T104711+0000_formal_seed2024/mainconf_r1_depth_kmode_muon_seed2024_20260806T104711+0000/wandb/run-20260807_060027-2876d49a348e/logs/debug.log,4643,c36ee30e211afc43a19ec04a4ae14e9f1282ac36efdee09b8c935d6a3bef62ad
results/seed2024_shard1/20260806T104711+0000_formal_seed2024/mainconf_r1_depth_kmode_muon_seed2024_20260806T104711+0000/wandb/run-20260807_060027-2876d49a348e/run-2876d49a348e.wandb,173081,50b01d908acfd3a0daf70d34e5c7ea5f50309e593ae1f3c7154dcaba6a250f34
results/seed2024_shard1/20260806T104711+0000_formal_seed2024/mainconf_r1_depth_kmode_muon_seed2024_20260806T104711+0000PRIVATE_PATH_REDACTED,483855,52490eb9a4a5bd7efd08daef69fd978c0277046a6c19b439ecee55ab20f59de5
results/seed2024_shard1/20260806T104711+0000_formal_seed2024/mainconf_r1_depth_kmode_muon_seed2024_20260806T104711+0000PRIVATE_PATH_REDACTED,26537,4ceb0c921e9ed1bfd992aa141f7c7b1c447fde753c7f00e8a3ebe3a1165788ea
results/seed2024_shard1/20260806T104711+0000_formal_seed2024/mainconf_r1_depth_kmode_muon_seed2024_20260806T104711+0000PRIVATE_PATH_REDACTED,18770,b51ac50c699b05306619d92cb9ec6edadd266d8118c53f5b9726db76480ea16d
results/seed2024_shard1/20260806T104711+0000_formal_seed2024/r1_common_target_comparison.csv,396,2a38dc66ceb0bbfb2eb04f3d63e90c1e3cec8b616432f1af8bfe0567aee106e1
results/seed2024_shard1/20260806T104711+0000_formal_seed2024/r1_manifest.json,27984,9fe0a700bcef411bbe6549beaeb7e6e59c6b59cea2ad9483cd7096c98eaba880
results/seed2024_shard1/20260806T104711+0000_formal_seed2024/r1_plan.json,11295,2af217a4da2a592f6693636a06d19cade39e595bcdb5e47b0a65697221a7f822
results/seed2024_shard1/20260806T104711+0000_formal_seed2024/r1_summary.csv,7431,6d41545ed56c40dcda10984c462042385ebc33e8cfdce344f78eae2cdd8a452a
results/seed2025_shard0/20260807T060847+0000_smoke_seed2025/mainconf_r1_depth_kmode_early_diag_exact_shape_smoke34_20260807T060847+0000/official_to_r1.patch,19277,38098c2a56f16f3a3781b60fdf5135e21461188f41352951f90c1c206e726116
results/seed2025_shard0/20260807T060847+0000_smoke_seed2025/mainconf_r1_depth_kmode_early_diag_exact_shape_smoke34_20260807T060847+0000/r1_metrics.csv,2681,985787d34e4ff746fca2dcf635c2d0e5f917f858e22c1492ae726ad95526129a
results/seed2025_shard0/20260807T060847+0000_smoke_seed2025/mainconf_r1_depth_kmode_early_diag_exact_shape_smoke34_20260807T060847+0000/r1_summary.json,3802,5667975c66db605d11c515806b913b5c8be1d09f88ee76d72649bd6584dfe599
results/seed2025_shard0/20260807T060847+0000_smoke_seed2025/mainconf_r1_depth_kmode_early_diag_exact_shape_smoke34_20260807T060847+0000/run_manifest.json,8026,4b937c82fba21714b30a0edd7beaddf39f1a65dbeda62dc071cb0f0a8e909a76
results/seed2025_shard0/20260807T060847+0000_smoke_seed2025/mainconf_r1_depth_kmode_early_diag_exact_shape_smoke34_20260807T060847+0000/source_manifest.json,3067,6c36a799658bd84f032b523f0a71e8739d3e98dac4d8c8a130b2efae5418389e
results/seed2025_shard0/20260807T060847+0000_smoke_seed2025/mainconf_r1_depth_kmode_early_diag_exact_shape_smoke34_20260807T060847+0000/training_log_with_source.txt,48274,5182ade9955cf3eda48134bd873938fa0bd3f75c82a12e927d9a18a7a06312a1
results/seed2025_shard0/20260807T060847+0000_smoke_seed2025/mainconf_r1_depth_kmode_early_diag_exact_shape_smoke34_20260807T060847+0000/training_stdout.log,2960,cfae6aec4fc5d3fb07b371de2c6a52dea3d2dd66878253bc0c3851b48a8f112f
results/seed2025_shard0/20260807T060847+0000_smoke_seed2025/mainconf_r1_depth_kmode_early_diag_exact_shape_smoke34_20260807T060847+0000PRIVATE_PATH_REDACTED,48274,5182ade9955cf3eda48134bd873938fa0bd3f75c82a12e927d9a18a7a06312a1
results/seed2025_shard0/20260807T060847+0000_smoke_seed2025/mainconf_r1_depth_kmode_early_diag_exact_shape_smoke34_20260807T060847+0000PRIVATE_PATH_REDACTED,43503,3f7f27a18cd858cb3e3fc570bcb24120d8a1cbdd33e82d234c20655ae007c20e
results/seed2025_shard0/20260807T060847+0000_smoke_seed2025/mainconf_r1_depth_kmode_early_diag_exact_shape_smoke34_20260807T060847+0000PRIVATE_PATH_REDACTED,18770,b51ac50c699b05306619d92cb9ec6edadd266d8118c53f5b9726db76480ea16d
results/seed2025_shard0/20260807T060847+0000_smoke_seed2025/mainconf_r1_depth_kmode_early_none_exact_shape_smoke34_20260807T060847+0000/official_to_r1.patch,19277,f7108ecd8aba74f81954410515fc7430766d17e447ef175f779f60ddba66bce9
results/seed2025_shard0/20260807T060847+0000_smoke_seed2025/mainconf_r1_depth_kmode_early_none_exact_shape_smoke34_20260807T060847+0000/r1_metrics.csv,2683,63b7d500d3691c24f6ed26a96beede76bc3e2f94f6c7f6734d5ec61f5581171a
results/seed2025_shard0/20260807T060847+0000_smoke_seed2025/mainconf_r1_depth_kmode_early_none_exact_shape_smoke34_20260807T060847+0000/r1_summary.json,3801,eae91d4faf72fe6318a0368101427b3ee969b0fdea32b3e1033c14d3d4a9d3ff
results/seed2025_shard0/20260807T060847+0000_smoke_seed2025/mainconf_r1_depth_kmode_early_none_exact_shape_smoke34_20260807T060847+0000/run_manifest.json,8024,aa800ce4bcc96b92da8f7499cca8acd2a42d49cebe99bdca751f30aab774de4d
results/seed2025_shard0/20260807T060847+0000_smoke_seed2025/mainconf_r1_depth_kmode_early_none_exact_shape_smoke34_20260807T060847+0000/source_manifest.json,3067,1fcf386e36f2529234af4314dc5271dfdf7d22981e00eb0d4d9176317706e82d
results/seed2025_shard0/20260807T060847+0000_smoke_seed2025/mainconf_r1_depth_kmode_early_none_exact_shape_smoke34_20260807T060847+0000/training_log_with_source.txt,48274,3dcf24cd8f4818aeaf2337e6e8123f7f9597c38895e10bcd5f658f8c3b77e9fa
results/seed2025_shard0/20260807T060847+0000_smoke_seed2025/mainconf_r1_depth_kmode_early_none_exact_shape_smoke34_20260807T060847+0000/training_stdout.log,2960,f14cfb94996c40a5240da62cd49061fe64e5688f0c38320baa50df03864a8446
results/seed2025_shard0/20260807T060847+0000_smoke_seed2025/mainconf_r1_depth_kmode_early_none_exact_shape_smoke34_20260807T060847+0000PRIVATE_PATH_REDACTED,48274,3dcf24cd8f4818aeaf2337e6e8123f7f9597c38895e10bcd5f658f8c3b77e9fa
results/seed2025_shard0/20260807T060847+0000_smoke_seed2025/mainconf_r1_depth_kmode_early_none_exact_shape_smoke34_20260807T060847+0000PRIVATE_PATH_REDACTED,43503,a2042f3eaf5d06d7ea10a10c27923adf0762c61fc6cffb2d9cda94a184eb8e37
results/seed2025_shard0/20260807T060847+0000_smoke_seed2025/mainconf_r1_depth_kmode_early_none_exact_shape_smoke34_20260807T060847+0000PRIVATE_PATH_REDACTED,18770,b51ac50c699b05306619d92cb9ec6edadd266d8118c53f5b9726db76480ea16d
results/seed2025_shard0/20260807T060847+0000_smoke_seed2025/mainconf_r1_depth_kmode_edge_diag_exact_shape_smoke34_20260807T060847+0000/official_to_r1.patch,19276,7090f6b951fa13824e95eccf56ad337b0ba0817a16f6c15fbbe6ca0454b6ef4d
results/seed2025_shard0/20260807T060847+0000_smoke_seed2025/mainconf_r1_depth_kmode_edge_diag_exact_shape_smoke34_20260807T060847+0000/r1_metrics.csv,2646,36ee09bee2d3d05da0dd77eec39ab977eb273d4b03e3543feaa6f8189ffa9c0d
results/seed2025_shard0/20260807T060847+0000_smoke_seed2025/mainconf_r1_depth_kmode_edge_diag_exact_shape_smoke34_20260807T060847+0000/r1_summary.json,3802,2b78893f5855b8ecbf42ed2f5b6b5166d1f70a82f7731fa9fa32bc624aed0a42
results/seed2025_shard0/20260807T060847+0000_smoke_seed2025/mainconf_r1_depth_kmode_edge_diag_exact_shape_smoke34_20260807T060847+0000/run_manifest.json,8017,99234e87b811cd68cf985c362e2cd7a7294cfdac18c1b1d2fe8c59a549776248
results/seed2025_shard0/20260807T060847+0000_smoke_seed2025/mainconf_r1_depth_kmode_edge_diag_exact_shape_smoke34_20260807T060847+0000/source_manifest.json,3066,d4403d86c937da4ed5b50de17777a91044745ebffef26c7e8598c0d6d0e59d4e
results/seed2025_shard0/20260807T060847+0000_smoke_seed2025/mainconf_r1_depth_kmode_edge_diag_exact_shape_smoke34_20260807T060847+0000/training_log_with_source.txt,48274,a54f393f3e991eff177a8ade808e23294133a9e66cd9302e5cb36250af579927
results/seed2025_shard0/20260807T060847+0000_smoke_seed2025/mainconf_r1_depth_kmode_edge_diag_exact_shape_smoke34_20260807T060847+0000/training_stdout.log,2960,84404f385d76fbace5d552743f1b74285a64c357ceba4af05a557239cb0909ac
results/seed2025_shard0/20260807T060847+0000_smoke_seed2025/mainconf_r1_depth_kmode_edge_diag_exact_shape_smoke34_20260807T060847+0000PRIVATE_PATH_REDACTED,48274,a54f393f3e991eff177a8ade808e23294133a9e66cd9302e5cb36250af579927
results/seed2025_shard0/20260807T060847+0000_smoke_seed2025/mainconf_r1_depth_kmode_edge_diag_exact_shape_smoke34_20260807T060847+0000PRIVATE_PATH_REDACTED,43503,3d44f091f5746b47fc51eb60917e4e5e7c636bc0db65d57cc9d925ada49705ae
results/seed2025_shard0/20260807T060847+0000_smoke_seed2025/mainconf_r1_depth_kmode_edge_diag_exact_shape_smoke34_20260807T060847+0000PRIVATE_PATH_REDACTED,18770,b51ac50c699b05306619d92cb9ec6edadd266d8118c53f5b9726db76480ea16d
results/seed2025_shard0/20260807T060847+0000_smoke_seed2025/mainconf_r1_depth_kmode_edge_none_exact_shape_smoke34_20260807T060847+0000/official_to_r1.patch,19276,5b1b8811b90152fda21597f9a8d7a89d3855fd360664ba69e4e3a7698386581e
results/seed2025_shard0/20260807T060847+0000_smoke_seed2025/mainconf_r1_depth_kmode_edge_none_exact_shape_smoke34_20260807T060847+0000/r1_metrics.csv,2646,818237c9149523187135fdbc5fc03e6fdcfe495b251524405bd06b9bde6037dc
results/seed2025_shard0/20260807T060847+0000_smoke_seed2025/mainconf_r1_depth_kmode_edge_none_exact_shape_smoke34_20260807T060847+0000/r1_summary.json,3802,51ff26ef64ae0ee3436c531abca64c4135aee127573022989cc773418d0e458d
results/seed2025_shard0/20260807T060847+0000_smoke_seed2025/mainconf_r1_depth_kmode_edge_none_exact_shape_smoke34_20260807T060847+0000/run_manifest.json,8018,1abf919f2d86e09f596d96772aa99f72073b65c92f5a57725ed33731b58f07e0
results/seed2025_shard0/20260807T060847+0000_smoke_seed2025/mainconf_r1_depth_kmode_edge_none_exact_shape_smoke34_20260807T060847+0000/source_manifest.json,3066,24d0d62e0ed75e6e90f318f4d68eb501c12c49090711bde10a8a9783246ba2b1
results/seed2025_shard0/20260807T060847+0000_smoke_seed2025/mainconf_r1_depth_kmode_edge_none_exact_shape_smoke34_20260807T060847+0000/training_log_with_source.txt,48274,b733605b0c576dcdb50ff62efc7980a02f68963961b6ecff68c072e516781f77
results/seed2025_shard0/20260807T060847+0000_smoke_seed2025/mainconf_r1_depth_kmode_edge_none_exact_shape_smoke34_20260807T060847+0000/training_stdout.log,2960,cdf5e2ac82081bdfafa3723f1ae58111bd2903e7cbdf2ff42fdcf278dbb9e840
results/seed2025_shard0/20260807T060847+0000_smoke_seed2025/mainconf_r1_depth_kmode_edge_none_exact_shape_smoke34_20260807T060847+0000PRIVATE_PATH_REDACTED,48274,b733605b0c576dcdb50ff62efc7980a02f68963961b6ecff68c072e516781f77
results/seed2025_shard0/20260807T060847+0000_smoke_seed2025/mainconf_r1_depth_kmode_edge_none_exact_shape_smoke34_20260807T060847+0000PRIVATE_PATH_REDACTED,43503,1bfa2ebda0724eb8adc470c421e9aee7ffda4a304746a9ab6150ab9ab733a10b
results/seed2025_shard0/20260807T060847+0000_smoke_seed2025/mainconf_r1_depth_kmode_edge_none_exact_shape_smoke34_20260807T060847+0000PRIVATE_PATH_REDACTED,18770,b51ac50c699b05306619d92cb9ec6edadd266d8118c53f5b9726db76480ea16d
results/seed2025_shard0/20260807T060847+0000_smoke_seed2025/mainconf_r1_depth_kmode_late_diag_exact_shape_smoke34_20260807T060847+0000/official_to_r1.patch,19276,52c9ea921347d1c3babbe4cd80156a3b4f9d59d9f434795f7e3add9807cc07dd
results/seed2025_shard0/20260807T060847+0000_smoke_seed2025/mainconf_r1_depth_kmode_late_diag_exact_shape_smoke34_20260807T060847+0000/r1_metrics.csv,2642,82814e8b3d4e32299f0cfaa563046402eece1a3eb7b24387495a3036c859f4b1
results/seed2025_shard0/20260807T060847+0000_smoke_seed2025/mainconf_r1_depth_kmode_late_diag_exact_shape_smoke34_20260807T060847+0000/r1_summary.json,3801,044dd17d3c8e4ea0058663e0e133ef498648502ea8f0fbb3c2f67b06d4f7830c
results/seed2025_shard0/20260807T060847+0000_smoke_seed2025/mainconf_r1_depth_kmode_late_diag_exact_shape_smoke34_20260807T060847+0000/run_manifest.json,8016,50c1d143ea2f1d94ecd017825d7f8bb045a347c4021e466bd376d324ac8beec0
results/seed2025_shard0/20260807T060847+0000_smoke_seed2025/mainconf_r1_depth_kmode_late_diag_exact_shape_smoke34_20260807T060847+0000/source_manifest.json,3066,29c767532aa9dacc70a71be5af5b6cefb289b74b991fbd3bc50a25e2ec3cf30b
results/seed2025_shard0/20260807T060847+0000_smoke_seed2025/mainconf_r1_depth_kmode_late_diag_exact_shape_smoke34_20260807T060847+0000/training_log_with_source.txt,48274,e52ca651cfc37f3bf5cec217409679868b9fa4a32fbfd420a1782d01d3dce93c
results/seed2025_shard0/20260807T060847+0000_smoke_seed2025/mainconf_r1_depth_kmode_late_diag_exact_shape_smoke34_20260807T060847+0000/training_stdout.log,2960,49f3961aab899161470f4f87e526c5d89a88c5892c59ccba3931756a1989a6b5
results/seed2025_shard0/20260807T060847+0000_smoke_seed2025/mainconf_r1_depth_kmode_late_diag_exact_shape_smoke34_20260807T060847+0000PRIVATE_PATH_REDACTED,48274,e52ca651cfc37f3bf5cec217409679868b9fa4a32fbfd420a1782d01d3dce93c
results/seed2025_shard0/20260807T060847+0000_smoke_seed2025/mainconf_r1_depth_kmode_late_diag_exact_shape_smoke34_20260807T060847+0000PRIVATE_PATH_REDACTED,43503,c6c6639cde2be5894ec4cc5b9627ba636fd423ee073d4fdba41d68d0ecaa578d
results/seed2025_shard0/20260807T060847+0000_smoke_seed2025/mainconf_r1_depth_kmode_late_diag_exact_shape_smoke34_20260807T060847+0000PRIVATE_PATH_REDACTED,18770,b51ac50c699b05306619d92cb9ec6edadd266d8118c53f5b9726db76480ea16d
results/seed2025_shard0/20260807T060847+0000_smoke_seed2025/mainconf_r1_depth_kmode_late_none_exact_shape_smoke34_20260807T060847+0000/official_to_r1.patch,19276,3669112b009b52ce84c5722a49dc508def6a08b9afdbe147a61953f52dd0d7a4
results/seed2025_shard0/20260807T060847+0000_smoke_seed2025/mainconf_r1_depth_kmode_late_none_exact_shape_smoke34_20260807T060847+0000/r1_metrics.csv,2644,bf7530f0a400d175fa9be06ee30f85316bccd490de833085fc688136fbcd0ec7
results/seed2025_shard0/20260807T060847+0000_smoke_seed2025/mainconf_r1_depth_kmode_late_none_exact_shape_smoke34_20260807T060847+0000/r1_summary.json,3801,7785d19596e941f17501a36a28d9bdc571b42a006b6582a5b0d05f14a3abd47d
results/seed2025_shard0/20260807T060847+0000_smoke_seed2025/mainconf_r1_depth_kmode_late_none_exact_shape_smoke34_20260807T060847+0000/run_manifest.json,8016,25e5eb6e726c3c950d18a81954ff01f7b7bd0886075e295ed929b0be45ccd45e
results/seed2025_shard0/20260807T060847+0000_smoke_seed2025/mainconf_r1_depth_kmode_late_none_exact_shape_smoke34_20260807T060847+0000/source_manifest.json,3066,82909c835a593808acb292e9276bd3f80013e4f76d97fe816f10d79b09789529
results/seed2025_shard0/20260807T060847+0000_smoke_seed2025/mainconf_r1_depth_kmode_late_none_exact_shape_smoke34_20260807T060847+0000/training_log_with_source.txt,48274,a9fa9bae5e0da5ac1ea6533a8d3c0a700abaa72047001c0762a9ef9c5a8aaa51
results/seed2025_shard0/20260807T060847+0000_smoke_seed2025/mainconf_r1_depth_kmode_late_none_exact_shape_smoke34_20260807T060847+0000/training_stdout.log,2960,49de45605a9cd80eceb8f2c1e79732987c2c4f1b74af181af1b4bd261991b880
results/seed2025_shard0/20260807T060847+0000_smoke_seed2025/mainconf_r1_depth_kmode_late_none_exact_shape_smoke34_20260807T060847+0000PRIVATE_PATH_REDACTED,48274,a9fa9bae5e0da5ac1ea6533a8d3c0a700abaa72047001c0762a9ef9c5a8aaa51
results/seed2025_shard0/20260807T060847+0000_smoke_seed2025/mainconf_r1_depth_kmode_late_none_exact_shape_smoke34_20260807T060847+0000PRIVATE_PATH_REDACTED,43503,0ab1cee1103a773d9e97d67d85be27e4118189a82a27829630d70f5fad1b1db6
results/seed2025_shard0/20260807T060847+0000_smoke_seed2025/mainconf_r1_depth_kmode_late_none_exact_shape_smoke34_20260807T060847+0000PRIVATE_PATH_REDACTED,18770,b51ac50c699b05306619d92cb9ec6edadd266d8118c53f5b9726db76480ea16d
results/seed2025_shard0/20260807T060847+0000_smoke_seed2025/r1_common_target_comparison.csv,361,785ba00cd5f5731736fd08d468fc16b0ac7d340010f6f527ad848e52094fd848
results/seed2025_shard0/20260807T060847+0000_smoke_seed2025/r1_manifest.json,26710,3451cca971cb1696c513e1f8d97d12e7b4331797cc3acdd01f678224d8a6396f
results/seed2025_shard0/20260807T060847+0000_smoke_seed2025/r1_plan.json,10901,d5d27da5cb1795fd7f0d0cbad315bae3135310485ca78ee6de89856781205240
results/seed2025_shard0/20260807T060847+0000_smoke_seed2025/r1_summary.csv,7041,66cb8760992da3f5f5ca77049c378bb834e5ee0685573dd1a6971163825fadf2
results/seed2025_shard0/20260807T062654+0000_formal_seed2025/mainconf_r1_depth_kmode_early_diag_seed2025_20260807T062654+0000/official_to_r1.patch,19277,38098c2a56f16f3a3781b60fdf5135e21461188f41352951f90c1c206e726116
results/seed2025_shard0/20260807T062654+0000_formal_seed2025/mainconf_r1_depth_kmode_early_diag_seed2025_20260807T062654+0000/r1_metrics.csv,598892,dad15b0d0be1378d57c917b95524eac2651d154db42370c4829599f98cac4311
results/seed2025_shard0/20260807T062654+0000_formal_seed2025/mainconf_r1_depth_kmode_early_diag_seed2025_20260807T062654+0000/r1_summary.json,3987,0806aa8d5273ab46093c53e9f27311849c605de86e8954d42f476859f4e13c3f
results/seed2025_shard0/20260807T062654+0000_formal_seed2025/mainconf_r1_depth_kmode_early_diag_seed2025_20260807T062654+0000/run_manifest.json,8392,3e2e9ed483b78277fa852c6882fef77683f33ef9ff0bfa427f4ec676400398ea
results/seed2025_shard0/20260807T062654+0000_formal_seed2025/mainconf_r1_depth_kmode_early_diag_seed2025_20260807T062654+0000/source_manifest.json,3044,baacf80093ee1c03ef0d65c4c3d86fcf747eb681629675cfa22984b90e3a8e82
results/seed2025_shard0/20260807T062654+0000_formal_seed2025/mainconf_r1_depth_kmode_early_diag_seed2025_20260807T062654+0000/training_log_with_source.txt,500829,8923078dabe42c3478343ffc4ffb5cada9016911bd33d583d37c59f655b528c0
results/seed2025_shard0/20260807T062654+0000_formal_seed2025/mainconf_r1_depth_kmode_early_diag_seed2025_20260807T062654+0000/training_stdout.log,455515,fae30f9de2fc6d5a3ca749a5f3070fcc9b6c5c08045d8b64c376816fe4b1937f
results/seed2025_shard0/20260807T062654+0000_formal_seed2025/mainconf_r1_depth_kmode_early_diag_seed2025_20260807T062654+0000/wandb/debug-internal.log,2177,d7eff2a57308035fe6a29516c29d4e679d5041cefc66c5ebbfd95d9fabe39dfd
results/seed2025_shard0/20260807T062654+0000_formal_seed2025/mainconf_r1_depth_kmode_early_diag_seed2025_20260807T062654+0000/wandb/debug.log,4790,a9dba24d0e6b382d64c11e619afdad852e7e40f25d9c955ddaedfd1845c53bf1
results/seed2025_shard0/20260807T062654+0000_formal_seed2025/mainconf_r1_depth_kmode_early_diag_seed2025_20260807T062654+0000/wandb/latest-run/files/config.yaml,5876,a2f20f4ca4943736a5a5cf28374e70319714b23ee9dff0566625d76d36fe0e1b
results/seed2025_shard0/20260807T062654+0000_formal_seed2025/mainconf_r1_depth_kmode_early_diag_seed2025_20260807T062654+0000/wandb/latest-run/files/requirements.txt,1616,c42bd83dae15b8c3a5c6ea9dffff6162a7497b8eac0a637e007ae1321eb2dd95
results/seed2025_shard0/20260807T062654+0000_formal_seed2025/mainconf_r1_depth_kmode_early_diag_seed2025_20260807T062654+0000/wandb/latest-run/files/wandb-metadata.json,2408,f9cce5f56307ada71a8427171530867e9057d8083b4f794cc689559e4bc806a3
results/seed2025_shard0/20260807T062654+0000_formal_seed2025/mainconf_r1_depth_kmode_early_diag_seed2025_20260807T062654+0000/wandb/latest-run/files/wandb-summary.json,2676,97d76d88fb6e6066b83ac3e24afa370ba8c5aa53f17638d5e0ccc815633d40d3
results/seed2025_shard0/20260807T062654+0000_formal_seed2025/mainconf_r1_depth_kmode_early_diag_seed2025_20260807T062654+0000/wandb/latest-run/logs/debug-core.log,6653,b9f1a18c512ec445854e257e32f294d774d3b28c267201e7a53a04b466ed9493
results/seed2025_shard0/20260807T062654+0000_formal_seed2025/mainconf_r1_depth_kmode_early_diag_seed2025_20260807T062654+0000/wandb/latest-run/logs/debug-internal.log,2177,d7eff2a57308035fe6a29516c29d4e679d5041cefc66c5ebbfd95d9fabe39dfd
results/seed2025_shard0/20260807T062654+0000_formal_seed2025/mainconf_r1_depth_kmode_early_diag_seed2025_20260807T062654+0000/wandb/latest-run/logs/debug.log,4790,a9dba24d0e6b382d64c11e619afdad852e7e40f25d9c955ddaedfd1845c53bf1
results/seed2025_shard0/20260807T062654+0000_formal_seed2025/mainconf_r1_depth_kmode_early_diag_seed2025_20260807T062654+0000/wandb/latest-run/run-f03447ed9870.wandb,175205,3d01c5abca7e8e68400a04433df05fcc4d6f5a01474139b2d825adbd23cbbac7
results/seed2025_shard0/20260807T062654+0000_formal_seed2025/mainconf_r1_depth_kmode_early_diag_seed2025_20260807T062654+0000/wandb/run-20260807_125050-f03447ed9870/files/config.yaml,5876,a2f20f4ca4943736a5a5cf28374e70319714b23ee9dff0566625d76d36fe0e1b
results/seed2025_shard0/20260807T062654+0000_formal_seed2025/mainconf_r1_depth_kmode_early_diag_seed2025_20260807T062654+0000/wandb/run-20260807_125050-f03447ed9870/files/requirements.txt,1616,c42bd83dae15b8c3a5c6ea9dffff6162a7497b8eac0a637e007ae1321eb2dd95
results/seed2025_shard0/20260807T062654+0000_formal_seed2025/mainconf_r1_depth_kmode_early_diag_seed2025_20260807T062654+0000/wandb/run-20260807_125050-f03447ed9870/files/wandb-metadata.json,2408,f9cce5f56307ada71a8427171530867e9057d8083b4f794cc689559e4bc806a3
results/seed2025_shard0/20260807T062654+0000_formal_seed2025/mainconf_r1_depth_kmode_early_diag_seed2025_20260807T062654+0000/wandb/run-20260807_125050-f03447ed9870/files/wandb-summary.json,2676,97d76d88fb6e6066b83ac3e24afa370ba8c5aa53f17638d5e0ccc815633d40d3
results/seed2025_shard0/20260807T062654+0000_formal_seed2025/mainconf_r1_depth_kmode_early_diag_seed2025_20260807T062654+0000/wandb/run-20260807_125050-f03447ed9870/logs/debug-core.log,6653,b9f1a18c512ec445854e257e32f294d774d3b28c267201e7a53a04b466ed9493
results/seed2025_shard0/20260807T062654+0000_formal_seed2025/mainconf_r1_depth_kmode_early_diag_seed2025_20260807T062654+0000/wandb/run-20260807_125050-f03447ed9870/logs/debug-internal.log,2177,d7eff2a57308035fe6a29516c29d4e679d5041cefc66c5ebbfd95d9fabe39dfd
results/seed2025_shard0/20260807T062654+0000_formal_seed2025/mainconf_r1_depth_kmode_early_diag_seed2025_20260807T062654+0000/wandb/run-20260807_125050-f03447ed9870/logs/debug.log,4790,a9dba24d0e6b382d64c11e619afdad852e7e40f25d9c955ddaedfd1845c53bf1
results/seed2025_shard0/20260807T062654+0000_formal_seed2025/mainconf_r1_depth_kmode_early_diag_seed2025_20260807T062654+0000/wandb/run-20260807_125050-f03447ed9870/run-f03447ed9870.wandb,175205,3d01c5abca7e8e68400a04433df05fcc4d6f5a01474139b2d825adbd23cbbac7
results/seed2025_shard0/20260807T062654+0000_formal_seed2025/mainconf_r1_depth_kmode_early_diag_seed2025_20260807T062654+0000PRIVATE_PATH_REDACTED,500829,8923078dabe42c3478343ffc4ffb5cada9016911bd33d583d37c59f655b528c0
results/seed2025_shard0/20260807T062654+0000_formal_seed2025/mainconf_r1_depth_kmode_early_diag_seed2025_20260807T062654+0000PRIVATE_PATH_REDACTED,43503,3f7f27a18cd858cb3e3fc570bcb24120d8a1cbdd33e82d234c20655ae007c20e
results/seed2025_shard0/20260807T062654+0000_formal_seed2025/mainconf_r1_depth_kmode_early_diag_seed2025_20260807T062654+0000PRIVATE_PATH_REDACTED,18770,b51ac50c699b05306619d92cb9ec6edadd266d8118c53f5b9726db76480ea16d
results/seed2025_shard0/20260807T062654+0000_formal_seed2025/mainconf_r1_depth_kmode_early_none_seed2025_20260807T062654+0000/official_to_r1.patch,19277,f7108ecd8aba74f81954410515fc7430766d17e447ef175f779f60ddba66bce9
results/seed2025_shard0/20260807T062654+0000_formal_seed2025/mainconf_r1_depth_kmode_early_none_seed2025_20260807T062654+0000/r1_metrics.csv,598901,814b4021f33fc22d268f33aa7f4eaa5417be247b7bbe4e7adc732ec9ff9734c0
results/seed2025_shard0/20260807T062654+0000_formal_seed2025/mainconf_r1_depth_kmode_early_none_seed2025_20260807T062654+0000/r1_summary.json,3988,68385946ddd60275d0bb3897510582c8b557dcf2766a6b144edb24f5b94fd1c0
results/seed2025_shard0/20260807T062654+0000_formal_seed2025/mainconf_r1_depth_kmode_early_none_seed2025_20260807T062654+0000/run_manifest.json,8394,35bc56b54962dc69eaa4cda24cf9a22f207a205e7ec76aa8e458b93803a771b9
results/seed2025_shard0/20260807T062654+0000_formal_seed2025/mainconf_r1_depth_kmode_early_none_seed2025_20260807T062654+0000/source_manifest.json,3044,38ae61fd97e563d5fc0b98e4bd52c9e83aae29829330b3aae2c8f40115fa6879
results/seed2025_shard0/20260807T062654+0000_formal_seed2025/mainconf_r1_depth_kmode_early_none_seed2025_20260807T062654+0000/training_log_with_source.txt,500833,12bb3e914669654648aa6eab0f737ffe88b52f37855c75b52980ad0d48044f54
results/seed2025_shard0/20260807T062654+0000_formal_seed2025/mainconf_r1_depth_kmode_early_none_seed2025_20260807T062654+0000/training_stdout.log,455519,ccefae5bc0b3f6e94702d95973c6fd773e1b7010af0cf78ace5a14295a7cf0bd
results/seed2025_shard0/20260807T062654+0000_formal_seed2025/mainconf_r1_depth_kmode_early_none_seed2025_20260807T062654+0000/wandb/debug-internal.log,1714,a44af05eafc0e2b0a56534490cb83c791e0281a545e31027d8bcd8dc7fb149a7
results/seed2025_shard0/20260807T062654+0000_formal_seed2025/mainconf_r1_depth_kmode_early_none_seed2025_20260807T062654+0000/wandb/debug.log,5127,3460eb5cdb4b9ca893091ecc5e1e4ec9dc41b5eedcb813d47e4aec0ee294b5c7
results/seed2025_shard0/20260807T062654+0000_formal_seed2025/mainconf_r1_depth_kmode_early_none_seed2025_20260807T062654+0000/wandb/latest-run/files/config.yaml,5855,62d2dee008f3b7c7e1641459415138e32dca2c092525b77b8ec6bf79239ff5b4
results/seed2025_shard0/20260807T062654+0000_formal_seed2025/mainconf_r1_depth_kmode_early_none_seed2025_20260807T062654+0000/wandb/latest-run/files/requirements.txt,1616,c42bd83dae15b8c3a5c6ea9dffff6162a7497b8eac0a637e007ae1321eb2dd95
results/seed2025_shard0/20260807T062654+0000_formal_seed2025/mainconf_r1_depth_kmode_early_none_seed2025_20260807T062654+0000/wandb/latest-run/files/wandb-metadata.json,2408,50081b2e72425368cc8c67f68faa50350e627fa284ca3048cddeca6a37e2fec0
results/seed2025_shard0/20260807T062654+0000_formal_seed2025/mainconf_r1_depth_kmode_early_none_seed2025_20260807T062654+0000/wandb/latest-run/files/wandb-summary.json,2673,c37f2174df9d6bd52fb19ba087cf69641cfe044ac98d858c53f43f9dc65bc2d8
results/seed2025_shard0/20260807T062654+0000_formal_seed2025/mainconf_r1_depth_kmode_early_none_seed2025_20260807T062654+0000/wandb/latest-run/logs/debug-core.log,6653,b9f1a18c512ec445854e257e32f294d774d3b28c267201e7a53a04b466ed9493
results/seed2025_shard0/20260807T062654+0000_formal_seed2025/mainconf_r1_depth_kmode_early_none_seed2025_20260807T062654+0000/wandb/latest-run/logs/debug-internal.log,1714,a44af05eafc0e2b0a56534490cb83c791e0281a545e31027d8bcd8dc7fb149a7
results/seed2025_shard0/20260807T062654+0000_formal_seed2025/mainconf_r1_depth_kmode_early_none_seed2025_20260807T062654+0000/wandb/latest-run/logs/debug.log,5127,3460eb5cdb4b9ca893091ecc5e1e4ec9dc41b5eedcb813d47e4aec0ee294b5c7
results/seed2025_shard0/20260807T062654+0000_formal_seed2025/mainconf_r1_depth_kmode_early_none_seed2025_20260807T062654+0000/wandb/latest-run/run-45bb394a3490.wandb,175181,1fe8e3d531fe14280a33596ecf14d939237519ef8124a5e12ea04e4a663688cf
results/seed2025_shard0/20260807T062654+0000_formal_seed2025/mainconf_r1_depth_kmode_early_none_seed2025_20260807T062654+0000/wandb/run-20260807_093856-45bb394a3490/files/config.yaml,5855,62d2dee008f3b7c7e1641459415138e32dca2c092525b77b8ec6bf79239ff5b4
results/seed2025_shard0/20260807T062654+0000_formal_seed2025/mainconf_r1_depth_kmode_early_none_seed2025_20260807T062654+0000/wandb/run-20260807_093856-45bb394a3490/files/requirements.txt,1616,c42bd83dae15b8c3a5c6ea9dffff6162a7497b8eac0a637e007ae1321eb2dd95
results/seed2025_shard0/20260807T062654+0000_formal_seed2025/mainconf_r1_depth_kmode_early_none_seed2025_20260807T062654+0000/wandb/run-20260807_093856-45bb394a3490/files/wandb-metadata.json,2408,50081b2e72425368cc8c67f68faa50350e627fa284ca3048cddeca6a37e2fec0
results/seed2025_shard0/20260807T062654+0000_formal_seed2025/mainconf_r1_depth_kmode_early_none_seed2025_20260807T062654+0000/wandb/run-20260807_093856-45bb394a3490/files/wandb-summary.json,2673,c37f2174df9d6bd52fb19ba087cf69641cfe044ac98d858c53f43f9dc65bc2d8
results/seed2025_shard0/20260807T062654+0000_formal_seed2025/mainconf_r1_depth_kmode_early_none_seed2025_20260807T062654+0000/wandb/run-20260807_093856-45bb394a3490/logs/debug-core.log,6653,b9f1a18c512ec445854e257e32f294d774d3b28c267201e7a53a04b466ed9493
results/seed2025_shard0/20260807T062654+0000_formal_seed2025/mainconf_r1_depth_kmode_early_none_seed2025_20260807T062654+0000/wandb/run-20260807_093856-45bb394a3490/logs/debug-internal.log,1714,a44af05eafc0e2b0a56534490cb83c791e0281a545e31027d8bcd8dc7fb149a7
results/seed2025_shard0/20260807T062654+0000_formal_seed2025/mainconf_r1_depth_kmode_early_none_seed2025_20260807T062654+0000/wandb/run-20260807_093856-45bb394a3490/logs/debug.log,5127,3460eb5cdb4b9ca893091ecc5e1e4ec9dc41b5eedcb813d47e4aec0ee294b5c7
results/seed2025_shard0/20260807T062654+0000_formal_seed2025/mainconf_r1_depth_kmode_early_none_seed2025_20260807T062654+0000/wandb/run-20260807_093856-45bb394a3490/run-45bb394a3490.wandb,175181,1fe8e3d531fe14280a33596ecf14d939237519ef8124a5e12ea04e4a663688cf
results/seed2025_shard0/20260807T062654+0000_formal_seed2025/mainconf_r1_depth_kmode_early_none_seed2025_20260807T062654+0000PRIVATE_PATH_REDACTED,500833,12bb3e914669654648aa6eab0f737ffe88b52f37855c75b52980ad0d48044f54
results/seed2025_shard0/20260807T062654+0000_formal_seed2025/mainconf_r1_depth_kmode_early_none_seed2025_20260807T062654+0000PRIVATE_PATH_REDACTED,43503,a2042f3eaf5d06d7ea10a10c27923adf0762c61fc6cffb2d9cda94a184eb8e37
results/seed2025_shard0/20260807T062654+0000_formal_seed2025/mainconf_r1_depth_kmode_early_none_seed2025_20260807T062654+0000PRIVATE_PATH_REDACTED,18770,b51ac50c699b05306619d92cb9ec6edadd266d8118c53f5b9726db76480ea16d
results/seed2025_shard0/20260807T062654+0000_formal_seed2025/mainconf_r1_depth_kmode_edge_diag_seed2025_20260807T062654+0000/official_to_r1.patch,19276,7090f6b951fa13824e95eccf56ad337b0ba0817a16f6c15fbbe6ca0454b6ef4d
results/seed2025_shard0/20260807T062654+0000_formal_seed2025/mainconf_r1_depth_kmode_edge_diag_seed2025_20260807T062654+0000/r1_metrics.csv,592586,343cb6f93a4c3c0e5257e680bba03295248c6943433c5cca9f5dee1e0bcdbf1e
results/seed2025_shard0/20260807T062654+0000_formal_seed2025/mainconf_r1_depth_kmode_edge_diag_seed2025_20260807T062654+0000/r1_summary.json,3982,d300eb57fa6f4578f6fb0f24021bb203904915f761c05c131501de382e1f3284
results/seed2025_shard0/20260807T062654+0000_formal_seed2025/mainconf_r1_depth_kmode_edge_diag_seed2025_20260807T062654+0000/run_manifest.json,8378,7aa51cc37b3fc6ddaa931e3ce0de7af71e0a4dc72956f31411af7842e2bb7518
results/seed2025_shard0/20260807T062654+0000_formal_seed2025/mainconf_r1_depth_kmode_edge_diag_seed2025_20260807T062654+0000/source_manifest.json,3043,77639fa210627879752b0e8c7c545d5ac0776eeb85100cc4023bea72e64cae91
results/seed2025_shard0/20260807T062654+0000_formal_seed2025/mainconf_r1_depth_kmode_edge_diag_seed2025_20260807T062654+0000/training_log_with_source.txt,500833,b0f717c1af8d7a73a9df63da054177b27c134023c77fdf9012b340df35e2f419
results/seed2025_shard0/20260807T062654+0000_formal_seed2025/mainconf_r1_depth_kmode_edge_diag_seed2025_20260807T062654+0000/training_stdout.log,455519,c547787b3f1e223edc5d4acc3b17826ab68798641ef22e3ed37e272f916d55b1
results/seed2025_shard0/20260807T062654+0000_formal_seed2025/mainconf_r1_depth_kmode_edge_diag_seed2025_20260807T062654+0000/wandb/debug-internal.log,1945,b996791762026fc42fea715be5bb34703ae1ef987228758140dab876e2183478
results/seed2025_shard0/20260807T062654+0000_formal_seed2025/mainconf_r1_depth_kmode_edge_diag_seed2025_20260807T062654+0000/wandb/debug.log,4789,d4ddc2530c51e244e36b1e61cacd5e043382ba66025dbb39bf8096416fa5a8f9
results/seed2025_shard0/20260807T062654+0000_formal_seed2025/mainconf_r1_depth_kmode_edge_diag_seed2025_20260807T062654+0000/wandb/latest-run/files/config.yaml,5876,2b903e1de6f3e22a10aece0be4d27c996c9249c1f0a2cdcf6a7a72e7a9e61ccb
results/seed2025_shard0/20260807T062654+0000_formal_seed2025/mainconf_r1_depth_kmode_edge_diag_seed2025_20260807T062654+0000/wandb/latest-run/files/requirements.txt,1616,c42bd83dae15b8c3a5c6ea9dffff6162a7497b8eac0a637e007ae1321eb2dd95
results/seed2025_shard0/20260807T062654+0000_formal_seed2025/mainconf_r1_depth_kmode_edge_diag_seed2025_20260807T062654+0000/wandb/latest-run/files/wandb-metadata.json,2407,43c22404a9b18336b155837468f552f553169bf72473b4d38fe6d8c8f443b92f
results/seed2025_shard0/20260807T062654+0000_formal_seed2025/mainconf_r1_depth_kmode_edge_diag_seed2025_20260807T062654+0000/wandb/latest-run/files/wandb-summary.json,2669,c37879db7397e822208026be4ba496633fd571a012074228ba28259f265a06a5
results/seed2025_shard0/20260807T062654+0000_formal_seed2025/mainconf_r1_depth_kmode_edge_diag_seed2025_20260807T062654+0000/wandb/latest-run/logs/debug-core.log,6653,b9f1a18c512ec445854e257e32f294d774d3b28c267201e7a53a04b466ed9493
results/seed2025_shard0/20260807T062654+0000_formal_seed2025/mainconf_r1_depth_kmode_edge_diag_seed2025_20260807T062654+0000/wandb/latest-run/logs/debug-internal.log,1945,b996791762026fc42fea715be5bb34703ae1ef987228758140dab876e2183478
results/seed2025_shard0/20260807T062654+0000_formal_seed2025/mainconf_r1_depth_kmode_edge_diag_seed2025_20260807T062654+0000/wandb/latest-run/logs/debug.log,4789,d4ddc2530c51e244e36b1e61cacd5e043382ba66025dbb39bf8096416fa5a8f9
results/seed2025_shard0/20260807T062654+0000_formal_seed2025/mainconf_r1_depth_kmode_edge_diag_seed2025_20260807T062654+0000/wandb/latest-run/run-868fd6bde4a5.wandb,175131,6534a3b681bc5489fabc0ad67712a7ab10f512a9b5fa558083a494547ac5626a
results/seed2025_shard0/20260807T062654+0000_formal_seed2025/mainconf_r1_depth_kmode_edge_diag_seed2025_20260807T062654+0000/wandb/run-20260808_013753-868fd6bde4a5/files/config.yaml,5876,2b903e1de6f3e22a10aece0be4d27c996c9249c1f0a2cdcf6a7a72e7a9e61ccb
results/seed2025_shard0/20260807T062654+0000_formal_seed2025/mainconf_r1_depth_kmode_edge_diag_seed2025_20260807T062654+0000/wandb/run-20260808_013753-868fd6bde4a5/files/requirements.txt,1616,c42bd83dae15b8c3a5c6ea9dffff6162a7497b8eac0a637e007ae1321eb2dd95
results/seed2025_shard0/20260807T062654+0000_formal_seed2025/mainconf_r1_depth_kmode_edge_diag_seed2025_20260807T062654+0000/wandb/run-20260808_013753-868fd6bde4a5/files/wandb-metadata.json,2407,43c22404a9b18336b155837468f552f553169bf72473b4d38fe6d8c8f443b92f
results/seed2025_shard0/20260807T062654+0000_formal_seed2025/mainconf_r1_depth_kmode_edge_diag_seed2025_20260807T062654+0000/wandb/run-20260808_013753-868fd6bde4a5/files/wandb-summary.json,2669,c37879db7397e822208026be4ba496633fd571a012074228ba28259f265a06a5
results/seed2025_shard0/20260807T062654+0000_formal_seed2025/mainconf_r1_depth_kmode_edge_diag_seed2025_20260807T062654+0000/wandb/run-20260808_013753-868fd6bde4a5/logs/debug-core.log,6653,b9f1a18c512ec445854e257e32f294d774d3b28c267201e7a53a04b466ed9493
results/seed2025_shard0/20260807T062654+0000_formal_seed2025/mainconf_r1_depth_kmode_edge_diag_seed2025_20260807T062654+0000/wandb/run-20260808_013753-868fd6bde4a5/logs/debug-internal.log,1945,b996791762026fc42fea715be5bb34703ae1ef987228758140dab876e2183478
results/seed2025_shard0/20260807T062654+0000_formal_seed2025/mainconf_r1_depth_kmode_edge_diag_seed2025_20260807T062654+0000/wandb/run-20260808_013753-868fd6bde4a5/logs/debug.log,4789,d4ddc2530c51e244e36b1e61cacd5e043382ba66025dbb39bf8096416fa5a8f9
results/seed2025_shard0/20260807T062654+0000_formal_seed2025/mainconf_r1_depth_kmode_edge_diag_seed2025_20260807T062654+0000/wandb/run-20260808_013753-868fd6bde4a5/run-868fd6bde4a5.wandb,175131,6534a3b681bc5489fabc0ad67712a7ab10f512a9b5fa558083a494547ac5626a
results/seed2025_shard0/20260807T062654+0000_formal_seed2025/mainconf_r1_depth_kmode_edge_diag_seed2025_20260807T062654+0000PRIVATE_PATH_REDACTED,500833,b0f717c1af8d7a73a9df63da054177b27c134023c77fdf9012b340df35e2f419
results/seed2025_shard0/20260807T062654+0000_formal_seed2025/mainconf_r1_depth_kmode_edge_diag_seed2025_20260807T062654+0000PRIVATE_PATH_REDACTED,43503,3d44f091f5746b47fc51eb60917e4e5e7c636bc0db65d57cc9d925ada49705ae
results/seed2025_shard0/20260807T062654+0000_formal_seed2025/mainconf_r1_depth_kmode_edge_diag_seed2025_20260807T062654+0000PRIVATE_PATH_REDACTED,18770,b51ac50c699b05306619d92cb9ec6edadd266d8118c53f5b9726db76480ea16d
results/seed2025_shard0/20260807T062654+0000_formal_seed2025/mainconf_r1_depth_kmode_edge_none_seed2025_20260807T062654+0000/official_to_r1.patch,19276,5b1b8811b90152fda21597f9a8d7a89d3855fd360664ba69e4e3a7698386581e
results/seed2025_shard0/20260807T062654+0000_formal_seed2025/mainconf_r1_depth_kmode_edge_none_seed2025_20260807T062654+0000/r1_metrics.csv,592610,7267df8557700f37b25ec0ac452f892b3eae7e4fd9206ec60364071dbeb094e1
results/seed2025_shard0/20260807T062654+0000_formal_seed2025/mainconf_r1_depth_kmode_edge_none_seed2025_20260807T062654+0000/r1_summary.json,3986,9df6dc68e642c9ee013dec2dd36ac334f9bb1c4c8be4bf415fe1a277eee32410
results/seed2025_shard0/20260807T062654+0000_formal_seed2025/mainconf_r1_depth_kmode_edge_none_seed2025_20260807T062654+0000/run_manifest.json,8382,be7c660fa653e36cda09e62252ba9992145af8df2b37158416fa6267a93dedff
results/seed2025_shard0/20260807T062654+0000_formal_seed2025/mainconf_r1_depth_kmode_edge_none_seed2025_20260807T062654+0000/source_manifest.json,3043,05993e139b86452dc01da52b23d8967145b21f0d604f78b2ef1d5f8b33b254b6
results/seed2025_shard0/20260807T062654+0000_formal_seed2025/mainconf_r1_depth_kmode_edge_none_seed2025_20260807T062654+0000/training_log_with_source.txt,500832,2c2acb5d81f5228995c7b91c35050ccc7c244baa211ea66370e558a49327b912
results/seed2025_shard0/20260807T062654+0000_formal_seed2025/mainconf_r1_depth_kmode_edge_none_seed2025_20260807T062654+0000/training_stdout.log,455518,cc0669beab63e45fb90be7ce45e6659e8d02ade5549f561071af92f2c63b21a9
results/seed2025_shard0/20260807T062654+0000_formal_seed2025/mainconf_r1_depth_kmode_edge_none_seed2025_20260807T062654+0000/wandb/debug-internal.log,2180,90fbfd2dddaa8e026a67e8e95c2f794fc30d769fb4f75f11a00c834156998f31
results/seed2025_shard0/20260807T062654+0000_formal_seed2025/mainconf_r1_depth_kmode_edge_none_seed2025_20260807T062654+0000/wandb/debug.log,4789,5f539c428c2a98b59cf9392f8d343fdc25539c4b13bb239dd89070d481e2de97
results/seed2025_shard0/20260807T062654+0000_formal_seed2025/mainconf_r1_depth_kmode_edge_none_seed2025_20260807T062654+0000/wandb/latest-run/files/config.yaml,5876,7d05713f03b77f8124e020f1ff5ed26c20d26fa8cb579acd6ba46e70f2402514
results/seed2025_shard0/20260807T062654+0000_formal_seed2025/mainconf_r1_depth_kmode_edge_none_seed2025_20260807T062654+0000/wandb/latest-run/files/requirements.txt,1616,c42bd83dae15b8c3a5c6ea9dffff6162a7497b8eac0a637e007ae1321eb2dd95
results/seed2025_shard0/20260807T062654+0000_formal_seed2025/mainconf_r1_depth_kmode_edge_none_seed2025_20260807T062654+0000/wandb/latest-run/files/wandb-metadata.json,2407,24af2f83061a02336b50a553782594fb1fca345ac98aa36d5f4c869947024803
results/seed2025_shard0/20260807T062654+0000_formal_seed2025/mainconf_r1_depth_kmode_edge_none_seed2025_20260807T062654+0000/wandb/latest-run/files/wandb-summary.json,2670,4b7b01c63beadee1ba9c7a205237625a5b36d8372e37a4d21ae1b96ad9fb5400
results/seed2025_shard0/20260807T062654+0000_formal_seed2025/mainconf_r1_depth_kmode_edge_none_seed2025_20260807T062654+0000/wandb/latest-run/logs/debug-core.log,6653,b9f1a18c512ec445854e257e32f294d774d3b28c267201e7a53a04b466ed9493
results/seed2025_shard0/20260807T062654+0000_formal_seed2025/mainconf_r1_depth_kmode_edge_none_seed2025_20260807T062654+0000/wandb/latest-run/logs/debug-internal.log,2180,90fbfd2dddaa8e026a67e8e95c2f794fc30d769fb4f75f11a00c834156998f31
results/seed2025_shard0/20260807T062654+0000_formal_seed2025/mainconf_r1_depth_kmode_edge_none_seed2025_20260807T062654+0000/wandb/latest-run/logs/debug.log,4789,5f539c428c2a98b59cf9392f8d343fdc25539c4b13bb239dd89070d481e2de97
results/seed2025_shard0/20260807T062654+0000_formal_seed2025/mainconf_r1_depth_kmode_edge_none_seed2025_20260807T062654+0000/wandb/latest-run/run-cdf392580575.wandb,175074,d8f7f1e29a65e1b3b27736e5dcf5e8fde863732388ce33cb71de383ecc85f782
results/seed2025_shard0/20260807T062654+0000_formal_seed2025/mainconf_r1_depth_kmode_edge_none_seed2025_20260807T062654+0000/wandb/run-20260807_222611-cdf392580575/files/config.yaml,5876,7d05713f03b77f8124e020f1ff5ed26c20d26fa8cb579acd6ba46e70f2402514
results/seed2025_shard0/20260807T062654+0000_formal_seed2025/mainconf_r1_depth_kmode_edge_none_seed2025_20260807T062654+0000/wandb/run-20260807_222611-cdf392580575/files/requirements.txt,1616,c42bd83dae15b8c3a5c6ea9dffff6162a7497b8eac0a637e007ae1321eb2dd95
results/seed2025_shard0/20260807T062654+0000_formal_seed2025/mainconf_r1_depth_kmode_edge_none_seed2025_20260807T062654+0000/wandb/run-20260807_222611-cdf392580575/files/wandb-metadata.json,2407,24af2f83061a02336b50a553782594fb1fca345ac98aa36d5f4c869947024803
results/seed2025_shard0/20260807T062654+0000_formal_seed2025/mainconf_r1_depth_kmode_edge_none_seed2025_20260807T062654+0000/wandb/run-20260807_222611-cdf392580575/files/wandb-summary.json,2670,4b7b01c63beadee1ba9c7a205237625a5b36d8372e37a4d21ae1b96ad9fb5400
results/seed2025_shard0/20260807T062654+0000_formal_seed2025/mainconf_r1_depth_kmode_edge_none_seed2025_20260807T062654+0000/wandb/run-20260807_222611-cdf392580575/logs/debug-core.log,6653,b9f1a18c512ec445854e257e32f294d774d3b28c267201e7a53a04b466ed9493
results/seed2025_shard0/20260807T062654+0000_formal_seed2025/mainconf_r1_depth_kmode_edge_none_seed2025_20260807T062654+0000/wandb/run-20260807_222611-cdf392580575/logs/debug-internal.log,2180,90fbfd2dddaa8e026a67e8e95c2f794fc30d769fb4f75f11a00c834156998f31
results/seed2025_shard0/20260807T062654+0000_formal_seed2025/mainconf_r1_depth_kmode_edge_none_seed2025_20260807T062654+0000/wandb/run-20260807_222611-cdf392580575/logs/debug.log,4789,5f539c428c2a98b59cf9392f8d343fdc25539c4b13bb239dd89070d481e2de97
results/seed2025_shard0/20260807T062654+0000_formal_seed2025/mainconf_r1_depth_kmode_edge_none_seed2025_20260807T062654+0000/wandb/run-20260807_222611-cdf392580575/run-cdf392580575.wandb,175074,d8f7f1e29a65e1b3b27736e5dcf5e8fde863732388ce33cb71de383ecc85f782
results/seed2025_shard0/20260807T062654+0000_formal_seed2025/mainconf_r1_depth_kmode_edge_none_seed2025_20260807T062654+0000PRIVATE_PATH_REDACTED,500832,2c2acb5d81f5228995c7b91c35050ccc7c244baa211ea66370e558a49327b912
results/seed2025_shard0/20260807T062654+0000_formal_seed2025/mainconf_r1_depth_kmode_edge_none_seed2025_20260807T062654+0000PRIVATE_PATH_REDACTED,43503,1bfa2ebda0724eb8adc470c421e9aee7ffda4a304746a9ab6150ab9ab733a10b
results/seed2025_shard0/20260807T062654+0000_formal_seed2025/mainconf_r1_depth_kmode_edge_none_seed2025_20260807T062654+0000PRIVATE_PATH_REDACTED,18770,b51ac50c699b05306619d92cb9ec6edadd266d8118c53f5b9726db76480ea16d
results/seed2025_shard0/20260807T062654+0000_formal_seed2025/mainconf_r1_depth_kmode_late_diag_seed2025_20260807T062654+0000/official_to_r1.patch,19276,52c9ea921347d1c3babbe4cd80156a3b4f9d59d9f434795f7e3add9807cc07dd
results/seed2025_shard0/20260807T062654+0000_formal_seed2025/mainconf_r1_depth_kmode_late_diag_seed2025_20260807T062654+0000/r1_metrics.csv,592601,a43897613f21a3cae78a3cd5acf6e18686bb143c98e61883f5bb3fdeb077d8aa
results/seed2025_shard0/20260807T062654+0000_formal_seed2025/mainconf_r1_depth_kmode_late_diag_seed2025_20260807T062654+0000/r1_summary.json,3984,543c92fa7f2b926e84bdab4449268edc76ee5b9603fae39a4f71c2fb4eee3aa6
results/seed2025_shard0/20260807T062654+0000_formal_seed2025/mainconf_r1_depth_kmode_late_diag_seed2025_20260807T062654+0000/run_manifest.json,8380,4a9fea99a59e5e702adb280f5f4fe19bc6ad670bf5bf7ed9f265c0f642a5b66f
results/seed2025_shard0/20260807T062654+0000_formal_seed2025/mainconf_r1_depth_kmode_late_diag_seed2025_20260807T062654+0000/source_manifest.json,3043,025128a0ca06e5fc5c28fa30d54ab0e836659919f96398d4b25241a85d2c6329
results/seed2025_shard0/20260807T062654+0000_formal_seed2025/mainconf_r1_depth_kmode_late_diag_seed2025_20260807T062654+0000/training_log_with_source.txt,500833,4b759eb6309d9da512d5b70089ad3a4a3bad14d50fac3dcaabee33c75db3bf29
results/seed2025_shard0/20260807T062654+0000_formal_seed2025/mainconf_r1_depth_kmode_late_diag_seed2025_20260807T062654+0000/training_stdout.log,455519,81686db77598375af2eeabf93eb6d56d1bd90c8c5aea3928e5ee9080da0c9f01
results/seed2025_shard0/20260807T062654+0000_formal_seed2025/mainconf_r1_depth_kmode_late_diag_seed2025_20260807T062654+0000/wandb/debug-internal.log,1947,ae8a56711c2c8c8066cac6eb3f922867d3782596208abab18c51e822ac614aa1
results/seed2025_shard0/20260807T062654+0000_formal_seed2025/mainconf_r1_depth_kmode_late_diag_seed2025_20260807T062654+0000/wandb/debug.log,4789,eef76bb9eb2e8ab746baa8e28f7df475873101a29b6c559ebdb967bdd6132cc6
results/seed2025_shard0/20260807T062654+0000_formal_seed2025/mainconf_r1_depth_kmode_late_diag_seed2025_20260807T062654+0000/wandb/latest-run/files/config.yaml,5876,2cbeedccd29e7adc0f9fda4c032df7b1193b06cce466ef1aec7ff69c8c2c728d
results/seed2025_shard0/20260807T062654+0000_formal_seed2025/mainconf_r1_depth_kmode_late_diag_seed2025_20260807T062654+0000/wandb/latest-run/files/requirements.txt,1616,c42bd83dae15b8c3a5c6ea9dffff6162a7497b8eac0a637e007ae1321eb2dd95
results/seed2025_shard0/20260807T062654+0000_formal_seed2025/mainconf_r1_depth_kmode_late_diag_seed2025_20260807T062654+0000/wandb/latest-run/files/wandb-metadata.json,2407,fa6f4e37a35918455adfd7c1b97b9cdaaeca1fea8a7b14cb3230094d86e65329
results/seed2025_shard0/20260807T062654+0000_formal_seed2025/mainconf_r1_depth_kmode_late_diag_seed2025_20260807T062654+0000/wandb/latest-run/files/wandb-summary.json,2673,5b4170838e1df380e46b37a87ef9c285c715e1b5f391838db4475a708759c95c
results/seed2025_shard0/20260807T062654+0000_formal_seed2025/mainconf_r1_depth_kmode_late_diag_seed2025_20260807T062654+0000/wandb/latest-run/logs/debug-core.log,6653,b9f1a18c512ec445854e257e32f294d774d3b28c267201e7a53a04b466ed9493
results/seed2025_shard0/20260807T062654+0000_formal_seed2025/mainconf_r1_depth_kmode_late_diag_seed2025_20260807T062654+0000/wandb/latest-run/logs/debug-internal.log,1947,ae8a56711c2c8c8066cac6eb3f922867d3782596208abab18c51e822ac614aa1
results/seed2025_shard0/20260807T062654+0000_formal_seed2025/mainconf_r1_depth_kmode_late_diag_seed2025_20260807T062654+0000/wandb/latest-run/logs/debug.log,4789,eef76bb9eb2e8ab746baa8e28f7df475873101a29b6c559ebdb967bdd6132cc6
results/seed2025_shard0/20260807T062654+0000_formal_seed2025/mainconf_r1_depth_kmode_late_diag_seed2025_20260807T062654+0000/wandb/latest-run/run-f7ea68335d7d.wandb,175238,a7be116fac52ec8e55e0e1366c92d057d46f5bf45f0ffcea142e339dd7d8d4cc
results/seed2025_shard0/20260807T062654+0000_formal_seed2025/mainconf_r1_depth_kmode_late_diag_seed2025_20260807T062654+0000/wandb/run-20260807_191442-f7ea68335d7d/files/config.yaml,5876,2cbeedccd29e7adc0f9fda4c032df7b1193b06cce466ef1aec7ff69c8c2c728d
results/seed2025_shard0/20260807T062654+0000_formal_seed2025/mainconf_r1_depth_kmode_late_diag_seed2025_20260807T062654+0000/wandb/run-20260807_191442-f7ea68335d7d/files/requirements.txt,1616,c42bd83dae15b8c3a5c6ea9dffff6162a7497b8eac0a637e007ae1321eb2dd95
results/seed2025_shard0/20260807T062654+0000_formal_seed2025/mainconf_r1_depth_kmode_late_diag_seed2025_20260807T062654+0000/wandb/run-20260807_191442-f7ea68335d7d/files/wandb-metadata.json,2407,fa6f4e37a35918455adfd7c1b97b9cdaaeca1fea8a7b14cb3230094d86e65329
results/seed2025_shard0/20260807T062654+0000_formal_seed2025/mainconf_r1_depth_kmode_late_diag_seed2025_20260807T062654+0000/wandb/run-20260807_191442-f7ea68335d7d/files/wandb-summary.json,2673,5b4170838e1df380e46b37a87ef9c285c715e1b5f391838db4475a708759c95c
results/seed2025_shard0/20260807T062654+0000_formal_seed2025/mainconf_r1_depth_kmode_late_diag_seed2025_20260807T062654+0000/wandb/run-20260807_191442-f7ea68335d7d/logs/debug-core.log,6653,b9f1a18c512ec445854e257e32f294d774d3b28c267201e7a53a04b466ed9493
results/seed2025_shard0/20260807T062654+0000_formal_seed2025/mainconf_r1_depth_kmode_late_diag_seed2025_20260807T062654+0000/wandb/run-20260807_191442-f7ea68335d7d/logs/debug-internal.log,1947,ae8a56711c2c8c8066cac6eb3f922867d3782596208abab18c51e822ac614aa1
results/seed2025_shard0/20260807T062654+0000_formal_seed2025/mainconf_r1_depth_kmode_late_diag_seed2025_20260807T062654+0000/wandb/run-20260807_191442-f7ea68335d7d/logs/debug.log,4789,eef76bb9eb2e8ab746baa8e28f7df475873101a29b6c559ebdb967bdd6132cc6
results/seed2025_shard0/20260807T062654+0000_formal_seed2025/mainconf_r1_depth_kmode_late_diag_seed2025_20260807T062654+0000/wandb/run-20260807_191442-f7ea68335d7d/run-f7ea68335d7d.wandb,175238,a7be116fac52ec8e55e0e1366c92d057d46f5bf45f0ffcea142e339dd7d8d4cc
results/seed2025_shard0/20260807T062654+0000_formal_seed2025/mainconf_r1_depth_kmode_late_diag_seed2025_20260807T062654+0000PRIVATE_PATH_REDACTED,500833,4b759eb6309d9da512d5b70089ad3a4a3bad14d50fac3dcaabee33c75db3bf29
results/seed2025_shard0/20260807T062654+0000_formal_seed2025/mainconf_r1_depth_kmode_late_diag_seed2025_20260807T062654+0000PRIVATE_PATH_REDACTED,43503,c6c6639cde2be5894ec4cc5b9627ba636fd423ee073d4fdba41d68d0ecaa578d
results/seed2025_shard0/20260807T062654+0000_formal_seed2025/mainconf_r1_depth_kmode_late_diag_seed2025_20260807T062654+0000PRIVATE_PATH_REDACTED,18770,b51ac50c699b05306619d92cb9ec6edadd266d8118c53f5b9726db76480ea16d
results/seed2025_shard0/20260807T062654+0000_formal_seed2025/mainconf_r1_depth_kmode_late_none_seed2025_20260807T062654+0000/official_to_r1.patch,19276,3669112b009b52ce84c5722a49dc508def6a08b9afdbe147a61953f52dd0d7a4
results/seed2025_shard0/20260807T062654+0000_formal_seed2025/mainconf_r1_depth_kmode_late_none_seed2025_20260807T062654+0000/r1_metrics.csv,592608,fa60209aae3d771599b3a1bba1becf0b9a1d421df451e1372d57da3ad7244aae
results/seed2025_shard0/20260807T062654+0000_formal_seed2025/mainconf_r1_depth_kmode_late_none_seed2025_20260807T062654+0000/r1_summary.json,3985,862e222ae209afcab4240d5887ecec73793227ff7e5f70920ae0730164222086
results/seed2025_shard0/20260807T062654+0000_formal_seed2025/mainconf_r1_depth_kmode_late_none_seed2025_20260807T062654+0000/run_manifest.json,8381,c7f364e52e76bf28878dee4585ffc8aa21a29b6fa42d2043370e5fab3a179cfd
results/seed2025_shard0/20260807T062654+0000_formal_seed2025/mainconf_r1_depth_kmode_late_none_seed2025_20260807T062654+0000/source_manifest.json,3043,1703ecc60b7226d16ad22b6bd863c6438b963e6994d11c41b0ad5d5ee2af91c7
results/seed2025_shard0/20260807T062654+0000_formal_seed2025/mainconf_r1_depth_kmode_late_none_seed2025_20260807T062654+0000/training_log_with_source.txt,500832,e5bcd2aa9ae59747f55c875bef1460a5b3f7ae4ba3d91e266a51339402b166d8
results/seed2025_shard0/20260807T062654+0000_formal_seed2025/mainconf_r1_depth_kmode_late_none_seed2025_20260807T062654+0000/training_stdout.log,455518,07cb8020513c75e6039dfd12e1851fdb7ef7cf3c10bd353da428cf6dd6624aa0
results/seed2025_shard0/20260807T062654+0000_formal_seed2025/mainconf_r1_depth_kmode_late_none_seed2025_20260807T062654+0000/wandb/debug-internal.log,2180,3dd6c3a09cca696f8b98efc900f3964d074b9b1303ce328a5915da9717b52830
results/seed2025_shard0/20260807T062654+0000_formal_seed2025/mainconf_r1_depth_kmode_late_none_seed2025_20260807T062654+0000/wandb/debug.log,4789,af961b242c19e58243944a9222fe6e8962f78795a978be2bd9a6b59374a5cd74
results/seed2025_shard0/20260807T062654+0000_formal_seed2025/mainconf_r1_depth_kmode_late_none_seed2025_20260807T062654+0000/wandb/latest-run/files/config.yaml,5876,9316293d141fb31252a2b8dccd2d7fc9a342ccf5e2c1acf91519fe3c643a950b
results/seed2025_shard0/20260807T062654+0000_formal_seed2025/mainconf_r1_depth_kmode_late_none_seed2025_20260807T062654+0000/wandb/latest-run/files/requirements.txt,1616,c42bd83dae15b8c3a5c6ea9dffff6162a7497b8eac0a637e007ae1321eb2dd95
results/seed2025_shard0/20260807T062654+0000_formal_seed2025/mainconf_r1_depth_kmode_late_none_seed2025_20260807T062654+0000/wandb/latest-run/files/wandb-metadata.json,2407,833a461cce79d4cce23cce661c47a0c79b2f8d7545fc9addbe2ab09632c843d3
results/seed2025_shard0/20260807T062654+0000_formal_seed2025/mainconf_r1_depth_kmode_late_none_seed2025_20260807T062654+0000/wandb/latest-run/files/wandb-summary.json,2667,fdfe0a0c79a05d15dd4b264ebce2eac7f9056dc97194b1aa804b40ffec000d3e
results/seed2025_shard0/20260807T062654+0000_formal_seed2025/mainconf_r1_depth_kmode_late_none_seed2025_20260807T062654+0000/wandb/latest-run/logs/debug-core.log,6653,b9f1a18c512ec445854e257e32f294d774d3b28c267201e7a53a04b466ed9493
results/seed2025_shard0/20260807T062654+0000_formal_seed2025/mainconf_r1_depth_kmode_late_none_seed2025_20260807T062654+0000/wandb/latest-run/logs/debug-internal.log,2180,3dd6c3a09cca696f8b98efc900f3964d074b9b1303ce328a5915da9717b52830
results/seed2025_shard0/20260807T062654+0000_formal_seed2025/mainconf_r1_depth_kmode_late_none_seed2025_20260807T062654+0000/wandb/latest-run/logs/debug.log,4789,af961b242c19e58243944a9222fe6e8962f78795a978be2bd9a6b59374a5cd74
results/seed2025_shard0/20260807T062654+0000_formal_seed2025/mainconf_r1_depth_kmode_late_none_seed2025_20260807T062654+0000/wandb/latest-run/run-b27df1a5e7e0.wandb,175147,b8bd5c147dd5886539b40370be08b1f5c33b770fa1cf03b9eb66080dfcc9fcbd
results/seed2025_shard0/20260807T062654+0000_formal_seed2025/mainconf_r1_depth_kmode_late_none_seed2025_20260807T062654+0000/wandb/run-20260807_160241-b27df1a5e7e0/files/config.yaml,5876,9316293d141fb31252a2b8dccd2d7fc9a342ccf5e2c1acf91519fe3c643a950b
results/seed2025_shard0/20260807T062654+0000_formal_seed2025/mainconf_r1_depth_kmode_late_none_seed2025_20260807T062654+0000/wandb/run-20260807_160241-b27df1a5e7e0/files/requirements.txt,1616,c42bd83dae15b8c3a5c6ea9dffff6162a7497b8eac0a637e007ae1321eb2dd95
results/seed2025_shard0/20260807T062654+0000_formal_seed2025/mainconf_r1_depth_kmode_late_none_seed2025_20260807T062654+0000/wandb/run-20260807_160241-b27df1a5e7e0/files/wandb-metadata.json,2407,833a461cce79d4cce23cce661c47a0c79b2f8d7545fc9addbe2ab09632c843d3
results/seed2025_shard0/20260807T062654+0000_formal_seed2025/mainconf_r1_depth_kmode_late_none_seed2025_20260807T062654+0000/wandb/run-20260807_160241-b27df1a5e7e0/files/wandb-summary.json,2667,fdfe0a0c79a05d15dd4b264ebce2eac7f9056dc97194b1aa804b40ffec000d3e
results/seed2025_shard0/20260807T062654+0000_formal_seed2025/mainconf_r1_depth_kmode_late_none_seed2025_20260807T062654+0000/wandb/run-20260807_160241-b27df1a5e7e0/logs/debug-core.log,6653,b9f1a18c512ec445854e257e32f294d774d3b28c267201e7a53a04b466ed9493
results/seed2025_shard0/20260807T062654+0000_formal_seed2025/mainconf_r1_depth_kmode_late_none_seed2025_20260807T062654+0000/wandb/run-20260807_160241-b27df1a5e7e0/logs/debug-internal.log,2180,3dd6c3a09cca696f8b98efc900f3964d074b9b1303ce328a5915da9717b52830
results/seed2025_shard0/20260807T062654+0000_formal_seed2025/mainconf_r1_depth_kmode_late_none_seed2025_20260807T062654+0000/wandb/run-20260807_160241-b27df1a5e7e0/logs/debug.log,4789,af961b242c19e58243944a9222fe6e8962f78795a978be2bd9a6b59374a5cd74
results/seed2025_shard0/20260807T062654+0000_formal_seed2025/mainconf_r1_depth_kmode_late_none_seed2025_20260807T062654+0000/wandb/run-20260807_160241-b27df1a5e7e0/run-b27df1a5e7e0.wandb,175147,b8bd5c147dd5886539b40370be08b1f5c33b770fa1cf03b9eb66080dfcc9fcbd
results/seed2025_shard0/20260807T062654+0000_formal_seed2025/mainconf_r1_depth_kmode_late_none_seed2025_20260807T062654+0000PRIVATE_PATH_REDACTED,500832,e5bcd2aa9ae59747f55c875bef1460a5b3f7ae4ba3d91e266a51339402b166d8
results/seed2025_shard0/20260807T062654+0000_formal_seed2025/mainconf_r1_depth_kmode_late_none_seed2025_20260807T062654+0000PRIVATE_PATH_REDACTED,43503,0ab1cee1103a773d9e97d67d85be27e4118189a82a27829630d70f5fad1b1db6
results/seed2025_shard0/20260807T062654+0000_formal_seed2025/mainconf_r1_depth_kmode_late_none_seed2025_20260807T062654+0000PRIVATE_PATH_REDACTED,18770,b51ac50c699b05306619d92cb9ec6edadd266d8118c53f5b9726db76480ea16d
results/seed2025_shard0/20260807T062654+0000_formal_seed2025/r1_common_target_comparison.csv,405,bff590a0eb866d6ce800c97d5bd7ccd041245f40bd9a66d71ca139e3465eb848
results/seed2025_shard0/20260807T062654+0000_formal_seed2025/r1_manifest.json,28320,8f0f5ee69c2b941e126c9f2db39bdd2169cd1987d83bec43aa53a307a591ea98
results/seed2025_shard0/20260807T062654+0000_formal_seed2025/r1_plan.json,11438,e408cdcd192cb20e8b2c9951767c635730fa544cdf38e77f14a93f441c5c8ab8
results/seed2025_shard0/20260807T062654+0000_formal_seed2025/r1_summary.csv,7620,223a6f07d08714042ab33bb08ecb3934bc987b8cd8e3e0d7e0a3fe8daae3db44
results/seed2025_shard1/20260807T060833+0000_smoke_seed2025/mainconf_r1_depth_kmode_all_diag_exact_shape_smoke34_20260807T060833+0000/official_to_r1.patch,19295,2ea6ba5a6e254095cca940f9375bcd0821dc1cace39643c9037a407368d3d548
results/seed2025_shard1/20260807T060833+0000_smoke_seed2025/mainconf_r1_depth_kmode_all_diag_exact_shape_smoke34_20260807T060833+0000/r1_metrics.csv,2606,d567096937c18909ec3dad8b63f2bd6ab73e933479ad60639a4e20da69b4d5b2
results/seed2025_shard1/20260807T060833+0000_smoke_seed2025/mainconf_r1_depth_kmode_all_diag_exact_shape_smoke34_20260807T060833+0000/r1_summary.json,3828,c85abfb0e0d701c1d6cc0b045ebc947c2e5c5a67765bad9e4ed2a2e8ec573a2e
results/seed2025_shard1/20260807T060833+0000_smoke_seed2025/mainconf_r1_depth_kmode_all_diag_exact_shape_smoke34_20260807T060833+0000/run_manifest.json,8040,1536c7d8a3658a84b13d383667df3834e681ce3830b7b84ccec3ee11a460d7a7
results/seed2025_shard1/20260807T060833+0000_smoke_seed2025/mainconf_r1_depth_kmode_all_diag_exact_shape_smoke34_20260807T060833+0000/source_manifest.json,3097,0f798809fb59b4a1e9ecf02956ddbf29c1ea8729d097e28f540ba95b15e701ef
results/seed2025_shard1/20260807T060833+0000_smoke_seed2025/mainconf_r1_depth_kmode_all_diag_exact_shape_smoke34_20260807T060833+0000/training_log_with_source.txt,48202,ac33026c9eeb3f6133e8003e22b34e27658eb442db74a6e17206f60462ac7c7e
results/seed2025_shard1/20260807T060833+0000_smoke_seed2025/mainconf_r1_depth_kmode_all_diag_exact_shape_smoke34_20260807T060833+0000/training_stdout.log,2963,66a6230644bba729bddf8b97cb8e5a4ee37f559895cf86831c69cd4530a92f41
results/seed2025_shard1/20260807T060833+0000_smoke_seed2025/mainconf_r1_depth_kmode_all_diag_exact_shape_smoke34_20260807T060833+0000PRIVATE_PATH_REDACTED,48202,ac33026c9eeb3f6133e8003e22b34e27658eb442db74a6e17206f60462ac7c7e
results/seed2025_shard1/20260807T060833+0000_smoke_seed2025/mainconf_r1_depth_kmode_all_diag_exact_shape_smoke34_20260807T060833+0000PRIVATE_PATH_REDACTED,43523,99f649d7e859362cde29a7ea73b15b77550ebf17fe7a14ae1ae4c6397e11df67
results/seed2025_shard1/20260807T060833+0000_smoke_seed2025/mainconf_r1_depth_kmode_all_diag_exact_shape_smoke34_20260807T060833+0000PRIVATE_PATH_REDACTED,18770,b51ac50c699b05306619d92cb9ec6edadd266d8118c53f5b9726db76480ea16d
results/seed2025_shard1/20260807T060833+0000_smoke_seed2025/mainconf_r1_depth_kmode_all_none_exact_shape_smoke34_20260807T060833+0000/official_to_r1.patch,19295,10e32559b456c5a09d4e73a54d5c19915c6384e66f6132a87d9759a59f24ba0a
results/seed2025_shard1/20260807T060833+0000_smoke_seed2025/mainconf_r1_depth_kmode_all_none_exact_shape_smoke34_20260807T060833+0000/r1_metrics.csv,2608,ff40e39d9a72433408a4042add7fa9405651b7bf2091ad7f302dd23e54f932de
results/seed2025_shard1/20260807T060833+0000_smoke_seed2025/mainconf_r1_depth_kmode_all_none_exact_shape_smoke34_20260807T060833+0000/r1_summary.json,3827,ddd840f3166d40c2c037fbb5b5877d5b3644c944d429f44232322b240965d1de
results/seed2025_shard1/20260807T060833+0000_smoke_seed2025/mainconf_r1_depth_kmode_all_none_exact_shape_smoke34_20260807T060833+0000/run_manifest.json,8039,5b4ae06667c646aa9acb8438e5e3ee969dadd67c0a6c9c01b700d8470f8771b2
results/seed2025_shard1/20260807T060833+0000_smoke_seed2025/mainconf_r1_depth_kmode_all_none_exact_shape_smoke34_20260807T060833+0000/source_manifest.json,3097,2cd9b9c3077c1d1400385ee1d16b0c9910c3fb045375acca9075da2df76c8af8
results/seed2025_shard1/20260807T060833+0000_smoke_seed2025/mainconf_r1_depth_kmode_all_none_exact_shape_smoke34_20260807T060833+0000/training_log_with_source.txt,48202,c3b89514794ed2d7cdf8f492aad55af027c297bff5630612694b1ef8b225682f
results/seed2025_shard1/20260807T060833+0000_smoke_seed2025/mainconf_r1_depth_kmode_all_none_exact_shape_smoke34_20260807T060833+0000/training_stdout.log,2963,09f5c4662a0de04a778a7865af9c4ed85b6fb4bb1c9b4b5fab7bac124673ce16
results/seed2025_shard1/20260807T060833+0000_smoke_seed2025/mainconf_r1_depth_kmode_all_none_exact_shape_smoke34_20260807T060833+0000PRIVATE_PATH_REDACTED,48202,c3b89514794ed2d7cdf8f492aad55af027c297bff5630612694b1ef8b225682f
results/seed2025_shard1/20260807T060833+0000_smoke_seed2025/mainconf_r1_depth_kmode_all_none_exact_shape_smoke34_20260807T060833+0000PRIVATE_PATH_REDACTED,43523,ed6a89f2b7dda8727a4105d3bd3c58ff219787c94f0463fd8e1eb79dda3f7375
results/seed2025_shard1/20260807T060833+0000_smoke_seed2025/mainconf_r1_depth_kmode_all_none_exact_shape_smoke34_20260807T060833+0000PRIVATE_PATH_REDACTED,18770,b51ac50c699b05306619d92cb9ec6edadd266d8118c53f5b9726db76480ea16d
results/seed2025_shard1/20260807T060833+0000_smoke_seed2025/mainconf_r1_depth_kmode_block4_exact_shape_smoke34_20260807T060833+0000/official_to_r1.patch,16152,8504b54b28c8787f7c7c06faec131aa4bad4a306910336f775f0f9b1162437e7
results/seed2025_shard1/20260807T060833+0000_smoke_seed2025/mainconf_r1_depth_kmode_block4_exact_shape_smoke34_20260807T060833+0000/r1_metrics.csv,2611,76408ab0e4cd162b5ab6a1165af31883304aa7729a281198df734e5053a059a9
results/seed2025_shard1/20260807T060833+0000_smoke_seed2025/mainconf_r1_depth_kmode_block4_exact_shape_smoke34_20260807T060833+0000/r1_summary.json,3549,df327687da1c8d58542f4658a3dcce007811646bcf9b4bed67d5903feb404eb0
results/seed2025_shard1/20260807T060833+0000_smoke_seed2025/mainconf_r1_depth_kmode_block4_exact_shape_smoke34_20260807T060833+0000/run_manifest.json,7678,1a9ef9e708be0f22513e7f643a7ea5d1afec9e7029abbf40a87c6696548d499f
results/seed2025_shard1/20260807T060833+0000_smoke_seed2025/mainconf_r1_depth_kmode_block4_exact_shape_smoke34_20260807T060833+0000/source_manifest.json,2809,8cdd9e6aecdcd03310c1e60a619f90168b8de2e2f075e9d94f7eb57c00650a41
results/seed2025_shard1/20260807T060833+0000_smoke_seed2025/mainconf_r1_depth_kmode_block4_exact_shape_smoke34_20260807T060833+0000/training_log_with_source.txt,46235,ff02cb3ec0fe58b5b70d2349906141ba349df1df9e72dab23bc04edce739c14c
results/seed2025_shard1/20260807T060833+0000_smoke_seed2025/mainconf_r1_depth_kmode_block4_exact_shape_smoke34_20260807T060833+0000/training_stdout.log,2849,bc3796fc6ecaad641ef822d46765c40153e483b7fce296b144a4c02df4e23281
results/seed2025_shard1/20260807T060833+0000_smoke_seed2025/mainconf_r1_depth_kmode_block4_exact_shape_smoke34_20260807T060833+0000PRIVATE_PATH_REDACTED,46235,ff02cb3ec0fe58b5b70d2349906141ba349df1df9e72dab23bc04edce739c14c
results/seed2025_shard1/20260807T060833+0000_smoke_seed2025/mainconf_r1_depth_kmode_block4_exact_shape_smoke34_20260807T060833+0000PRIVATE_PATH_REDACTED,41556,d4368715bb64d6ad89509876c4d7f28773fa4dd567accca09405ff34e74220f5
results/seed2025_shard1/20260807T060833+0000_smoke_seed2025/mainconf_r1_depth_kmode_block4_exact_shape_smoke34_20260807T060833+0000PRIVATE_PATH_REDACTED,18770,b51ac50c699b05306619d92cb9ec6edadd266d8118c53f5b9726db76480ea16d
results/seed2025_shard1/20260807T060833+0000_smoke_seed2025/mainconf_r1_depth_kmode_center_diag_exact_shape_smoke34_20260807T060833+0000/official_to_r1.patch,19282,e054f88c171c3f8ea45a7bf4deb9fc7958784494fe60f0ca495291a83a9779fb
results/seed2025_shard1/20260807T060833+0000_smoke_seed2025/mainconf_r1_depth_kmode_center_diag_exact_shape_smoke34_20260807T060833+0000/r1_metrics.csv,2717,e036988935910fc497c71359919148e8435e918940c2334752cb0b936a168e05
results/seed2025_shard1/20260807T060833+0000_smoke_seed2025/mainconf_r1_depth_kmode_center_diag_exact_shape_smoke34_20260807T060833+0000/r1_summary.json,3809,d53ce9713d3823624a218dfd3082b5796bf0e4f4046e37b52a4a43b9d4ae5430
results/seed2025_shard1/20260807T060833+0000_smoke_seed2025/mainconf_r1_depth_kmode_center_diag_exact_shape_smoke34_20260807T060833+0000/run_manifest.json,8044,a2000566fd7738098ea9678be714543c7c361904ec8142a10fb614ece9c38d0f
results/seed2025_shard1/20260807T060833+0000_smoke_seed2025/mainconf_r1_depth_kmode_center_diag_exact_shape_smoke34_20260807T060833+0000/source_manifest.json,3072,d3b3cb4eecebcd7f500164722d71fdd21370fc07089223f8c982ffe966d6df49
results/seed2025_shard1/20260807T060833+0000_smoke_seed2025/mainconf_r1_depth_kmode_center_diag_exact_shape_smoke34_20260807T060833+0000/training_log_with_source.txt,48186,8ad8b87511cfc526a2540c36c5c7aaee5a1053e2d3b5987b502d324e0339592e
results/seed2025_shard1/20260807T060833+0000_smoke_seed2025/mainconf_r1_depth_kmode_center_diag_exact_shape_smoke34_20260807T060833+0000/training_stdout.log,2962,ebc198fc7290dc10e19cd287c2fd80fe2768eee62858c0059ce2f46a8783986f
results/seed2025_shard1/20260807T060833+0000_smoke_seed2025/mainconf_r1_depth_kmode_center_diag_exact_shape_smoke34_20260807T060833+0000PRIVATE_PATH_REDACTED,48186,8ad8b87511cfc526a2540c36c5c7aaee5a1053e2d3b5987b502d324e0339592e
results/seed2025_shard1/20260807T060833+0000_smoke_seed2025/mainconf_r1_depth_kmode_center_diag_exact_shape_smoke34_20260807T060833+0000PRIVATE_PATH_REDACTED,43507,00fcabeda94e1ba8aa9b4be765786f5f9f4a340ad588c95184efbf4fbb5129c1
results/seed2025_shard1/20260807T060833+0000_smoke_seed2025/mainconf_r1_depth_kmode_center_diag_exact_shape_smoke34_20260807T060833+0000PRIVATE_PATH_REDACTED,18770,b51ac50c699b05306619d92cb9ec6edadd266d8118c53f5b9726db76480ea16d
results/seed2025_shard1/20260807T060833+0000_smoke_seed2025/mainconf_r1_depth_kmode_center_none_exact_shape_smoke34_20260807T060833+0000/official_to_r1.patch,19282,deaa210a6912c3e304c921f3fc09becd57765d644f65453db6bcbb49b0b0d49c
results/seed2025_shard1/20260807T060833+0000_smoke_seed2025/mainconf_r1_depth_kmode_center_none_exact_shape_smoke34_20260807T060833+0000/r1_metrics.csv,2710,b1692450b730c1167c6e43aece17c36205cff3fcc759c05d80bc0722b48045f7
results/seed2025_shard1/20260807T060833+0000_smoke_seed2025/mainconf_r1_depth_kmode_center_none_exact_shape_smoke34_20260807T060833+0000/r1_summary.json,3808,76daf78ae318182d182d364aa711c82252bcec723832237981cbd0a14083cabf
results/seed2025_shard1/20260807T060833+0000_smoke_seed2025/mainconf_r1_depth_kmode_center_none_exact_shape_smoke34_20260807T060833+0000/run_manifest.json,8043,1033c8936c4980996208e2ed331ae9e583ff4fa81ffef39497fc06db1775a55b
results/seed2025_shard1/20260807T060833+0000_smoke_seed2025/mainconf_r1_depth_kmode_center_none_exact_shape_smoke34_20260807T060833+0000/source_manifest.json,3072,0bf7e5a15dae2d41fc44956eb2495c5b972868e16f55c8d9493b6fdcbe799cc2
results/seed2025_shard1/20260807T060833+0000_smoke_seed2025/mainconf_r1_depth_kmode_center_none_exact_shape_smoke34_20260807T060833+0000/training_log_with_source.txt,48186,23394fa71c0a5fb413937b6086adbed10d790dfa47ed9c4b0d2e1bc8d247d5cb
results/seed2025_shard1/20260807T060833+0000_smoke_seed2025/mainconf_r1_depth_kmode_center_none_exact_shape_smoke34_20260807T060833+0000/training_stdout.log,2962,cca839d4ac27149b574e195f8c477ede8797b1c16f7d6f94f373f9d07bdf6e69
results/seed2025_shard1/20260807T060833+0000_smoke_seed2025/mainconf_r1_depth_kmode_center_none_exact_shape_smoke34_20260807T060833+0000PRIVATE_PATH_REDACTED,48186,23394fa71c0a5fb413937b6086adbed10d790dfa47ed9c4b0d2e1bc8d247d5cb
results/seed2025_shard1/20260807T060833+0000_smoke_seed2025/mainconf_r1_depth_kmode_center_none_exact_shape_smoke34_20260807T060833+0000PRIVATE_PATH_REDACTED,43507,4fc159909505de20aebe3bc3bd45e50b96156a23dcdebd7451d7a5d25f4139db
results/seed2025_shard1/20260807T060833+0000_smoke_seed2025/mainconf_r1_depth_kmode_center_none_exact_shape_smoke34_20260807T060833+0000PRIVATE_PATH_REDACTED,18770,b51ac50c699b05306619d92cb9ec6edadd266d8118c53f5b9726db76480ea16d
results/seed2025_shard1/20260807T060833+0000_smoke_seed2025/mainconf_r1_depth_kmode_muon_exact_shape_smoke34_20260807T060833+0000/official_to_r1.patch,5710,d2365875f747992a33be06c593d7ed80aa22fa20e52d7125d4710112a840ae41
results/seed2025_shard1/20260807T060833+0000_smoke_seed2025/mainconf_r1_depth_kmode_muon_exact_shape_smoke34_20260807T060833+0000/r1_metrics.csv,2533,3452a2cf59daa11d53db163c9e3719599670933f1d7cc32414e9b64b44ab69b2
results/seed2025_shard1/20260807T060833+0000_smoke_seed2025/mainconf_r1_depth_kmode_muon_exact_shape_smoke34_20260807T060833+0000/r1_summary.json,3488,aaf702758c8ece8dc360836c95c98422a08bf667382e66916f86304ace04bee0
results/seed2025_shard1/20260807T060833+0000_smoke_seed2025/mainconf_r1_depth_kmode_muon_exact_shape_smoke34_20260807T060833+0000/run_manifest.json,7585,bebb8f6b7f3feb7c229c53d12dc3db72e9fba3d04edbe5df09dd31da2538de2d
results/seed2025_shard1/20260807T060833+0000_smoke_seed2025/mainconf_r1_depth_kmode_muon_exact_shape_smoke34_20260807T060833+0000/source_manifest.json,2794,427fb0b6a900c771927c02d61d28ca9e4f03d8c778973f0fcb3ec5344e98cbc3
results/seed2025_shard1/20260807T060833+0000_smoke_seed2025/mainconf_r1_depth_kmode_muon_exact_shape_smoke34_20260807T060833+0000/training_log_with_source.txt,31216,5cf32dcf2321ea20e49fe6608e323b1aa28b9b3d0424f83db9b13cf17a414b65
results/seed2025_shard1/20260807T060833+0000_smoke_seed2025/mainconf_r1_depth_kmode_muon_exact_shape_smoke34_20260807T060833+0000/training_stdout.log,2794,1c5023a34611ade283e184c8c8eb93ebd3da4b4161e5b42308c15853f20d689e
results/seed2025_shard1/20260807T060833+0000_smoke_seed2025/mainconf_r1_depth_kmode_muon_exact_shape_smoke34_20260807T060833+0000PRIVATE_PATH_REDACTED,31216,5cf32dcf2321ea20e49fe6608e323b1aa28b9b3d0424f83db9b13cf17a414b65
results/seed2025_shard1/20260807T060833+0000_smoke_seed2025/mainconf_r1_depth_kmode_muon_exact_shape_smoke34_20260807T060833+0000PRIVATE_PATH_REDACTED,26537,4ceb0c921e9ed1bfd992aa141f7c7b1c447fde753c7f00e8a3ebe3a1165788ea
results/seed2025_shard1/20260807T060833+0000_smoke_seed2025/mainconf_r1_depth_kmode_muon_exact_shape_smoke34_20260807T060833+0000PRIVATE_PATH_REDACTED,18770,b51ac50c699b05306619d92cb9ec6edadd266d8118c53f5b9726db76480ea16d
results/seed2025_shard1/20260807T060833+0000_smoke_seed2025/r1_common_target_comparison.csv,354,08d1b35019cb4fa8d8529fd2566750091955bdc0c0e99f5dee6912016daef966
results/seed2025_shard1/20260807T060833+0000_smoke_seed2025/r1_manifest.json,26389,34e4165e403a63a6e2db345b3fdb2b6040eb96b5dc1ea3ff63883b2a2e7c5dbc
results/seed2025_shard1/20260807T060833+0000_smoke_seed2025/r1_plan.json,10766,19f29e66b3f1ae869380fc3851f19158da7e8334d63661dbbe71bbb20d7c0ecb
results/seed2025_shard1/20260807T060833+0000_smoke_seed2025/r1_summary.csv,6859,9b58ce58d01388e9c3158abcfca3dbd61ed2c0a9e75cd59abb2aaa6a5fd2e452
results/seed2025_shard1/20260807T062642+0000_formal_seed2025/mainconf_r1_depth_kmode_all_diag_seed2025_20260807T062642+0000/official_to_r1.patch,19295,2ea6ba5a6e254095cca940f9375bcd0821dc1cace39643c9037a407368d3d548
results/seed2025_shard1/20260807T062642+0000_formal_seed2025/mainconf_r1_depth_kmode_all_diag_seed2025_20260807T062642+0000/r1_metrics.csv,586359,5f5bd6bf153221044a4fc732a1c0d065d1624e38a40edfe6bbf1caac7780b54c
results/seed2025_shard1/20260807T062642+0000_formal_seed2025/mainconf_r1_depth_kmode_all_diag_seed2025_20260807T062642+0000/r1_summary.json,4006,6b1f191535103a81009ffb33c5ce63e112cc49898cf91e97381981f0fb13b562
results/seed2025_shard1/20260807T062642+0000_formal_seed2025/mainconf_r1_depth_kmode_all_diag_seed2025_20260807T062642+0000/run_manifest.json,8398,3eed10429f33fd49451290a74b6d640362fa5f8d9546e359cab983fd8523ee4b
results/seed2025_shard1/20260807T062642+0000_formal_seed2025/mainconf_r1_depth_kmode_all_diag_seed2025_20260807T062642+0000/source_manifest.json,3074,65dfb09906f772047f516962f13a87d6643cfec1ab0e6b71cfcc6d07e5135000
results/seed2025_shard1/20260807T062642+0000_formal_seed2025/mainconf_r1_depth_kmode_all_diag_seed2025_20260807T062642+0000/training_log_with_source.txt,500856,26fcdf52baf7c6f6b209cf52e925d60229fdb6e181d549e2dbdd8af9d05d9a26
results/seed2025_shard1/20260807T062642+0000_formal_seed2025/mainconf_r1_depth_kmode_all_diag_seed2025_20260807T062642+0000/training_stdout.log,455525,eab743a54919be2503c513a7d7bad3a40e2332d134335f5741bc59af3b0dc67c
results/seed2025_shard1/20260807T062642+0000_formal_seed2025/mainconf_r1_depth_kmode_all_diag_seed2025_20260807T062642+0000/wandb/debug-internal.log,1712,d978eb2dc00f1c65f26470867952b055806acc3f4afead78b054cb3497b9084a
results/seed2025_shard1/20260807T062642+0000_formal_seed2025/mainconf_r1_depth_kmode_all_diag_seed2025_20260807T062642+0000/wandb/debug.log,4800,0249a1df3c8cdefbfb13d3cdbef1d3d9fdb6728d289017a8792754b6db2bdcb4
results/seed2025_shard1/20260807T062642+0000_formal_seed2025/mainconf_r1_depth_kmode_all_diag_seed2025_20260807T062642+0000/wandb/latest-run/files/config.yaml,5859,8f958ea6b42cd9d33d1494a7bd0235d78d0a5a80f4c14419f032bc9de8187327
results/seed2025_shard1/20260807T062642+0000_formal_seed2025/mainconf_r1_depth_kmode_all_diag_seed2025_20260807T062642+0000/wandb/latest-run/files/requirements.txt,1616,c42bd83dae15b8c3a5c6ea9dffff6162a7497b8eac0a637e007ae1321eb2dd95
results/seed2025_shard1/20260807T062642+0000_formal_seed2025/mainconf_r1_depth_kmode_all_diag_seed2025_20260807T062642+0000/wandb/latest-run/files/wandb-metadata.json,2398,f374e320c72bea90a6aecb52333e367260f63a9df706c7fde8dc3a1cc5454f22
results/seed2025_shard1/20260807T062642+0000_formal_seed2025/mainconf_r1_depth_kmode_all_diag_seed2025_20260807T062642+0000/wandb/latest-run/files/wandb-summary.json,2666,19cdccbe9696d550c579db972d0d6f6f6e3e0af6785237665e2652d7fda21af6
results/seed2025_shard1/20260807T062642+0000_formal_seed2025/mainconf_r1_depth_kmode_all_diag_seed2025_20260807T062642+0000/wandb/latest-run/logs/debug-core.log,6649,589c00b88f6f3312e311ee212dd2a940741a979cd135fcdea5ead6446e51780d
results/seed2025_shard1/20260807T062642+0000_formal_seed2025/mainconf_r1_depth_kmode_all_diag_seed2025_20260807T062642+0000/wandb/latest-run/logs/debug-internal.log,1712,d978eb2dc00f1c65f26470867952b055806acc3f4afead78b054cb3497b9084a
results/seed2025_shard1/20260807T062642+0000_formal_seed2025/mainconf_r1_depth_kmode_all_diag_seed2025_20260807T062642+0000/wandb/latest-run/logs/debug.log,4800,0249a1df3c8cdefbfb13d3cdbef1d3d9fdb6728d289017a8792754b6db2bdcb4
results/seed2025_shard1/20260807T062642+0000_formal_seed2025/mainconf_r1_depth_kmode_all_diag_seed2025_20260807T062642+0000/wandb/latest-run/run-ed21d7d0978d.wandb,175103,d5f057f1e1d6df6ca0bb39065cc701cddc603c87228f2c490aeadabcd4ba055b
results/seed2025_shard1/20260807T062642+0000_formal_seed2025/mainconf_r1_depth_kmode_all_diag_seed2025_20260807T062642+0000/wandb/run-20260807_191235-ed21d7d0978d/files/config.yaml,5859,8f958ea6b42cd9d33d1494a7bd0235d78d0a5a80f4c14419f032bc9de8187327
results/seed2025_shard1/20260807T062642+0000_formal_seed2025/mainconf_r1_depth_kmode_all_diag_seed2025_20260807T062642+0000/wandb/run-20260807_191235-ed21d7d0978d/files/requirements.txt,1616,c42bd83dae15b8c3a5c6ea9dffff6162a7497b8eac0a637e007ae1321eb2dd95
results/seed2025_shard1/20260807T062642+0000_formal_seed2025/mainconf_r1_depth_kmode_all_diag_seed2025_20260807T062642+0000/wandb/run-20260807_191235-ed21d7d0978d/files/wandb-metadata.json,2398,f374e320c72bea90a6aecb52333e367260f63a9df706c7fde8dc3a1cc5454f22
results/seed2025_shard1/20260807T062642+0000_formal_seed2025/mainconf_r1_depth_kmode_all_diag_seed2025_20260807T062642+0000/wandb/run-20260807_191235-ed21d7d0978d/files/wandb-summary.json,2666,19cdccbe9696d550c579db972d0d6f6f6e3e0af6785237665e2652d7fda21af6
results/seed2025_shard1/20260807T062642+0000_formal_seed2025/mainconf_r1_depth_kmode_all_diag_seed2025_20260807T062642+0000/wandb/run-20260807_191235-ed21d7d0978d/logs/debug-core.log,6649,589c00b88f6f3312e311ee212dd2a940741a979cd135fcdea5ead6446e51780d
results/seed2025_shard1/20260807T062642+0000_formal_seed2025/mainconf_r1_depth_kmode_all_diag_seed2025_20260807T062642+0000/wandb/run-20260807_191235-ed21d7d0978d/logs/debug-internal.log,1712,d978eb2dc00f1c65f26470867952b055806acc3f4afead78b054cb3497b9084a
results/seed2025_shard1/20260807T062642+0000_formal_seed2025/mainconf_r1_depth_kmode_all_diag_seed2025_20260807T062642+0000/wandb/run-20260807_191235-ed21d7d0978d/logs/debug.log,4800,0249a1df3c8cdefbfb13d3cdbef1d3d9fdb6728d289017a8792754b6db2bdcb4
results/seed2025_shard1/20260807T062642+0000_formal_seed2025/mainconf_r1_depth_kmode_all_diag_seed2025_20260807T062642+0000/wandb/run-20260807_191235-ed21d7d0978d/run-ed21d7d0978d.wandb,175103,d5f057f1e1d6df6ca0bb39065cc701cddc603c87228f2c490aeadabcd4ba055b
results/seed2025_shard1/20260807T062642+0000_formal_seed2025/mainconf_r1_depth_kmode_all_diag_seed2025_20260807T062642+0000PRIVATE_PATH_REDACTED,500856,26fcdf52baf7c6f6b209cf52e925d60229fdb6e181d549e2dbdd8af9d05d9a26
results/seed2025_shard1/20260807T062642+0000_formal_seed2025/mainconf_r1_depth_kmode_all_diag_seed2025_20260807T062642+0000PRIVATE_PATH_REDACTED,43523,99f649d7e859362cde29a7ea73b15b77550ebf17fe7a14ae1ae4c6397e11df67
results/seed2025_shard1/20260807T062642+0000_formal_seed2025/mainconf_r1_depth_kmode_all_diag_seed2025_20260807T062642+0000PRIVATE_PATH_REDACTED,18770,b51ac50c699b05306619d92cb9ec6edadd266d8118c53f5b9726db76480ea16d
results/seed2025_shard1/20260807T062642+0000_formal_seed2025/mainconf_r1_depth_kmode_all_none_seed2025_20260807T062642+0000/official_to_r1.patch,19295,10e32559b456c5a09d4e73a54d5c19915c6384e66f6132a87d9759a59f24ba0a
results/seed2025_shard1/20260807T062642+0000_formal_seed2025/mainconf_r1_depth_kmode_all_none_seed2025_20260807T062642+0000/r1_metrics.csv,586283,2ad520248d3d6a5ea84be2784474022c39dc2245b911e1cc6de28681d412a37f
results/seed2025_shard1/20260807T062642+0000_formal_seed2025/mainconf_r1_depth_kmode_all_none_seed2025_20260807T062642+0000/r1_summary.json,4012,ad3283269604bc190e2611a9de2c0ed47f481302827e78af52c5ed842fec1253
results/seed2025_shard1/20260807T062642+0000_formal_seed2025/mainconf_r1_depth_kmode_all_none_seed2025_20260807T062642+0000/run_manifest.json,8404,9700a6eb53bc90021ae6074d55136499366418c21b5fe25f5529c99d757d64ad
results/seed2025_shard1/20260807T062642+0000_formal_seed2025/mainconf_r1_depth_kmode_all_none_seed2025_20260807T062642+0000/source_manifest.json,3074,82966ab6214c0d9ec2cdb80272754041beec783111a623f7f297f7e29f1e8393
results/seed2025_shard1/20260807T062642+0000_formal_seed2025/mainconf_r1_depth_kmode_all_none_seed2025_20260807T062642+0000/training_log_with_source.txt,500848,874527264372d2c4519e600aa1fd395fa14b9b03ba8e0e615cc3528f6f5596e0
results/seed2025_shard1/20260807T062642+0000_formal_seed2025/mainconf_r1_depth_kmode_all_none_seed2025_20260807T062642+0000/training_stdout.log,455517,009270e436d8c6a13021c12ebb91e34e5643fd5668ffbbd3d0bbd77c23dc3f55
results/seed2025_shard1/20260807T062642+0000_formal_seed2025/mainconf_r1_depth_kmode_all_none_seed2025_20260807T062642+0000/wandb/debug-internal.log,1712,57d03fdcffbd1278e7b3efb51db4bd658574abffe22077581c238ba5058b4cae
results/seed2025_shard1/20260807T062642+0000_formal_seed2025/mainconf_r1_depth_kmode_all_none_seed2025_20260807T062642+0000/wandb/debug.log,4800,660126461dd4ba62c4afbae7344d8310a63f2d97e20928be4b9e4fdeef727aa2
results/seed2025_shard1/20260807T062642+0000_formal_seed2025/mainconf_r1_depth_kmode_all_none_seed2025_20260807T062642+0000/wandb/latest-run/files/config.yaml,4952,e69da2dc0ba3ff261858034f8bd5aefea2e011ca5d2fa855e657964ac368556d
results/seed2025_shard1/20260807T062642+0000_formal_seed2025/mainconf_r1_depth_kmode_all_none_seed2025_20260807T062642+0000/wandb/latest-run/files/requirements.txt,1616,c42bd83dae15b8c3a5c6ea9dffff6162a7497b8eac0a637e007ae1321eb2dd95
results/seed2025_shard1/20260807T062642+0000_formal_seed2025/mainconf_r1_depth_kmode_all_none_seed2025_20260807T062642+0000/wandb/latest-run/files/wandb-metadata.json,1705,2c959fe4f95278a4af52ec9e94d75d4dcc70c33d840ac09f033aa798ab38d371
results/seed2025_shard1/20260807T062642+0000_formal_seed2025/mainconf_r1_depth_kmode_all_none_seed2025_20260807T062642+0000/wandb/latest-run/files/wandb-summary.json,2669,b3b865bfbf4f42579f59cfdc6bf4739aee4ab4846c036732d4ed0fc838370370
results/seed2025_shard1/20260807T062642+0000_formal_seed2025/mainconf_r1_depth_kmode_all_none_seed2025_20260807T062642+0000/wandb/latest-run/logs/debug-core.log,6649,589c00b88f6f3312e311ee212dd2a940741a979cd135fcdea5ead6446e51780d
results/seed2025_shard1/20260807T062642+0000_formal_seed2025/mainconf_r1_depth_kmode_all_none_seed2025_20260807T062642+0000/wandb/latest-run/logs/debug-internal.log,1712,57d03fdcffbd1278e7b3efb51db4bd658574abffe22077581c238ba5058b4cae
results/seed2025_shard1/20260807T062642+0000_formal_seed2025/mainconf_r1_depth_kmode_all_none_seed2025_20260807T062642+0000/wandb/latest-run/logs/debug.log,4800,660126461dd4ba62c4afbae7344d8310a63f2d97e20928be4b9e4fdeef727aa2
results/seed2025_shard1/20260807T062642+0000_formal_seed2025/mainconf_r1_depth_kmode_all_none_seed2025_20260807T062642+0000/wandb/latest-run/run-7af6e0cd437f.wandb,174895,605baabd740a4974872cef018f084aacddc881410c4bdaf57e1ed4f7a32ad02e
results/seed2025_shard1/20260807T062642+0000_formal_seed2025/mainconf_r1_depth_kmode_all_none_seed2025_20260807T062642+0000/wandb/run-20260807_160010-7af6e0cd437f/files/config.yaml,4952,e69da2dc0ba3ff261858034f8bd5aefea2e011ca5d2fa855e657964ac368556d
results/seed2025_shard1/20260807T062642+0000_formal_seed2025/mainconf_r1_depth_kmode_all_none_seed2025_20260807T062642+0000/wandb/run-20260807_160010-7af6e0cd437f/files/requirements.txt,1616,c42bd83dae15b8c3a5c6ea9dffff6162a7497b8eac0a637e007ae1321eb2dd95
results/seed2025_shard1/20260807T062642+0000_formal_seed2025/mainconf_r1_depth_kmode_all_none_seed2025_20260807T062642+0000/wandb/run-20260807_160010-7af6e0cd437f/files/wandb-metadata.json,1705,2c959fe4f95278a4af52ec9e94d75d4dcc70c33d840ac09f033aa798ab38d371
results/seed2025_shard1/20260807T062642+0000_formal_seed2025/mainconf_r1_depth_kmode_all_none_seed2025_20260807T062642+0000/wandb/run-20260807_160010-7af6e0cd437f/files/wandb-summary.json,2669,b3b865bfbf4f42579f59cfdc6bf4739aee4ab4846c036732d4ed0fc838370370
results/seed2025_shard1/20260807T062642+0000_formal_seed2025/mainconf_r1_depth_kmode_all_none_seed2025_20260807T062642+0000/wandb/run-20260807_160010-7af6e0cd437f/logs/debug-core.log,6649,589c00b88f6f3312e311ee212dd2a940741a979cd135fcdea5ead6446e51780d
results/seed2025_shard1/20260807T062642+0000_formal_seed2025/mainconf_r1_depth_kmode_all_none_seed2025_20260807T062642+0000/wandb/run-20260807_160010-7af6e0cd437f/logs/debug-internal.log,1712,57d03fdcffbd1278e7b3efb51db4bd658574abffe22077581c238ba5058b4cae
results/seed2025_shard1/20260807T062642+0000_formal_seed2025/mainconf_r1_depth_kmode_all_none_seed2025_20260807T062642+0000/wandb/run-20260807_160010-7af6e0cd437f/logs/debug.log,4800,660126461dd4ba62c4afbae7344d8310a63f2d97e20928be4b9e4fdeef727aa2
results/seed2025_shard1/20260807T062642+0000_formal_seed2025/mainconf_r1_depth_kmode_all_none_seed2025_20260807T062642+0000/wandb/run-20260807_160010-7af6e0cd437f/run-7af6e0cd437f.wandb,174895,605baabd740a4974872cef018f084aacddc881410c4bdaf57e1ed4f7a32ad02e
results/seed2025_shard1/20260807T062642+0000_formal_seed2025/mainconf_r1_depth_kmode_all_none_seed2025_20260807T062642+0000PRIVATE_PATH_REDACTED,500848,874527264372d2c4519e600aa1fd395fa14b9b03ba8e0e615cc3528f6f5596e0
results/seed2025_shard1/20260807T062642+0000_formal_seed2025/mainconf_r1_depth_kmode_all_none_seed2025_20260807T062642+0000PRIVATE_PATH_REDACTED,43523,ed6a89f2b7dda8727a4105d3bd3c58ff219787c94f0463fd8e1eb79dda3f7375
results/seed2025_shard1/20260807T062642+0000_formal_seed2025/mainconf_r1_depth_kmode_all_none_seed2025_20260807T062642+0000PRIVATE_PATH_REDACTED,18770,b51ac50c699b05306619d92cb9ec6edadd266d8118c53f5b9726db76480ea16d
results/seed2025_shard1/20260807T062642+0000_formal_seed2025/mainconf_r1_depth_kmode_block4_seed2025_20260807T062642+0000/official_to_r1.patch,16152,8504b54b28c8787f7c7c06faec131aa4bad4a306910336f775f0f9b1162437e7
results/seed2025_shard1/20260807T062642+0000_formal_seed2025/mainconf_r1_depth_kmode_block4_seed2025_20260807T062642+0000/r1_metrics.csv,586308,b10f74361b581c23fd8134a396db85c6275e650495184afe3df060ee6f4fcf78
results/seed2025_shard1/20260807T062642+0000_formal_seed2025/mainconf_r1_depth_kmode_block4_seed2025_20260807T062642+0000/r1_summary.json,3731,53ec28f6b1ed4fb15dd932048b41aba379e1fe1ef3f4510bccb9317c1673a59a
results/seed2025_shard1/20260807T062642+0000_formal_seed2025/mainconf_r1_depth_kmode_block4_seed2025_20260807T062642+0000/run_manifest.json,8036,d81bfb9ab6766a9a39ee06c12429d1912babb3223e802e070f88a68aad427fb0
results/seed2025_shard1/20260807T062642+0000_formal_seed2025/mainconf_r1_depth_kmode_block4_seed2025_20260807T062642+0000/source_manifest.json,2786,e6fe11ec64ac7df239e3df8463285333a542ef74f8abbf799018ebba1fd3098e
results/seed2025_shard1/20260807T062642+0000_formal_seed2025/mainconf_r1_depth_kmode_block4_seed2025_20260807T062642+0000/training_log_with_source.txt,498888,a2f2a5ffee11ad06195e75c3f23675f0743f01097adf5ad99fabd4090a41965e
results/seed2025_shard1/20260807T062642+0000_formal_seed2025/mainconf_r1_depth_kmode_block4_seed2025_20260807T062642+0000/training_stdout.log,455410,bb66e8686ce737208d54be838a204e6cc181f525a947149c34e61329341d97ff
results/seed2025_shard1/20260807T062642+0000_formal_seed2025/mainconf_r1_depth_kmode_block4_seed2025_20260807T062642+0000/wandb/debug-internal.log,1947,eae6ee48efa57ef52e23b23a8cab9348f147cff8612073d7c134f2e78a6dd6a7
results/seed2025_shard1/20260807T062642+0000_formal_seed2025/mainconf_r1_depth_kmode_block4_seed2025_20260807T062642+0000/wandb/debug.log,4660,0c02a6bc835926b8140beaa48dbcd34b35132773205046a93771caa708aee2e7
results/seed2025_shard1/20260807T062642+0000_formal_seed2025/mainconf_r1_depth_kmode_block4_seed2025_20260807T062642+0000/wandb/latest-run/files/config.yaml,5742,cf396ae8e2536b8e5335fe311308e1d26fa47e5fd7b9220e602f565adb62470e
results/seed2025_shard1/20260807T062642+0000_formal_seed2025/mainconf_r1_depth_kmode_block4_seed2025_20260807T062642+0000/wandb/latest-run/files/requirements.txt,1616,c42bd83dae15b8c3a5c6ea9dffff6162a7497b8eac0a637e007ae1321eb2dd95
results/seed2025_shard1/20260807T062642+0000_formal_seed2025/mainconf_r1_depth_kmode_block4_seed2025_20260807T062642+0000/wandb/latest-run/files/wandb-metadata.json,2396,856b982d4844db4f293ce195ed27d62250f7c6f540e3eba101a5c1448fe2e9de
results/seed2025_shard1/20260807T062642+0000_formal_seed2025/mainconf_r1_depth_kmode_block4_seed2025_20260807T062642+0000/wandb/latest-run/files/wandb-summary.json,2604,cf9384c6738fbcff318fd9e62fb576f50f02af9a02a3d848427bfec2b31207e7
results/seed2025_shard1/20260807T062642+0000_formal_seed2025/mainconf_r1_depth_kmode_block4_seed2025_20260807T062642+0000/wandb/latest-run/logs/debug-core.log,6649,589c00b88f6f3312e311ee212dd2a940741a979cd135fcdea5ead6446e51780d
results/seed2025_shard1/20260807T062642+0000_formal_seed2025/mainconf_r1_depth_kmode_block4_seed2025_20260807T062642+0000/wandb/latest-run/logs/debug-internal.log,1947,eae6ee48efa57ef52e23b23a8cab9348f147cff8612073d7c134f2e78a6dd6a7
results/seed2025_shard1/20260807T062642+0000_formal_seed2025/mainconf_r1_depth_kmode_block4_seed2025_20260807T062642+0000/wandb/latest-run/logs/debug.log,4660,0c02a6bc835926b8140beaa48dbcd34b35132773205046a93771caa708aee2e7
results/seed2025_shard1/20260807T062642+0000_formal_seed2025/mainconf_r1_depth_kmode_block4_seed2025_20260807T062642+0000/wandb/latest-run/run-c0ffdbb49e12.wandb,174938,0e4f2f2e243970b3e96da92d4e697b8e5b125a91a020cd03e0eff6d7c6bbaa5e
results/seed2025_shard1/20260807T062642+0000_formal_seed2025/mainconf_r1_depth_kmode_block4_seed2025_20260807T062642+0000/wandb/run-20260807_222511-c0ffdbb49e12/files/config.yaml,5742,cf396ae8e2536b8e5335fe311308e1d26fa47e5fd7b9220e602f565adb62470e
results/seed2025_shard1/20260807T062642+0000_formal_seed2025/mainconf_r1_depth_kmode_block4_seed2025_20260807T062642+0000/wandb/run-20260807_222511-c0ffdbb49e12/files/requirements.txt,1616,c42bd83dae15b8c3a5c6ea9dffff6162a7497b8eac0a637e007ae1321eb2dd95
results/seed2025_shard1/20260807T062642+0000_formal_seed2025/mainconf_r1_depth_kmode_block4_seed2025_20260807T062642+0000/wandb/run-20260807_222511-c0ffdbb49e12/files/wandb-metadata.json,2396,856b982d4844db4f293ce195ed27d62250f7c6f540e3eba101a5c1448fe2e9de
results/seed2025_shard1/20260807T062642+0000_formal_seed2025/mainconf_r1_depth_kmode_block4_seed2025_20260807T062642+0000/wandb/run-20260807_222511-c0ffdbb49e12/files/wandb-summary.json,2604,cf9384c6738fbcff318fd9e62fb576f50f02af9a02a3d848427bfec2b31207e7
results/seed2025_shard1/20260807T062642+0000_formal_seed2025/mainconf_r1_depth_kmode_block4_seed2025_20260807T062642+0000/wandb/run-20260807_222511-c0ffdbb49e12/logs/debug-core.log,6649,589c00b88f6f3312e311ee212dd2a940741a979cd135fcdea5ead6446e51780d
results/seed2025_shard1/20260807T062642+0000_formal_seed2025/mainconf_r1_depth_kmode_block4_seed2025_20260807T062642+0000/wandb/run-20260807_222511-c0ffdbb49e12/logs/debug-internal.log,1947,eae6ee48efa57ef52e23b23a8cab9348f147cff8612073d7c134f2e78a6dd6a7
results/seed2025_shard1/20260807T062642+0000_formal_seed2025/mainconf_r1_depth_kmode_block4_seed2025_20260807T062642+0000/wandb/run-20260807_222511-c0ffdbb49e12/logs/debug.log,4660,0c02a6bc835926b8140beaa48dbcd34b35132773205046a93771caa708aee2e7
results/seed2025_shard1/20260807T062642+0000_formal_seed2025/mainconf_r1_depth_kmode_block4_seed2025_20260807T062642+0000/wandb/run-20260807_222511-c0ffdbb49e12/run-c0ffdbb49e12.wandb,174938,0e4f2f2e243970b3e96da92d4e697b8e5b125a91a020cd03e0eff6d7c6bbaa5e
results/seed2025_shard1/20260807T062642+0000_formal_seed2025/mainconf_r1_depth_kmode_block4_seed2025_20260807T062642+0000PRIVATE_PATH_REDACTED,498888,a2f2a5ffee11ad06195e75c3f23675f0743f01097adf5ad99fabd4090a41965e
results/seed2025_shard1/20260807T062642+0000_formal_seed2025/mainconf_r1_depth_kmode_block4_seed2025_20260807T062642+0000PRIVATE_PATH_REDACTED,41556,d4368715bb64d6ad89509876c4d7f28773fa4dd567accca09405ff34e74220f5
results/seed2025_shard1/20260807T062642+0000_formal_seed2025/mainconf_r1_depth_kmode_block4_seed2025_20260807T062642+0000PRIVATE_PATH_REDACTED,18770,b51ac50c699b05306619d92cb9ec6edadd266d8118c53f5b9726db76480ea16d
results/seed2025_shard1/20260807T062642+0000_formal_seed2025/mainconf_r1_depth_kmode_center_diag_seed2025_20260807T062642+0000/official_to_r1.patch,19282,e054f88c171c3f8ea45a7bf4deb9fc7958784494fe60f0ca495291a83a9779fb
results/seed2025_shard1/20260807T062642+0000_formal_seed2025/mainconf_r1_depth_kmode_center_diag_seed2025_20260807T062642+0000/r1_metrics.csv,605171,21715628e5485ef580794ae076a071c66906591921343d58bcc3d35253d4e06b
results/seed2025_shard1/20260807T062642+0000_formal_seed2025/mainconf_r1_depth_kmode_center_diag_seed2025_20260807T062642+0000/r1_summary.json,3992,3a77df69bf9325284f3b67ce674558f53d384146c7b172a1e3391a0f7724339f
results/seed2025_shard1/20260807T062642+0000_formal_seed2025/mainconf_r1_depth_kmode_center_diag_seed2025_20260807T062642+0000/run_manifest.json,8410,be2558eae8b75ac4142b6fa130f530c2167e1f72254e96595913eb1f05b861bb
results/seed2025_shard1/20260807T062642+0000_formal_seed2025/mainconf_r1_depth_kmode_center_diag_seed2025_20260807T062642+0000/source_manifest.json,3049,ab1013d02ab7fc33cb65875dca059917791592bc8eb6fae6c696c8c2c487aa6a
results/seed2025_shard1/20260807T062642+0000_formal_seed2025/mainconf_r1_depth_kmode_center_diag_seed2025_20260807T062642+0000/training_log_with_source.txt,500836,f3325d23b40786efe1f4240a436ec4452ce2fb8a632754d3a573e64b2ba8dc2b
results/seed2025_shard1/20260807T062642+0000_formal_seed2025/mainconf_r1_depth_kmode_center_diag_seed2025_20260807T062642+0000/training_stdout.log,455520,d45d84ea2f29eb81a2a7ed558a52f2e2ef358a384428f012d5227515f78fd54b
results/seed2025_shard1/20260807T062642+0000_formal_seed2025/mainconf_r1_depth_kmode_center_diag_seed2025_20260807T062642+0000/wandb/debug-internal.log,1714,9a76cd41f46f250fec234367f8c86a83d25d862c5e374a2ba1d0aa11934b0cd0
results/seed2025_shard1/20260807T062642+0000_formal_seed2025/mainconf_r1_depth_kmode_center_diag_seed2025_20260807T062642+0000/wandb/debug.log,4795,a34210c8ef1409e0f6d3461080f4844799c451426a5594eb35d7275fc65569f0
results/seed2025_shard1/20260807T062642+0000_formal_seed2025/mainconf_r1_depth_kmode_center_diag_seed2025_20260807T062642+0000/wandb/latest-run/files/config.yaml,5851,36404c9d3c5fedc1cf3a65b3b286392879d006b5fa89744da5ce2b7a0fe78142
results/seed2025_shard1/20260807T062642+0000_formal_seed2025/mainconf_r1_depth_kmode_center_diag_seed2025_20260807T062642+0000/wandb/latest-run/files/requirements.txt,1616,c42bd83dae15b8c3a5c6ea9dffff6162a7497b8eac0a637e007ae1321eb2dd95
results/seed2025_shard1/20260807T062642+0000_formal_seed2025/mainconf_r1_depth_kmode_center_diag_seed2025_20260807T062642+0000/wandb/latest-run/files/wandb-metadata.json,2401,cb428d795ef30547f1142a3e59fb59088cab03941d95464ee33fc788c5f0e8ec
results/seed2025_shard1/20260807T062642+0000_formal_seed2025/mainconf_r1_depth_kmode_center_diag_seed2025_20260807T062642+0000/wandb/latest-run/files/wandb-summary.json,2680,c01e49ed4308c877c2bdb48af4a64935274736b0bd35d5ade56fc47483b1c0a7
results/seed2025_shard1/20260807T062642+0000_formal_seed2025/mainconf_r1_depth_kmode_center_diag_seed2025_20260807T062642+0000/wandb/latest-run/logs/debug-core.log,6649,589c00b88f6f3312e311ee212dd2a940741a979cd135fcdea5ead6446e51780d
results/seed2025_shard1/20260807T062642+0000_formal_seed2025/mainconf_r1_depth_kmode_center_diag_seed2025_20260807T062642+0000/wandb/latest-run/logs/debug-internal.log,1714,9a76cd41f46f250fec234367f8c86a83d25d862c5e374a2ba1d0aa11934b0cd0
results/seed2025_shard1/20260807T062642+0000_formal_seed2025/mainconf_r1_depth_kmode_center_diag_seed2025_20260807T062642+0000/wandb/latest-run/logs/debug.log,4795,a34210c8ef1409e0f6d3461080f4844799c451426a5594eb35d7275fc65569f0
results/seed2025_shard1/20260807T062642+0000_formal_seed2025/mainconf_r1_depth_kmode_center_diag_seed2025_20260807T062642+0000/wandb/latest-run/run-59e77acd0bff.wandb,175182,73d397de1be19646bd816ad0e2ae011cbde95ead53e4128ef091fd78d6363970
results/seed2025_shard1/20260807T062642+0000_formal_seed2025/mainconf_r1_depth_kmode_center_diag_seed2025_20260807T062642+0000/wandb/run-20260807_124904-59e77acd0bff/files/config.yaml,5851,36404c9d3c5fedc1cf3a65b3b286392879d006b5fa89744da5ce2b7a0fe78142
results/seed2025_shard1/20260807T062642+0000_formal_seed2025/mainconf_r1_depth_kmode_center_diag_seed2025_20260807T062642+0000/wandb/run-20260807_124904-59e77acd0bff/files/requirements.txt,1616,c42bd83dae15b8c3a5c6ea9dffff6162a7497b8eac0a637e007ae1321eb2dd95
results/seed2025_shard1/20260807T062642+0000_formal_seed2025/mainconf_r1_depth_kmode_center_diag_seed2025_20260807T062642+0000/wandb/run-20260807_124904-59e77acd0bff/files/wandb-metadata.json,2401,cb428d795ef30547f1142a3e59fb59088cab03941d95464ee33fc788c5f0e8ec
results/seed2025_shard1/20260807T062642+0000_formal_seed2025/mainconf_r1_depth_kmode_center_diag_seed2025_20260807T062642+0000/wandb/run-20260807_124904-59e77acd0bff/files/wandb-summary.json,2680,c01e49ed4308c877c2bdb48af4a64935274736b0bd35d5ade56fc47483b1c0a7
results/seed2025_shard1/20260807T062642+0000_formal_seed2025/mainconf_r1_depth_kmode_center_diag_seed2025_20260807T062642+0000/wandb/run-20260807_124904-59e77acd0bff/logs/debug-core.log,6649,589c00b88f6f3312e311ee212dd2a940741a979cd135fcdea5ead6446e51780d
results/seed2025_shard1/20260807T062642+0000_formal_seed2025/mainconf_r1_depth_kmode_center_diag_seed2025_20260807T062642+0000/wandb/run-20260807_124904-59e77acd0bff/logs/debug-internal.log,1714,9a76cd41f46f250fec234367f8c86a83d25d862c5e374a2ba1d0aa11934b0cd0
results/seed2025_shard1/20260807T062642+0000_formal_seed2025/mainconf_r1_depth_kmode_center_diag_seed2025_20260807T062642+0000/wandb/run-20260807_124904-59e77acd0bff/logs/debug.log,4795,a34210c8ef1409e0f6d3461080f4844799c451426a5594eb35d7275fc65569f0
results/seed2025_shard1/20260807T062642+0000_formal_seed2025/mainconf_r1_depth_kmode_center_diag_seed2025_20260807T062642+0000/wandb/run-20260807_124904-59e77acd0bff/run-59e77acd0bff.wandb,175182,73d397de1be19646bd816ad0e2ae011cbde95ead53e4128ef091fd78d6363970
results/seed2025_shard1/20260807T062642+0000_formal_seed2025/mainconf_r1_depth_kmode_center_diag_seed2025_20260807T062642+0000PRIVATE_PATH_REDACTED,500836,f3325d23b40786efe1f4240a436ec4452ce2fb8a632754d3a573e64b2ba8dc2b
results/seed2025_shard1/20260807T062642+0000_formal_seed2025/mainconf_r1_depth_kmode_center_diag_seed2025_20260807T062642+0000PRIVATE_PATH_REDACTED,43507,00fcabeda94e1ba8aa9b4be765786f5f9f4a340ad588c95184efbf4fbb5129c1
results/seed2025_shard1/20260807T062642+0000_formal_seed2025/mainconf_r1_depth_kmode_center_diag_seed2025_20260807T062642+0000PRIVATE_PATH_REDACTED,18770,b51ac50c699b05306619d92cb9ec6edadd266d8118c53f5b9726db76480ea16d
results/seed2025_shard1/20260807T062642+0000_formal_seed2025/mainconf_r1_depth_kmode_center_none_seed2025_20260807T062642+0000/official_to_r1.patch,19282,deaa210a6912c3e304c921f3fc09becd57765d644f65453db6bcbb49b0b0d49c
results/seed2025_shard1/20260807T062642+0000_formal_seed2025/mainconf_r1_depth_kmode_center_none_seed2025_20260807T062642+0000/r1_metrics.csv,605152,19bb4f4453952f54848caf23a0a0bbceccc5787ed3e906463a977658d69238f0
results/seed2025_shard1/20260807T062642+0000_formal_seed2025/mainconf_r1_depth_kmode_center_none_seed2025_20260807T062642+0000/r1_summary.json,3991,5e7689c8080d632039751fefceedcbfb33e5f9ccee7da00484ca74006467dafc
results/seed2025_shard1/20260807T062642+0000_formal_seed2025/mainconf_r1_depth_kmode_center_none_seed2025_20260807T062642+0000/run_manifest.json,8409,070e8dcf47d931e191f780e4d95d4e0b7e45aa431d3d8233e8f25b90c8e9e6fb
results/seed2025_shard1/20260807T062642+0000_formal_seed2025/mainconf_r1_depth_kmode_center_none_seed2025_20260807T062642+0000/source_manifest.json,3049,1a044375056ced3f5aa88afc05cabfe93af836fc4999e80c60af3b29f1c5ba96
results/seed2025_shard1/20260807T062642+0000_formal_seed2025/mainconf_r1_depth_kmode_center_none_seed2025_20260807T062642+0000/training_log_with_source.txt,500741,b15370aaaa6744d9502a3646650a507e05887b99364fd36ec97d41f400b52002
results/seed2025_shard1/20260807T062642+0000_formal_seed2025/mainconf_r1_depth_kmode_center_none_seed2025_20260807T062642+0000/training_stdout.log,455517,caabb2c763437811b5414db7425ff7a72d1e76f8fc1d0778e24302803ab03c84
results/seed2025_shard1/20260807T062642+0000_formal_seed2025/mainconf_r1_depth_kmode_center_none_seed2025_20260807T062642+0000/wandb/debug-internal.log,1713,729cfe0415d1d21d1e9dccee24ba87730e61d77e1890fca085651aabbd772f78
results/seed2025_shard1/20260807T062642+0000_formal_seed2025/mainconf_r1_depth_kmode_center_none_seed2025_20260807T062642+0000/wandb/debug.log,5132,0c710afc839d74f0f57ccef837ded8f1ec3df9e86bfc33948ef4bf586baf5aa4
results/seed2025_shard1/20260807T062642+0000_formal_seed2025/mainconf_r1_depth_kmode_center_none_seed2025_20260807T062642+0000/wandb/latest-run/files/config.yaml,5851,c7cabb10bda83eb72210011c411caab3e072e267e5708c33d465e5e8cbb677cd
results/seed2025_shard1/20260807T062642+0000_formal_seed2025/mainconf_r1_depth_kmode_center_none_seed2025_20260807T062642+0000/wandb/latest-run/files/requirements.txt,1616,c42bd83dae15b8c3a5c6ea9dffff6162a7497b8eac0a637e007ae1321eb2dd95
results/seed2025_shard1/20260807T062642+0000_formal_seed2025/mainconf_r1_depth_kmode_center_none_seed2025_20260807T062642+0000/wandb/latest-run/files/wandb-metadata.json,2401,53d5991f3745ba34cc53ff8d4457bf140019ff4fab2c7033246993d0169b0194
results/seed2025_shard1/20260807T062642+0000_formal_seed2025/mainconf_r1_depth_kmode_center_none_seed2025_20260807T062642+0000/wandb/latest-run/files/wandb-summary.json,2675,b907ee8e18373a366479047232116d7c1b92c15da424cf5e9059548546133e08
results/seed2025_shard1/20260807T062642+0000_formal_seed2025/mainconf_r1_depth_kmode_center_none_seed2025_20260807T062642+0000/wandb/latest-run/logs/debug-core.log,6649,589c00b88f6f3312e311ee212dd2a940741a979cd135fcdea5ead6446e51780d
results/seed2025_shard1/20260807T062642+0000_formal_seed2025/mainconf_r1_depth_kmode_center_none_seed2025_20260807T062642+0000/wandb/latest-run/logs/debug-internal.log,1713,729cfe0415d1d21d1e9dccee24ba87730e61d77e1890fca085651aabbd772f78
results/seed2025_shard1/20260807T062642+0000_formal_seed2025/mainconf_r1_depth_kmode_center_none_seed2025_20260807T062642+0000/wandb/latest-run/logs/debug.log,5132,0c710afc839d74f0f57ccef837ded8f1ec3df9e86bfc33948ef4bf586baf5aa4
results/seed2025_shard1/20260807T062642+0000_formal_seed2025/mainconf_r1_depth_kmode_center_none_seed2025_20260807T062642+0000/wandb/latest-run/run-7222b537e09c.wandb,175171,24bef8f2f96c26a24ea93344b7cf2f50f910c823b019b385fe66eba1d1903d94
results/seed2025_shard1/20260807T062642+0000_formal_seed2025/mainconf_r1_depth_kmode_center_none_seed2025_20260807T062642+0000/wandb/run-20260807_093746-7222b537e09c/files/config.yaml,5851,c7cabb10bda83eb72210011c411caab3e072e267e5708c33d465e5e8cbb677cd
results/seed2025_shard1/20260807T062642+0000_formal_seed2025/mainconf_r1_depth_kmode_center_none_seed2025_20260807T062642+0000/wandb/run-20260807_093746-7222b537e09c/files/requirements.txt,1616,c42bd83dae15b8c3a5c6ea9dffff6162a7497b8eac0a637e007ae1321eb2dd95
results/seed2025_shard1/20260807T062642+0000_formal_seed2025/mainconf_r1_depth_kmode_center_none_seed2025_20260807T062642+0000/wandb/run-20260807_093746-7222b537e09c/files/wandb-metadata.json,2401,53d5991f3745ba34cc53ff8d4457bf140019ff4fab2c7033246993d0169b0194
results/seed2025_shard1/20260807T062642+0000_formal_seed2025/mainconf_r1_depth_kmode_center_none_seed2025_20260807T062642+0000/wandb/run-20260807_093746-7222b537e09c/files/wandb-summary.json,2675,b907ee8e18373a366479047232116d7c1b92c15da424cf5e9059548546133e08
results/seed2025_shard1/20260807T062642+0000_formal_seed2025/mainconf_r1_depth_kmode_center_none_seed2025_20260807T062642+0000/wandb/run-20260807_093746-7222b537e09c/logs/debug-core.log,6649,589c00b88f6f3312e311ee212dd2a940741a979cd135fcdea5ead6446e51780d
results/seed2025_shard1/20260807T062642+0000_formal_seed2025/mainconf_r1_depth_kmode_center_none_seed2025_20260807T062642+0000/wandb/run-20260807_093746-7222b537e09c/logs/debug-internal.log,1713,729cfe0415d1d21d1e9dccee24ba87730e61d77e1890fca085651aabbd772f78
results/seed2025_shard1/20260807T062642+0000_formal_seed2025/mainconf_r1_depth_kmode_center_none_seed2025_20260807T062642+0000/wandb/run-20260807_093746-7222b537e09c/logs/debug.log,5132,0c710afc839d74f0f57ccef837ded8f1ec3df9e86bfc33948ef4bf586baf5aa4
results/seed2025_shard1/20260807T062642+0000_formal_seed2025/mainconf_r1_depth_kmode_center_none_seed2025_20260807T062642+0000/wandb/run-20260807_093746-7222b537e09c/run-7222b537e09c.wandb,175171,24bef8f2f96c26a24ea93344b7cf2f50f910c823b019b385fe66eba1d1903d94
results/seed2025_shard1/20260807T062642+0000_formal_seed2025/mainconf_r1_depth_kmode_center_none_seed2025_20260807T062642+0000PRIVATE_PATH_REDACTED,500741,b15370aaaa6744d9502a3646650a507e05887b99364fd36ec97d41f400b52002
results/seed2025_shard1/20260807T062642+0000_formal_seed2025/mainconf_r1_depth_kmode_center_none_seed2025_20260807T062642+0000PRIVATE_PATH_REDACTED,43507,4fc159909505de20aebe3bc3bd45e50b96156a23dcdebd7451d7a5d25f4139db
results/seed2025_shard1/20260807T062642+0000_formal_seed2025/mainconf_r1_depth_kmode_center_none_seed2025_20260807T062642+0000PRIVATE_PATH_REDACTED,18770,b51ac50c699b05306619d92cb9ec6edadd266d8118c53f5b9726db76480ea16d
results/seed2025_shard1/20260807T062642+0000_formal_seed2025/mainconf_r1_depth_kmode_muon_seed2025_20260807T062642+0000/official_to_r1.patch,5710,d2365875f747992a33be06c593d7ed80aa22fa20e52d7125d4710112a840ae41
results/seed2025_shard1/20260807T062642+0000_formal_seed2025/mainconf_r1_depth_kmode_muon_seed2025_20260807T062642+0000/r1_metrics.csv,543936,468993857c44848c09382375991705c36cc595b2b86daf62a99aaed7dd4daef6
results/seed2025_shard1/20260807T062642+0000_formal_seed2025/mainconf_r1_depth_kmode_muon_seed2025_20260807T062642+0000/r1_summary.json,3668,9110a8337894fdca181fd4027136ecd7923e5da60266debdb44a0a7201cfea51
results/seed2025_shard1/20260807T062642+0000_formal_seed2025/mainconf_r1_depth_kmode_muon_seed2025_20260807T062642+0000/run_manifest.json,7941,4b565dff20bda19edb3923eceeac3602c128f8e8ff782aa5ab939521becc56c8
results/seed2025_shard1/20260807T062642+0000_formal_seed2025/mainconf_r1_depth_kmode_muon_seed2025_20260807T062642+0000/source_manifest.json,2771,6ec24f87d8cacea1b0bd076b407e64bc036122db52c8fdb038b8054b7876357f
results/seed2025_shard1/20260807T062642+0000_formal_seed2025/mainconf_r1_depth_kmode_muon_seed2025_20260807T062642+0000/training_log_with_source.txt,483851,e6668b7c10fb4b65d0ae33b281da6c8b444b4b5bb6ed2ce8ee75ecb22b760ba6
results/seed2025_shard1/20260807T062642+0000_formal_seed2025/mainconf_r1_depth_kmode_muon_seed2025_20260807T062642+0000/training_stdout.log,455337,a623cc4c8c5b4c56d1daebaee9b8bea81a29424b0ea4325f2d008eb252304f8d
results/seed2025_shard1/20260807T062642+0000_formal_seed2025/mainconf_r1_depth_kmode_muon_seed2025_20260807T062642+0000/wandb/debug-internal.log,1715,ac27a9026ac7cc60917feb1a489430b2130d5227d3191226a7e1384ec1e129ba
results/seed2025_shard1/20260807T062642+0000_formal_seed2025/mainconf_r1_depth_kmode_muon_seed2025_20260807T062642+0000/wandb/debug.log,4643,a964ef9e2b05fea5aa0b653a1d5baece3551945a9ff221c68786a6426745dbd9
results/seed2025_shard1/20260807T062642+0000_formal_seed2025/mainconf_r1_depth_kmode_muon_seed2025_20260807T062642+0000/wandb/latest-run/files/config.yaml,5706,3a5ec022a41142a42ecd630d49f351ac13578e892c2490686ee25466c9980126
results/seed2025_shard1/20260807T062642+0000_formal_seed2025/mainconf_r1_depth_kmode_muon_seed2025_20260807T062642+0000/wandb/latest-run/files/requirements.txt,1616,c42bd83dae15b8c3a5c6ea9dffff6162a7497b8eac0a637e007ae1321eb2dd95
results/seed2025_shard1/20260807T062642+0000_formal_seed2025/mainconf_r1_depth_kmode_muon_seed2025_20260807T062642+0000/wandb/latest-run/files/wandb-metadata.json,2394,5920ac19427cee2409bae93bc1fd165711d665a1f9322bbe95cced79a78ab70d
results/seed2025_shard1/20260807T062642+0000_formal_seed2025/mainconf_r1_depth_kmode_muon_seed2025_20260807T062642+0000/wandb/latest-run/files/wandb-summary.json,2539,39320719fa3ff230e08b9183483a2e80b6eb64b36a0856b185e7168b18654be6
results/seed2025_shard1/20260807T062642+0000_formal_seed2025/mainconf_r1_depth_kmode_muon_seed2025_20260807T062642+0000/wandb/latest-run/logs/debug-core.log,6649,589c00b88f6f3312e311ee212dd2a940741a979cd135fcdea5ead6446e51780d
results/seed2025_shard1/20260807T062642+0000_formal_seed2025/mainconf_r1_depth_kmode_muon_seed2025_20260807T062642+0000/wandb/latest-run/logs/debug-internal.log,1715,ac27a9026ac7cc60917feb1a489430b2130d5227d3191226a7e1384ec1e129ba
results/seed2025_shard1/20260807T062642+0000_formal_seed2025/mainconf_r1_depth_kmode_muon_seed2025_20260807T062642+0000/wandb/latest-run/logs/debug.log,4643,a964ef9e2b05fea5aa0b653a1d5baece3551945a9ff221c68786a6426745dbd9
results/seed2025_shard1/20260807T062642+0000_formal_seed2025/mainconf_r1_depth_kmode_muon_seed2025_20260807T062642+0000/wandb/latest-run/run-82400fa7dff9.wandb,173093,e70f5703f1338529b4663a3bc6ef870b760d3fd52fed4c574a0db26d7fdd44d9
results/seed2025_shard1/20260807T062642+0000_formal_seed2025/mainconf_r1_depth_kmode_muon_seed2025_20260807T062642+0000/wandb/run-20260808_013446-82400fa7dff9/files/config.yaml,5706,3a5ec022a41142a42ecd630d49f351ac13578e892c2490686ee25466c9980126
results/seed2025_shard1/20260807T062642+0000_formal_seed2025/mainconf_r1_depth_kmode_muon_seed2025_20260807T062642+0000/wandb/run-20260808_013446-82400fa7dff9/files/requirements.txt,1616,c42bd83dae15b8c3a5c6ea9dffff6162a7497b8eac0a637e007ae1321eb2dd95
results/seed2025_shard1/20260807T062642+0000_formal_seed2025/mainconf_r1_depth_kmode_muon_seed2025_20260807T062642+0000/wandb/run-20260808_013446-82400fa7dff9/files/wandb-metadata.json,2394,5920ac19427cee2409bae93bc1fd165711d665a1f9322bbe95cced79a78ab70d
results/seed2025_shard1/20260807T062642+0000_formal_seed2025/mainconf_r1_depth_kmode_muon_seed2025_20260807T062642+0000/wandb/run-20260808_013446-82400fa7dff9/files/wandb-summary.json,2539,39320719fa3ff230e08b9183483a2e80b6eb64b36a0856b185e7168b18654be6
results/seed2025_shard1/20260807T062642+0000_formal_seed2025/mainconf_r1_depth_kmode_muon_seed2025_20260807T062642+0000/wandb/run-20260808_013446-82400fa7dff9/logs/debug-core.log,6649,589c00b88f6f3312e311ee212dd2a940741a979cd135fcdea5ead6446e51780d
results/seed2025_shard1/20260807T062642+0000_formal_seed2025/mainconf_r1_depth_kmode_muon_seed2025_20260807T062642+0000/wandb/run-20260808_013446-82400fa7dff9/logs/debug-internal.log,1715,ac27a9026ac7cc60917feb1a489430b2130d5227d3191226a7e1384ec1e129ba
results/seed2025_shard1/20260807T062642+0000_formal_seed2025/mainconf_r1_depth_kmode_muon_seed2025_20260807T062642+0000/wandb/run-20260808_013446-82400fa7dff9/logs/debug.log,4643,a964ef9e2b05fea5aa0b653a1d5baece3551945a9ff221c68786a6426745dbd9
results/seed2025_shard1/20260807T062642+0000_formal_seed2025/mainconf_r1_depth_kmode_muon_seed2025_20260807T062642+0000/wandb/run-20260808_013446-82400fa7dff9/run-82400fa7dff9.wandb,173093,e70f5703f1338529b4663a3bc6ef870b760d3fd52fed4c574a0db26d7fdd44d9
results/seed2025_shard1/20260807T062642+0000_formal_seed2025/mainconf_r1_depth_kmode_muon_seed2025_20260807T062642+0000PRIVATE_PATH_REDACTED,483851,e6668b7c10fb4b65d0ae33b281da6c8b444b4b5bb6ed2ce8ee75ecb22b760ba6
results/seed2025_shard1/20260807T062642+0000_formal_seed2025/mainconf_r1_depth_kmode_muon_seed2025_20260807T062642+0000PRIVATE_PATH_REDACTED,26537,4ceb0c921e9ed1bfd992aa141f7c7b1c447fde753c7f00e8a3ebe3a1165788ea
results/seed2025_shard1/20260807T062642+0000_formal_seed2025/mainconf_r1_depth_kmode_muon_seed2025_20260807T062642+0000PRIVATE_PATH_REDACTED,18770,b51ac50c699b05306619d92cb9ec6edadd266d8118c53f5b9726db76480ea16d
results/seed2025_shard1/20260807T062642+0000_formal_seed2025/r1_common_target_comparison.csv,396,f6525fdfbbe7a3b5cb768ca421599485c9cae7d3d84bbf2870aba199d2bfcbe7
results/seed2025_shard1/20260807T062642+0000_formal_seed2025/r1_manifest.json,27979,795f683b305a3ba7fb406a2f60622d83f6e89ac3a4efd9d11cfa251f786ce02c
results/seed2025_shard1/20260807T062642+0000_formal_seed2025/r1_plan.json,11295,861d38b0b6b82a91f0c563b47f68320768765c8ec4b7ac7191994f0106193241
results/seed2025_shard1/20260807T062642+0000_formal_seed2025/r1_summary.csv,7426,f8f924f67ab652b0a9c764b556764569ec37852a895729fa7a6c2e1055ab5665
results/seed2026_shard0/20260808T014128+0000_smoke_seed2026/mainconf_r1_depth_kmode_early_diag_exact_shape_smoke34_20260808T014128+0000/official_to_r1.patch,19277,38098c2a56f16f3a3781b60fdf5135e21461188f41352951f90c1c206e726116
results/seed2026_shard0/20260808T014128+0000_smoke_seed2026/mainconf_r1_depth_kmode_early_diag_exact_shape_smoke34_20260808T014128+0000/r1_metrics.csv,2682,2d73d308b051edcf390311a49b4c0571ffc546ceac5d46eb0e41947135ded9e4
results/seed2026_shard0/20260808T014128+0000_smoke_seed2026/mainconf_r1_depth_kmode_early_diag_exact_shape_smoke34_20260808T014128+0000/r1_summary.json,3801,6cfe0d814b1a51605e0836962f4c86713545b68192167bd8166443cc03b6ba90
results/seed2026_shard0/20260808T014128+0000_smoke_seed2026/mainconf_r1_depth_kmode_early_diag_exact_shape_smoke34_20260808T014128+0000/run_manifest.json,8024,72d6e29447f75de767f7575df44676c3c22a8e1b017ebcf75009613f9b99e6f0
results/seed2026_shard0/20260808T014128+0000_smoke_seed2026/mainconf_r1_depth_kmode_early_diag_exact_shape_smoke34_20260808T014128+0000/source_manifest.json,3067,5ff271c30e46ff42d91b8d4ba6ee87b725a70d12eb7e3d5103a0c1a4ee51df09
results/seed2026_shard0/20260808T014128+0000_smoke_seed2026/mainconf_r1_depth_kmode_early_diag_exact_shape_smoke34_20260808T014128+0000/training_log_with_source.txt,48182,f1030971dea8ea48c7d74c52ef7d56e69f1bc2885bde59554bf8a22a2156f6d8
results/seed2026_shard0/20260808T014128+0000_smoke_seed2026/mainconf_r1_depth_kmode_early_diag_exact_shape_smoke34_20260808T014128+0000/training_stdout.log,2960,974b405d60d3461c1b3acd6bf6e2f87639245c058e9aa72ac24347d93839f8d2
results/seed2026_shard0/20260808T014128+0000_smoke_seed2026/mainconf_r1_depth_kmode_early_diag_exact_shape_smoke34_20260808T014128+0000PRIVATE_PATH_REDACTED,48182,f1030971dea8ea48c7d74c52ef7d56e69f1bc2885bde59554bf8a22a2156f6d8
results/seed2026_shard0/20260808T014128+0000_smoke_seed2026/mainconf_r1_depth_kmode_early_diag_exact_shape_smoke34_20260808T014128+0000PRIVATE_PATH_REDACTED,43503,3f7f27a18cd858cb3e3fc570bcb24120d8a1cbdd33e82d234c20655ae007c20e
results/seed2026_shard0/20260808T014128+0000_smoke_seed2026/mainconf_r1_depth_kmode_early_diag_exact_shape_smoke34_20260808T014128+0000PRIVATE_PATH_REDACTED,18770,b51ac50c699b05306619d92cb9ec6edadd266d8118c53f5b9726db76480ea16d
results/seed2026_shard0/20260808T014128+0000_smoke_seed2026/mainconf_r1_depth_kmode_early_none_exact_shape_smoke34_20260808T014128+0000/official_to_r1.patch,19277,f7108ecd8aba74f81954410515fc7430766d17e447ef175f779f60ddba66bce9
results/seed2026_shard0/20260808T014128+0000_smoke_seed2026/mainconf_r1_depth_kmode_early_none_exact_shape_smoke34_20260808T014128+0000/r1_metrics.csv,2684,2b0a9e3c373aab327e71a57fc78576f18d1d4cf3619a1912c3bb061f26f2c797
results/seed2026_shard0/20260808T014128+0000_smoke_seed2026/mainconf_r1_depth_kmode_early_none_exact_shape_smoke34_20260808T014128+0000/r1_summary.json,3801,d6f482397b8bd96927db81fcc2a46c8725b801420ef36fbea927ce3d2c3ae35d
results/seed2026_shard0/20260808T014128+0000_smoke_seed2026/mainconf_r1_depth_kmode_early_none_exact_shape_smoke34_20260808T014128+0000/run_manifest.json,8024,e5d8839b705d720456f8a75b76a384c8e406fafd973b2c12e86271df948f136c
results/seed2026_shard0/20260808T014128+0000_smoke_seed2026/mainconf_r1_depth_kmode_early_none_exact_shape_smoke34_20260808T014128+0000/source_manifest.json,3067,f9c64cfc2990d324bb2a000035853cca60b6feeee0d3bf1f7db8d60c6e89d384
results/seed2026_shard0/20260808T014128+0000_smoke_seed2026/mainconf_r1_depth_kmode_early_none_exact_shape_smoke34_20260808T014128+0000/training_log_with_source.txt,48274,056265b8ebbe6aee0822f7a09bbe981b64b550df87cc83e36ccdf1454d1012f6
results/seed2026_shard0/20260808T014128+0000_smoke_seed2026/mainconf_r1_depth_kmode_early_none_exact_shape_smoke34_20260808T014128+0000/training_stdout.log,2960,0923c180e382225531277631bbea1f72288507809ec7f330109153358f460585
results/seed2026_shard0/20260808T014128+0000_smoke_seed2026/mainconf_r1_depth_kmode_early_none_exact_shape_smoke34_20260808T014128+0000PRIVATE_PATH_REDACTED,48274,056265b8ebbe6aee0822f7a09bbe981b64b550df87cc83e36ccdf1454d1012f6
results/seed2026_shard0/20260808T014128+0000_smoke_seed2026/mainconf_r1_depth_kmode_early_none_exact_shape_smoke34_20260808T014128+0000PRIVATE_PATH_REDACTED,43503,a2042f3eaf5d06d7ea10a10c27923adf0762c61fc6cffb2d9cda94a184eb8e37
results/seed2026_shard0/20260808T014128+0000_smoke_seed2026/mainconf_r1_depth_kmode_early_none_exact_shape_smoke34_20260808T014128+0000PRIVATE_PATH_REDACTED,18770,b51ac50c699b05306619d92cb9ec6edadd266d8118c53f5b9726db76480ea16d
results/seed2026_shard0/20260808T014128+0000_smoke_seed2026/mainconf_r1_depth_kmode_edge_diag_exact_shape_smoke34_20260808T014128+0000/official_to_r1.patch,19276,7090f6b951fa13824e95eccf56ad337b0ba0817a16f6c15fbbe6ca0454b6ef4d
results/seed2026_shard0/20260808T014128+0000_smoke_seed2026/mainconf_r1_depth_kmode_edge_diag_exact_shape_smoke34_20260808T014128+0000/r1_metrics.csv,2646,65098321cb7436ab23266105b9ca4737a2ddca7dcc93b38a9c4ba35f45c112f2
results/seed2026_shard0/20260808T014128+0000_smoke_seed2026/mainconf_r1_depth_kmode_edge_diag_exact_shape_smoke34_20260808T014128+0000/r1_summary.json,3803,9d51b913158c7bdbb62a164fc3c63f1e483c25f959b07944e7b54c0c8d2b2419
results/seed2026_shard0/20260808T014128+0000_smoke_seed2026/mainconf_r1_depth_kmode_edge_diag_exact_shape_smoke34_20260808T014128+0000/run_manifest.json,8018,aea95c52de573ef416bd95dfe850cf01567cd97b71756930594031dec34a7935
results/seed2026_shard0/20260808T014128+0000_smoke_seed2026/mainconf_r1_depth_kmode_edge_diag_exact_shape_smoke34_20260808T014128+0000/source_manifest.json,3066,16e717fb2d46cbb916c083f3877f185afd3cd5f8d7f06cd97c09ecdf4314fca0
results/seed2026_shard0/20260808T014128+0000_smoke_seed2026/mainconf_r1_depth_kmode_edge_diag_exact_shape_smoke34_20260808T014128+0000/training_log_with_source.txt,48182,cf466e7133977d05971d16cba202a51bb231d996931a39702417b04cd936ba4f
results/seed2026_shard0/20260808T014128+0000_smoke_seed2026/mainconf_r1_depth_kmode_edge_diag_exact_shape_smoke34_20260808T014128+0000/training_stdout.log,2960,18d0d0207298e081edb29a937f9ce2a9a0e5dd71911db20cb2ceb852c89f7fc6
results/seed2026_shard0/20260808T014128+0000_smoke_seed2026/mainconf_r1_depth_kmode_edge_diag_exact_shape_smoke34_20260808T014128+0000PRIVATE_PATH_REDACTED,48182,cf466e7133977d05971d16cba202a51bb231d996931a39702417b04cd936ba4f
results/seed2026_shard0/20260808T014128+0000_smoke_seed2026/mainconf_r1_depth_kmode_edge_diag_exact_shape_smoke34_20260808T014128+0000PRIVATE_PATH_REDACTED,43503,3d44f091f5746b47fc51eb60917e4e5e7c636bc0db65d57cc9d925ada49705ae
results/seed2026_shard0/20260808T014128+0000_smoke_seed2026/mainconf_r1_depth_kmode_edge_diag_exact_shape_smoke34_20260808T014128+0000PRIVATE_PATH_REDACTED,18770,b51ac50c699b05306619d92cb9ec6edadd266d8118c53f5b9726db76480ea16d
results/seed2026_shard0/20260808T014128+0000_smoke_seed2026/mainconf_r1_depth_kmode_edge_none_exact_shape_smoke34_20260808T014128+0000/official_to_r1.patch,19276,5b1b8811b90152fda21597f9a8d7a89d3855fd360664ba69e4e3a7698386581e
results/seed2026_shard0/20260808T014128+0000_smoke_seed2026/mainconf_r1_depth_kmode_edge_none_exact_shape_smoke34_20260808T014128+0000/r1_metrics.csv,2647,4b7923155bda060d87046d078318b2147b2dbf8acfbdd7e034dc6e48a3f47906
results/seed2026_shard0/20260808T014128+0000_smoke_seed2026/mainconf_r1_depth_kmode_edge_none_exact_shape_smoke34_20260808T014128+0000/r1_summary.json,3801,ee18f39599c7d8ba33033ec8afed5a0b7b6effb32fa62b374052c66bd396d03e
results/seed2026_shard0/20260808T014128+0000_smoke_seed2026/mainconf_r1_depth_kmode_edge_none_exact_shape_smoke34_20260808T014128+0000/run_manifest.json,8016,1c94ece5544ce8d5c51233f528c50ab129621a521694c9834b09467b50f91f92
results/seed2026_shard0/20260808T014128+0000_smoke_seed2026/mainconf_r1_depth_kmode_edge_none_exact_shape_smoke34_20260808T014128+0000/source_manifest.json,3066,98b805f1a5f2e2e333c50edf920c2195f2fcf879284bebf4fea596f923e61deb
results/seed2026_shard0/20260808T014128+0000_smoke_seed2026/mainconf_r1_depth_kmode_edge_none_exact_shape_smoke34_20260808T014128+0000/training_log_with_source.txt,48182,9d1225d8762db6bde9cb1998d4c08f53f8d47faa9de0a36392331ea69cdf82bd
results/seed2026_shard0/20260808T014128+0000_smoke_seed2026/mainconf_r1_depth_kmode_edge_none_exact_shape_smoke34_20260808T014128+0000/training_stdout.log,2960,ee53a4a711034e422ffc788821794c477ecd799468512d6f6ef29061fa79278e
results/seed2026_shard0/20260808T014128+0000_smoke_seed2026/mainconf_r1_depth_kmode_edge_none_exact_shape_smoke34_20260808T014128+0000PRIVATE_PATH_REDACTED,48182,9d1225d8762db6bde9cb1998d4c08f53f8d47faa9de0a36392331ea69cdf82bd
results/seed2026_shard0/20260808T014128+0000_smoke_seed2026/mainconf_r1_depth_kmode_edge_none_exact_shape_smoke34_20260808T014128+0000PRIVATE_PATH_REDACTED,43503,1bfa2ebda0724eb8adc470c421e9aee7ffda4a304746a9ab6150ab9ab733a10b
results/seed2026_shard0/20260808T014128+0000_smoke_seed2026/mainconf_r1_depth_kmode_edge_none_exact_shape_smoke34_20260808T014128+0000PRIVATE_PATH_REDACTED,18770,b51ac50c699b05306619d92cb9ec6edadd266d8118c53f5b9726db76480ea16d
results/seed2026_shard0/20260808T014128+0000_smoke_seed2026/mainconf_r1_depth_kmode_late_diag_exact_shape_smoke34_20260808T014128+0000/official_to_r1.patch,19276,52c9ea921347d1c3babbe4cd80156a3b4f9d59d9f434795f7e3add9807cc07dd
results/seed2026_shard0/20260808T014128+0000_smoke_seed2026/mainconf_r1_depth_kmode_late_diag_exact_shape_smoke34_20260808T014128+0000/r1_metrics.csv,2645,c723bd0b902621b17c4a974f3e77616d2222729ff4785284cb8ec43f0652b6e4
results/seed2026_shard0/20260808T014128+0000_smoke_seed2026/mainconf_r1_depth_kmode_late_diag_exact_shape_smoke34_20260808T014128+0000/r1_summary.json,3811,ef9fcf0ebf985f2e06e805e724ac60e9473c48cf68b682d717099f16f2d89c55
results/seed2026_shard0/20260808T014128+0000_smoke_seed2026/mainconf_r1_depth_kmode_late_diag_exact_shape_smoke34_20260808T014128+0000/run_manifest.json,8026,cc13a65fba3cb910bce002d3b5791ffdd126bfe07683558ea454b73209c64002
results/seed2026_shard0/20260808T014128+0000_smoke_seed2026/mainconf_r1_depth_kmode_late_diag_exact_shape_smoke34_20260808T014128+0000/source_manifest.json,3066,7a92d8645a3266898bde94ae150ab237b92ba77386c26cbe73980dc60bccf40e
results/seed2026_shard0/20260808T014128+0000_smoke_seed2026/mainconf_r1_depth_kmode_late_diag_exact_shape_smoke34_20260808T014128+0000/training_log_with_source.txt,48183,5cd25d6ba53e9bf9a2fdbc46c759508f35317490647bbcde186e76f2e19ab379
results/seed2026_shard0/20260808T014128+0000_smoke_seed2026/mainconf_r1_depth_kmode_late_diag_exact_shape_smoke34_20260808T014128+0000/training_stdout.log,2961,5a2a832a169aa4c8f6a9181e5de901ca7947282122c786cfbb8e8a7243c10c2a
results/seed2026_shard0/20260808T014128+0000_smoke_seed2026/mainconf_r1_depth_kmode_late_diag_exact_shape_smoke34_20260808T014128+0000PRIVATE_PATH_REDACTED,48183,5cd25d6ba53e9bf9a2fdbc46c759508f35317490647bbcde186e76f2e19ab379
results/seed2026_shard0/20260808T014128+0000_smoke_seed2026/mainconf_r1_depth_kmode_late_diag_exact_shape_smoke34_20260808T014128+0000PRIVATE_PATH_REDACTED,43503,c6c6639cde2be5894ec4cc5b9627ba636fd423ee073d4fdba41d68d0ecaa578d
results/seed2026_shard0/20260808T014128+0000_smoke_seed2026/mainconf_r1_depth_kmode_late_diag_exact_shape_smoke34_20260808T014128+0000PRIVATE_PATH_REDACTED,18770,b51ac50c699b05306619d92cb9ec6edadd266d8118c53f5b9726db76480ea16d
results/seed2026_shard0/20260808T014128+0000_smoke_seed2026/mainconf_r1_depth_kmode_late_none_exact_shape_smoke34_20260808T014128+0000/official_to_r1.patch,19276,3669112b009b52ce84c5722a49dc508def6a08b9afdbe147a61953f52dd0d7a4
results/seed2026_shard0/20260808T014128+0000_smoke_seed2026/mainconf_r1_depth_kmode_late_none_exact_shape_smoke34_20260808T014128+0000/r1_metrics.csv,2644,a149e095be1ae86e7bab1a04bd4e1fcc1b3ac754cda03fa1990330bb88a17490
results/seed2026_shard0/20260808T014128+0000_smoke_seed2026/mainconf_r1_depth_kmode_late_none_exact_shape_smoke34_20260808T014128+0000/r1_summary.json,3801,4810b30d278d65514aa6a890c8d73514f113df9a5f13936ba3ffe50bbfc277dc
results/seed2026_shard0/20260808T014128+0000_smoke_seed2026/mainconf_r1_depth_kmode_late_none_exact_shape_smoke34_20260808T014128+0000/run_manifest.json,8016,19abf3f3fd441537f4199c209248ea0c533ff5f8a1f48df1bc08a33b77ed1944
results/seed2026_shard0/20260808T014128+0000_smoke_seed2026/mainconf_r1_depth_kmode_late_none_exact_shape_smoke34_20260808T014128+0000/source_manifest.json,3066,75100df6c7ac3c3e8a468569e6219389f1f3deee6c2778108fb1d5c4bde5b555
results/seed2026_shard0/20260808T014128+0000_smoke_seed2026/mainconf_r1_depth_kmode_late_none_exact_shape_smoke34_20260808T014128+0000/training_log_with_source.txt,48182,9e9eeb1d64d508dca4101f3e78d5a06db234db7601ddbeb6113a703493071371
results/seed2026_shard0/20260808T014128+0000_smoke_seed2026/mainconf_r1_depth_kmode_late_none_exact_shape_smoke34_20260808T014128+0000/training_stdout.log,2960,357291a768fd709ffbf99a31a2935e9fc7e4a24935aff9c2db9ab318adb90e73
results/seed2026_shard0/20260808T014128+0000_smoke_seed2026/mainconf_r1_depth_kmode_late_none_exact_shape_smoke34_20260808T014128+0000PRIVATE_PATH_REDACTED,48182,9e9eeb1d64d508dca4101f3e78d5a06db234db7601ddbeb6113a703493071371
results/seed2026_shard0/20260808T014128+0000_smoke_seed2026/mainconf_r1_depth_kmode_late_none_exact_shape_smoke34_20260808T014128+0000PRIVATE_PATH_REDACTED,43503,0ab1cee1103a773d9e97d67d85be27e4118189a82a27829630d70f5fad1b1db6
results/seed2026_shard0/20260808T014128+0000_smoke_seed2026/mainconf_r1_depth_kmode_late_none_exact_shape_smoke34_20260808T014128+0000PRIVATE_PATH_REDACTED,18770,b51ac50c699b05306619d92cb9ec6edadd266d8118c53f5b9726db76480ea16d
results/seed2026_shard0/20260808T014128+0000_smoke_seed2026/r1_common_target_comparison.csv,362,6788a30be8e73eadfe17bd0d2aea2b36a9a3cca2f203bdb984e9831a2c24365f
results/seed2026_shard0/20260808T014128+0000_smoke_seed2026/r1_manifest.json,26719,a6ee786d6f6c27217c6b0e43028644e9520edb29e8093debe0cf383259eb1601
results/seed2026_shard0/20260808T014128+0000_smoke_seed2026/r1_plan.json,10901,74762fefa86008b5faee12c95ccfa9b7365f0e0682f4165a79e9e8f413514442
results/seed2026_shard0/20260808T014128+0000_smoke_seed2026/r1_summary.csv,7050,fe701ed7f4974461fc6128e61f14749d58001ef0c1c9fefc0c489952abaff5de
results/seed2026_shard0/20260808T015558+0000_formal_seed2026/mainconf_r1_depth_kmode_early_diag_seed2026_20260808T015558+0000/official_to_r1.patch,19277,38098c2a56f16f3a3781b60fdf5135e21461188f41352951f90c1c206e726116
results/seed2026_shard0/20260808T015558+0000_formal_seed2026/mainconf_r1_depth_kmode_early_diag_seed2026_20260808T015558+0000/r1_metrics.csv,598833,44a51a8ec66b3df0cc2b562c804310f3180f9ee9247f5a73aba33fd37cd91402
results/seed2026_shard0/20260808T015558+0000_formal_seed2026/mainconf_r1_depth_kmode_early_diag_seed2026_20260808T015558+0000/r1_summary.json,3986,a45d06b45851229442b28a6dbf43e41eb5eaf8798babf49482c7397f82b451e4
results/seed2026_shard0/20260808T015558+0000_formal_seed2026/mainconf_r1_depth_kmode_early_diag_seed2026_20260808T015558+0000/run_manifest.json,8392,855e2cbd917aba225983ccbf28b89ad75a4ec4c5eb66a8c768fa97db814ba7d2
results/seed2026_shard0/20260808T015558+0000_formal_seed2026/mainconf_r1_depth_kmode_early_diag_seed2026_20260808T015558+0000/source_manifest.json,3044,bcaef4042ae6c72ffb551e2e753b3a6bb771b0d697830c8bcc7ffe9535c6a1df
results/seed2026_shard0/20260808T015558+0000_formal_seed2026/mainconf_r1_depth_kmode_early_diag_seed2026_20260808T015558+0000/training_log_with_source.txt,500837,24d6a71f8cef338654e0df0997b83a4cc774ee6994f55caaa5c112c63fed9a6a
results/seed2026_shard0/20260808T015558+0000_formal_seed2026/mainconf_r1_depth_kmode_early_diag_seed2026_20260808T015558+0000/training_stdout.log,455523,7a9ce58821c79f54a69e2958b6b153fe25290eb68eb2bace5c49df544cb4b1b4
results/seed2026_shard0/20260808T015558+0000_formal_seed2026/mainconf_r1_depth_kmode_early_diag_seed2026_20260808T015558+0000/wandb/debug-internal.log,1711,5140450877edd128f6a4deafc7998258ffada5194b4e056bf8d553b22da0042a
results/seed2026_shard0/20260808T015558+0000_formal_seed2026/mainconf_r1_depth_kmode_early_diag_seed2026_20260808T015558+0000/wandb/debug.log,4790,125b39362c7169f1bd386bb1b8a951da36b420625414c7251ede7ce2c8f0972e
results/seed2026_shard0/20260808T015558+0000_formal_seed2026/mainconf_r1_depth_kmode_early_diag_seed2026_20260808T015558+0000/wandb/latest-run/files/config.yaml,5855,a8565bf5ac8186154c522b71d8962ceabdda0783050905bb5fc2558010bb9efd
results/seed2026_shard0/20260808T015558+0000_formal_seed2026/mainconf_r1_depth_kmode_early_diag_seed2026_20260808T015558+0000/wandb/latest-run/files/requirements.txt,1616,c42bd83dae15b8c3a5c6ea9dffff6162a7497b8eac0a637e007ae1321eb2dd95
results/seed2026_shard0/20260808T015558+0000_formal_seed2026/mainconf_r1_depth_kmode_early_diag_seed2026_20260808T015558+0000/wandb/latest-run/files/wandb-metadata.json,2408,c3f80089490dfbe062e3d98a1ade4a97b804ccaf85e6211b369f5d2228298fae
results/seed2026_shard0/20260808T015558+0000_formal_seed2026/mainconf_r1_depth_kmode_early_diag_seed2026_20260808T015558+0000/wandb/latest-run/files/wandb-summary.json,2676,7ec29ddeb858dfe833a895f6012c6603bb9f7f407f8d52034a2c39b9d3214e11
results/seed2026_shard0/20260808T015558+0000_formal_seed2026/mainconf_r1_depth_kmode_early_diag_seed2026_20260808T015558+0000/wandb/latest-run/logs/debug-core.log,6653,1ffbabfdeb3f53436a7ff3b8db514710ec71765ca8d3e2e8a22fd22945285409
results/seed2026_shard0/20260808T015558+0000_formal_seed2026/mainconf_r1_depth_kmode_early_diag_seed2026_20260808T015558+0000/wandb/latest-run/logs/debug-internal.log,1711,5140450877edd128f6a4deafc7998258ffada5194b4e056bf8d553b22da0042a
results/seed2026_shard0/20260808T015558+0000_formal_seed2026/mainconf_r1_depth_kmode_early_diag_seed2026_20260808T015558+0000/wandb/latest-run/logs/debug.log,4790,125b39362c7169f1bd386bb1b8a951da36b420625414c7251ede7ce2c8f0972e
results/seed2026_shard0/20260808T015558+0000_formal_seed2026/mainconf_r1_depth_kmode_early_diag_seed2026_20260808T015558+0000/wandb/latest-run/run-85b066614924.wandb,175223,ec36f4e48b3cf6cddd4cde81db7b8a5daa2f0268780c5bbcc5bd06a7b016670c
results/seed2026_shard0/20260808T015558+0000_formal_seed2026/mainconf_r1_depth_kmode_early_diag_seed2026_20260808T015558+0000/wandb/run-20260808_082031-85b066614924/files/config.yaml,5855,a8565bf5ac8186154c522b71d8962ceabdda0783050905bb5fc2558010bb9efd
results/seed2026_shard0/20260808T015558+0000_formal_seed2026/mainconf_r1_depth_kmode_early_diag_seed2026_20260808T015558+0000/wandb/run-20260808_082031-85b066614924/files/requirements.txt,1616,c42bd83dae15b8c3a5c6ea9dffff6162a7497b8eac0a637e007ae1321eb2dd95
results/seed2026_shard0/20260808T015558+0000_formal_seed2026/mainconf_r1_depth_kmode_early_diag_seed2026_20260808T015558+0000/wandb/run-20260808_082031-85b066614924/files/wandb-metadata.json,2408,c3f80089490dfbe062e3d98a1ade4a97b804ccaf85e6211b369f5d2228298fae
results/seed2026_shard0/20260808T015558+0000_formal_seed2026/mainconf_r1_depth_kmode_early_diag_seed2026_20260808T015558+0000/wandb/run-20260808_082031-85b066614924/files/wandb-summary.json,2676,7ec29ddeb858dfe833a895f6012c6603bb9f7f407f8d52034a2c39b9d3214e11
results/seed2026_shard0/20260808T015558+0000_formal_seed2026/mainconf_r1_depth_kmode_early_diag_seed2026_20260808T015558+0000/wandb/run-20260808_082031-85b066614924/logs/debug-core.log,6653,1ffbabfdeb3f53436a7ff3b8db514710ec71765ca8d3e2e8a22fd22945285409
results/seed2026_shard0/20260808T015558+0000_formal_seed2026/mainconf_r1_depth_kmode_early_diag_seed2026_20260808T015558+0000/wandb/run-20260808_082031-85b066614924/logs/debug-internal.log,1711,5140450877edd128f6a4deafc7998258ffada5194b4e056bf8d553b22da0042a
results/seed2026_shard0/20260808T015558+0000_formal_seed2026/mainconf_r1_depth_kmode_early_diag_seed2026_20260808T015558+0000/wandb/run-20260808_082031-85b066614924/logs/debug.log,4790,125b39362c7169f1bd386bb1b8a951da36b420625414c7251ede7ce2c8f0972e
results/seed2026_shard0/20260808T015558+0000_formal_seed2026/mainconf_r1_depth_kmode_early_diag_seed2026_20260808T015558+0000/wandb/run-20260808_082031-85b066614924/run-85b066614924.wandb,175223,ec36f4e48b3cf6cddd4cde81db7b8a5daa2f0268780c5bbcc5bd06a7b016670c
results/seed2026_shard0/20260808T015558+0000_formal_seed2026/mainconf_r1_depth_kmode_early_diag_seed2026_20260808T015558+0000PRIVATE_PATH_REDACTED,500837,24d6a71f8cef338654e0df0997b83a4cc774ee6994f55caaa5c112c63fed9a6a
results/seed2026_shard0/20260808T015558+0000_formal_seed2026/mainconf_r1_depth_kmode_early_diag_seed2026_20260808T015558+0000PRIVATE_PATH_REDACTED,43503,3f7f27a18cd858cb3e3fc570bcb24120d8a1cbdd33e82d234c20655ae007c20e
results/seed2026_shard0/20260808T015558+0000_formal_seed2026/mainconf_r1_depth_kmode_early_diag_seed2026_20260808T015558+0000PRIVATE_PATH_REDACTED,18770,b51ac50c699b05306619d92cb9ec6edadd266d8118c53f5b9726db76480ea16d
results/seed2026_shard0/20260808T015558+0000_formal_seed2026/mainconf_r1_depth_kmode_early_none_seed2026_20260808T015558+0000/official_to_r1.patch,19277,f7108ecd8aba74f81954410515fc7430766d17e447ef175f779f60ddba66bce9
results/seed2026_shard0/20260808T015558+0000_formal_seed2026/mainconf_r1_depth_kmode_early_none_seed2026_20260808T015558+0000/r1_metrics.csv,598923,6fc96a20d730d535446037c973e7be80e863aa4d446e7bdc6236f18965d942a1
results/seed2026_shard0/20260808T015558+0000_formal_seed2026/mainconf_r1_depth_kmode_early_none_seed2026_20260808T015558+0000/r1_summary.json,3983,720c21f53d6705d059af32ccffe4ef19e3b380f854185bfb33363cf2e086669d
results/seed2026_shard0/20260808T015558+0000_formal_seed2026/mainconf_r1_depth_kmode_early_none_seed2026_20260808T015558+0000/run_manifest.json,8388,26ad7df748846f59c9e90071475b9b98a4f27b724b2312aec21cdf72df44d4e8
results/seed2026_shard0/20260808T015558+0000_formal_seed2026/mainconf_r1_depth_kmode_early_none_seed2026_20260808T015558+0000/source_manifest.json,3044,3eeb90f94dd5c40002fc566436147631f9564bc25e3bf8b65b2f8c5d3f5525d9
results/seed2026_shard0/20260808T015558+0000_formal_seed2026/mainconf_r1_depth_kmode_early_none_seed2026_20260808T015558+0000/training_log_with_source.txt,500740,6eaa9792a1b30ff4eef9bb60c64737e557ed6c628d6b0366b790cbdba4fa8a00
results/seed2026_shard0/20260808T015558+0000_formal_seed2026/mainconf_r1_depth_kmode_early_none_seed2026_20260808T015558+0000/training_stdout.log,455518,97e13e34d18e6745a30b8e65e962991317b379a67263100ce39305a0678f537c
results/seed2026_shard0/20260808T015558+0000_formal_seed2026/mainconf_r1_depth_kmode_early_none_seed2026_20260808T015558+0000/wandb/debug-internal.log,1710,889ddbf74db93088b9ba89bba0927b3fe098fb308164d6c3c56444ce858f9f83
results/seed2026_shard0/20260808T015558+0000_formal_seed2026/mainconf_r1_depth_kmode_early_none_seed2026_20260808T015558+0000/wandb/debug.log,5127,79519c89cfa8a18966c23b55da1bd4b7fd0238ed2caf8cc774c99df610a31de4
results/seed2026_shard0/20260808T015558+0000_formal_seed2026/mainconf_r1_depth_kmode_early_none_seed2026_20260808T015558+0000/wandb/latest-run/files/config.yaml,5855,a4faa1ed9d4677b0747842257bea1493632796acce8bd7e57deb4361fc508fc1
results/seed2026_shard0/20260808T015558+0000_formal_seed2026/mainconf_r1_depth_kmode_early_none_seed2026_20260808T015558+0000/wandb/latest-run/files/requirements.txt,1616,c42bd83dae15b8c3a5c6ea9dffff6162a7497b8eac0a637e007ae1321eb2dd95
results/seed2026_shard0/20260808T015558+0000_formal_seed2026/mainconf_r1_depth_kmode_early_none_seed2026_20260808T015558+0000/wandb/latest-run/files/wandb-metadata.json,2408,16fa8aa89a1cb9307d8da0c85a259325baf1465348748efc44b976ea5cdfb487
results/seed2026_shard0/20260808T015558+0000_formal_seed2026/mainconf_r1_depth_kmode_early_none_seed2026_20260808T015558+0000/wandb/latest-run/files/wandb-summary.json,2667,dbc052899a3ccfe3c2cf78ff9899f942e1dbd78539e6842a231f9333f7540027
results/seed2026_shard0/20260808T015558+0000_formal_seed2026/mainconf_r1_depth_kmode_early_none_seed2026_20260808T015558+0000/wandb/latest-run/logs/debug-core.log,6653,1ffbabfdeb3f53436a7ff3b8db514710ec71765ca8d3e2e8a22fd22945285409
results/seed2026_shard0/20260808T015558+0000_formal_seed2026/mainconf_r1_depth_kmode_early_none_seed2026_20260808T015558+0000/wandb/latest-run/logs/debug-internal.log,1710,889ddbf74db93088b9ba89bba0927b3fe098fb308164d6c3c56444ce858f9f83
results/seed2026_shard0/20260808T015558+0000_formal_seed2026/mainconf_r1_depth_kmode_early_none_seed2026_20260808T015558+0000/wandb/latest-run/logs/debug.log,5127,79519c89cfa8a18966c23b55da1bd4b7fd0238ed2caf8cc774c99df610a31de4
results/seed2026_shard0/20260808T015558+0000_formal_seed2026/mainconf_r1_depth_kmode_early_none_seed2026_20260808T015558+0000/wandb/latest-run/run-d6c331204619.wandb,175168,6cf76a4de0a8c57c106762a384140746a17dfb0bd377c8ed82eca301cf5ebeec
results/seed2026_shard0/20260808T015558+0000_formal_seed2026/mainconf_r1_depth_kmode_early_none_seed2026_20260808T015558+0000/wandb/run-20260808_050742-d6c331204619/files/config.yaml,5855,a4faa1ed9d4677b0747842257bea1493632796acce8bd7e57deb4361fc508fc1
results/seed2026_shard0/20260808T015558+0000_formal_seed2026/mainconf_r1_depth_kmode_early_none_seed2026_20260808T015558+0000/wandb/run-20260808_050742-d6c331204619/files/requirements.txt,1616,c42bd83dae15b8c3a5c6ea9dffff6162a7497b8eac0a637e007ae1321eb2dd95
results/seed2026_shard0/20260808T015558+0000_formal_seed2026/mainconf_r1_depth_kmode_early_none_seed2026_20260808T015558+0000/wandb/run-20260808_050742-d6c331204619/files/wandb-metadata.json,2408,16fa8aa89a1cb9307d8da0c85a259325baf1465348748efc44b976ea5cdfb487
results/seed2026_shard0/20260808T015558+0000_formal_seed2026/mainconf_r1_depth_kmode_early_none_seed2026_20260808T015558+0000/wandb/run-20260808_050742-d6c331204619/files/wandb-summary.json,2667,dbc052899a3ccfe3c2cf78ff9899f942e1dbd78539e6842a231f9333f7540027
results/seed2026_shard0/20260808T015558+0000_formal_seed2026/mainconf_r1_depth_kmode_early_none_seed2026_20260808T015558+0000/wandb/run-20260808_050742-d6c331204619/logs/debug-core.log,6653,1ffbabfdeb3f53436a7ff3b8db514710ec71765ca8d3e2e8a22fd22945285409
results/seed2026_shard0/20260808T015558+0000_formal_seed2026/mainconf_r1_depth_kmode_early_none_seed2026_20260808T015558+0000/wandb/run-20260808_050742-d6c331204619/logs/debug-internal.log,1710,889ddbf74db93088b9ba89bba0927b3fe098fb308164d6c3c56444ce858f9f83
results/seed2026_shard0/20260808T015558+0000_formal_seed2026/mainconf_r1_depth_kmode_early_none_seed2026_20260808T015558+0000/wandb/run-20260808_050742-d6c331204619/logs/debug.log,5127,79519c89cfa8a18966c23b55da1bd4b7fd0238ed2caf8cc774c99df610a31de4
results/seed2026_shard0/20260808T015558+0000_formal_seed2026/mainconf_r1_depth_kmode_early_none_seed2026_20260808T015558+0000/wandb/run-20260808_050742-d6c331204619/run-d6c331204619.wandb,175168,6cf76a4de0a8c57c106762a384140746a17dfb0bd377c8ed82eca301cf5ebeec
results/seed2026_shard0/20260808T015558+0000_formal_seed2026/mainconf_r1_depth_kmode_early_none_seed2026_20260808T015558+0000PRIVATE_PATH_REDACTED,500740,6eaa9792a1b30ff4eef9bb60c64737e557ed6c628d6b0366b790cbdba4fa8a00
results/seed2026_shard0/20260808T015558+0000_formal_seed2026/mainconf_r1_depth_kmode_early_none_seed2026_20260808T015558+0000PRIVATE_PATH_REDACTED,43503,a2042f3eaf5d06d7ea10a10c27923adf0762c61fc6cffb2d9cda94a184eb8e37
results/seed2026_shard0/20260808T015558+0000_formal_seed2026/mainconf_r1_depth_kmode_early_none_seed2026_20260808T015558+0000PRIVATE_PATH_REDACTED,18770,b51ac50c699b05306619d92cb9ec6edadd266d8118c53f5b9726db76480ea16d
results/seed2026_shard0/20260808T015558+0000_formal_seed2026/mainconf_r1_depth_kmode_edge_diag_seed2026_20260808T015558+0000/official_to_r1.patch,19276,7090f6b951fa13824e95eccf56ad337b0ba0817a16f6c15fbbe6ca0454b6ef4d
results/seed2026_shard0/20260808T015558+0000_formal_seed2026/mainconf_r1_depth_kmode_edge_diag_seed2026_20260808T015558+0000/r1_metrics.csv,592585,4d4625bbf5a9edcda040de36e95218d7a45c0dade7cd402d584a6d29f4d33043
results/seed2026_shard0/20260808T015558+0000_formal_seed2026/mainconf_r1_depth_kmode_edge_diag_seed2026_20260808T015558+0000/r1_summary.json,3983,ecd14cbdd3ea9b2e8470977e13344e3d4dc88dc545bc3601cef62dbd782c688b
results/seed2026_shard0/20260808T015558+0000_formal_seed2026/mainconf_r1_depth_kmode_edge_diag_seed2026_20260808T015558+0000/run_manifest.json,8379,a7eb2315f934a25496e4e0196615b552c9feec1864d9210eb9877ad97f56de0f
results/seed2026_shard0/20260808T015558+0000_formal_seed2026/mainconf_r1_depth_kmode_edge_diag_seed2026_20260808T015558+0000/source_manifest.json,3043,d8214a38773b90337133271c785030f88a01e356da37955b8db00f2fdb5ee358
results/seed2026_shard0/20260808T015558+0000_formal_seed2026/mainconf_r1_depth_kmode_edge_diag_seed2026_20260808T015558+0000/training_log_with_source.txt,500832,c6478b794a4faf24122a7afabdf7aecf7edb461a03b1f5276cd06180d636f255
results/seed2026_shard0/20260808T015558+0000_formal_seed2026/mainconf_r1_depth_kmode_edge_diag_seed2026_20260808T015558+0000/training_stdout.log,455518,a470fcb5efcb294edd7a16a6e06ab1bb4d382d0a6a86b291df65459bd5812620
results/seed2026_shard0/20260808T015558+0000_formal_seed2026/mainconf_r1_depth_kmode_edge_diag_seed2026_20260808T015558+0000/wandb/debug-internal.log,2179,10da7efc10a36c9bd5a9df3c686e604febe32990e3a54187034c65b9dfd7db3c
results/seed2026_shard0/20260808T015558+0000_formal_seed2026/mainconf_r1_depth_kmode_edge_diag_seed2026_20260808T015558+0000/wandb/debug.log,4789,36c9ecc2b1176c73b4ceac0b7acb946305404c054751906650228cab113d8c78
results/seed2026_shard0/20260808T015558+0000_formal_seed2026/mainconf_r1_depth_kmode_edge_diag_seed2026_20260808T015558+0000/wandb/latest-run/files/config.yaml,5876,8ad50955ec8f0be8c2cac19e7bf01a4b9d1c32f1d2c91d65ddfc3067074ae36c
results/seed2026_shard0/20260808T015558+0000_formal_seed2026/mainconf_r1_depth_kmode_edge_diag_seed2026_20260808T015558+0000/wandb/latest-run/files/requirements.txt,1616,c42bd83dae15b8c3a5c6ea9dffff6162a7497b8eac0a637e007ae1321eb2dd95
results/seed2026_shard0/20260808T015558+0000_formal_seed2026/mainconf_r1_depth_kmode_edge_diag_seed2026_20260808T015558+0000/wandb/latest-run/files/wandb-metadata.json,2407,000d4718ffc6c09396141d88444e27561fc10a6bd4f951fef97854ce8d94a4f2
results/seed2026_shard0/20260808T015558+0000_formal_seed2026/mainconf_r1_depth_kmode_edge_diag_seed2026_20260808T015558+0000/wandb/latest-run/files/wandb-summary.json,2671,701ecf919d548d361b9e9f2248e1faedb205ed0c94e6c797bac74165dec8ed5d
results/seed2026_shard0/20260808T015558+0000_formal_seed2026/mainconf_r1_depth_kmode_edge_diag_seed2026_20260808T015558+0000/wandb/latest-run/logs/debug-core.log,6653,1ffbabfdeb3f53436a7ff3b8db514710ec71765ca8d3e2e8a22fd22945285409
results/seed2026_shard0/20260808T015558+0000_formal_seed2026/mainconf_r1_depth_kmode_edge_diag_seed2026_20260808T015558+0000/wandb/latest-run/logs/debug-internal.log,2179,10da7efc10a36c9bd5a9df3c686e604febe32990e3a54187034c65b9dfd7db3c
results/seed2026_shard0/20260808T015558+0000_formal_seed2026/mainconf_r1_depth_kmode_edge_diag_seed2026_20260808T015558+0000/wandb/latest-run/logs/debug.log,4789,36c9ecc2b1176c73b4ceac0b7acb946305404c054751906650228cab113d8c78
results/seed2026_shard0/20260808T015558+0000_formal_seed2026/mainconf_r1_depth_kmode_edge_diag_seed2026_20260808T015558+0000/wandb/latest-run/run-23bbbdd792b7.wandb,175097,af75f08d4ed0262b64bd57b55ed06ce7323b84358a0c15044775fb585b654c0c
results/seed2026_shard0/20260808T015558+0000_formal_seed2026/mainconf_r1_depth_kmode_edge_diag_seed2026_20260808T015558+0000/wandb/run-20260808_210841-23bbbdd792b7/files/config.yaml,5876,8ad50955ec8f0be8c2cac19e7bf01a4b9d1c32f1d2c91d65ddfc3067074ae36c
results/seed2026_shard0/20260808T015558+0000_formal_seed2026/mainconf_r1_depth_kmode_edge_diag_seed2026_20260808T015558+0000/wandb/run-20260808_210841-23bbbdd792b7/files/requirements.txt,1616,c42bd83dae15b8c3a5c6ea9dffff6162a7497b8eac0a637e007ae1321eb2dd95
results/seed2026_shard0/20260808T015558+0000_formal_seed2026/mainconf_r1_depth_kmode_edge_diag_seed2026_20260808T015558+0000/wandb/run-20260808_210841-23bbbdd792b7/files/wandb-metadata.json,2407,000d4718ffc6c09396141d88444e27561fc10a6bd4f951fef97854ce8d94a4f2
results/seed2026_shard0/20260808T015558+0000_formal_seed2026/mainconf_r1_depth_kmode_edge_diag_seed2026_20260808T015558+0000/wandb/run-20260808_210841-23bbbdd792b7/files/wandb-summary.json,2671,701ecf919d548d361b9e9f2248e1faedb205ed0c94e6c797bac74165dec8ed5d
results/seed2026_shard0/20260808T015558+0000_formal_seed2026/mainconf_r1_depth_kmode_edge_diag_seed2026_20260808T015558+0000/wandb/run-20260808_210841-23bbbdd792b7/logs/debug-core.log,6653,1ffbabfdeb3f53436a7ff3b8db514710ec71765ca8d3e2e8a22fd22945285409
results/seed2026_shard0/20260808T015558+0000_formal_seed2026/mainconf_r1_depth_kmode_edge_diag_seed2026_20260808T015558+0000/wandb/run-20260808_210841-23bbbdd792b7/logs/debug-internal.log,2179,10da7efc10a36c9bd5a9df3c686e604febe32990e3a54187034c65b9dfd7db3c
results/seed2026_shard0/20260808T015558+0000_formal_seed2026/mainconf_r1_depth_kmode_edge_diag_seed2026_20260808T015558+0000/wandb/run-20260808_210841-23bbbdd792b7/logs/debug.log,4789,36c9ecc2b1176c73b4ceac0b7acb946305404c054751906650228cab113d8c78
results/seed2026_shard0/20260808T015558+0000_formal_seed2026/mainconf_r1_depth_kmode_edge_diag_seed2026_20260808T015558+0000/wandb/run-20260808_210841-23bbbdd792b7/run-23bbbdd792b7.wandb,175097,af75f08d4ed0262b64bd57b55ed06ce7323b84358a0c15044775fb585b654c0c
results/seed2026_shard0/20260808T015558+0000_formal_seed2026/mainconf_r1_depth_kmode_edge_diag_seed2026_20260808T015558+0000PRIVATE_PATH_REDACTED,500832,c6478b794a4faf24122a7afabdf7aecf7edb461a03b1f5276cd06180d636f255
results/seed2026_shard0/20260808T015558+0000_formal_seed2026/mainconf_r1_depth_kmode_edge_diag_seed2026_20260808T015558+0000PRIVATE_PATH_REDACTED,43503,3d44f091f5746b47fc51eb60917e4e5e7c636bc0db65d57cc9d925ada49705ae
results/seed2026_shard0/20260808T015558+0000_formal_seed2026/mainconf_r1_depth_kmode_edge_diag_seed2026_20260808T015558+0000PRIVATE_PATH_REDACTED,18770,b51ac50c699b05306619d92cb9ec6edadd266d8118c53f5b9726db76480ea16d
results/seed2026_shard0/20260808T015558+0000_formal_seed2026/mainconf_r1_depth_kmode_edge_none_seed2026_20260808T015558+0000/official_to_r1.patch,19276,5b1b8811b90152fda21597f9a8d7a89d3855fd360664ba69e4e3a7698386581e
results/seed2026_shard0/20260808T015558+0000_formal_seed2026/mainconf_r1_depth_kmode_edge_none_seed2026_20260808T015558+0000/r1_metrics.csv,592630,3ebb371501e8568e4083b2944feb4b3eb750c23fcb3f5dca11229faf770aa464
results/seed2026_shard0/20260808T015558+0000_formal_seed2026/mainconf_r1_depth_kmode_edge_none_seed2026_20260808T015558+0000/r1_summary.json,3986,6856c4580419d0d01a0b56062c31fe256330d689b39e540c1a4ffa4696c95ee3
results/seed2026_shard0/20260808T015558+0000_formal_seed2026/mainconf_r1_depth_kmode_edge_none_seed2026_20260808T015558+0000/run_manifest.json,8382,9d07f51e0b3d60f02cf978450e89247ef50a249fae4df5a7edcb2941d92fd0d0
results/seed2026_shard0/20260808T015558+0000_formal_seed2026/mainconf_r1_depth_kmode_edge_none_seed2026_20260808T015558+0000/source_manifest.json,3043,8d865cd650ff63ef397261dcd4a768525a8b727afc5abee5746b528a1b922ac4
results/seed2026_shard0/20260808T015558+0000_formal_seed2026/mainconf_r1_depth_kmode_edge_none_seed2026_20260808T015558+0000/training_log_with_source.txt,500740,f3ff81c458e8c9d2d4ed7f8936fee636b6bc8d559ef9452132a14cd69082ce44
results/seed2026_shard0/20260808T015558+0000_formal_seed2026/mainconf_r1_depth_kmode_edge_none_seed2026_20260808T015558+0000/training_stdout.log,455518,14105f10ef3d6c205938093e0bc61ab541a525a37bbd6a28ce972d06f934ea28
results/seed2026_shard0/20260808T015558+0000_formal_seed2026/mainconf_r1_depth_kmode_edge_none_seed2026_20260808T015558+0000/wandb/debug-internal.log,1715,6908f75e5813005c29f0c177a66623e5742dbb5ed05d1a0d47cea4bf4fe2ae0f
results/seed2026_shard0/20260808T015558+0000_formal_seed2026/mainconf_r1_depth_kmode_edge_none_seed2026_20260808T015558+0000/wandb/debug.log,4789,856bb5742de1cdb08a21d5f56ae0e5562bfa5a60f1a62c1d39888fded26eeafe
results/seed2026_shard0/20260808T015558+0000_formal_seed2026/mainconf_r1_depth_kmode_edge_none_seed2026_20260808T015558+0000/wandb/latest-run/files/config.yaml,4948,a3799d10855f70b60a0706fd26a58bfb42053d38bfeef913f2bbb86f621f389a
results/seed2026_shard0/20260808T015558+0000_formal_seed2026/mainconf_r1_depth_kmode_edge_none_seed2026_20260808T015558+0000/wandb/latest-run/files/requirements.txt,1616,c42bd83dae15b8c3a5c6ea9dffff6162a7497b8eac0a637e007ae1321eb2dd95
results/seed2026_shard0/20260808T015558+0000_formal_seed2026/mainconf_r1_depth_kmode_edge_none_seed2026_20260808T015558+0000/wandb/latest-run/files/wandb-metadata.json,1714,080b3fa85befcf7b097ad19e2ca422d0d123b2d610338a380a83a8a47df99971
results/seed2026_shard0/20260808T015558+0000_formal_seed2026/mainconf_r1_depth_kmode_edge_none_seed2026_20260808T015558+0000/wandb/latest-run/files/wandb-summary.json,2670,2a6c879b3c235a1ea94bc66222c0e73919e358b0f7f9ace2b7fae67bf670f474
results/seed2026_shard0/20260808T015558+0000_formal_seed2026/mainconf_r1_depth_kmode_edge_none_seed2026_20260808T015558+0000/wandb/latest-run/logs/debug-core.log,6653,1ffbabfdeb3f53436a7ff3b8db514710ec71765ca8d3e2e8a22fd22945285409
results/seed2026_shard0/20260808T015558+0000_formal_seed2026/mainconf_r1_depth_kmode_edge_none_seed2026_20260808T015558+0000/wandb/latest-run/logs/debug-internal.log,1715,6908f75e5813005c29f0c177a66623e5742dbb5ed05d1a0d47cea4bf4fe2ae0f
results/seed2026_shard0/20260808T015558+0000_formal_seed2026/mainconf_r1_depth_kmode_edge_none_seed2026_20260808T015558+0000/wandb/latest-run/logs/debug.log,4789,856bb5742de1cdb08a21d5f56ae0e5562bfa5a60f1a62c1d39888fded26eeafe
results/seed2026_shard0/20260808T015558+0000_formal_seed2026/mainconf_r1_depth_kmode_edge_none_seed2026_20260808T015558+0000/wandb/latest-run/run-0be0cb14a5a9.wandb,174931,ecbeaae12cbf4c93c635b0adf16d7bf8cc026b61b97449a0374955d1bd5cf96b
results/seed2026_shard0/20260808T015558+0000_formal_seed2026/mainconf_r1_depth_kmode_edge_none_seed2026_20260808T015558+0000/wandb/run-20260808_175654-0be0cb14a5a9/files/config.yaml,4948,a3799d10855f70b60a0706fd26a58bfb42053d38bfeef913f2bbb86f621f389a
results/seed2026_shard0/20260808T015558+0000_formal_seed2026/mainconf_r1_depth_kmode_edge_none_seed2026_20260808T015558+0000/wandb/run-20260808_175654-0be0cb14a5a9/files/requirements.txt,1616,c42bd83dae15b8c3a5c6ea9dffff6162a7497b8eac0a637e007ae1321eb2dd95
results/seed2026_shard0/20260808T015558+0000_formal_seed2026/mainconf_r1_depth_kmode_edge_none_seed2026_20260808T015558+0000/wandb/run-20260808_175654-0be0cb14a5a9/files/wandb-metadata.json,1714,080b3fa85befcf7b097ad19e2ca422d0d123b2d610338a380a83a8a47df99971
results/seed2026_shard0/20260808T015558+0000_formal_seed2026/mainconf_r1_depth_kmode_edge_none_seed2026_20260808T015558+0000/wandb/run-20260808_175654-0be0cb14a5a9/files/wandb-summary.json,2670,2a6c879b3c235a1ea94bc66222c0e73919e358b0f7f9ace2b7fae67bf670f474
results/seed2026_shard0/20260808T015558+0000_formal_seed2026/mainconf_r1_depth_kmode_edge_none_seed2026_20260808T015558+0000/wandb/run-20260808_175654-0be0cb14a5a9/logs/debug-core.log,6653,1ffbabfdeb3f53436a7ff3b8db514710ec71765ca8d3e2e8a22fd22945285409
results/seed2026_shard0/20260808T015558+0000_formal_seed2026/mainconf_r1_depth_kmode_edge_none_seed2026_20260808T015558+0000/wandb/run-20260808_175654-0be0cb14a5a9/logs/debug-internal.log,1715,6908f75e5813005c29f0c177a66623e5742dbb5ed05d1a0d47cea4bf4fe2ae0f
results/seed2026_shard0/20260808T015558+0000_formal_seed2026/mainconf_r1_depth_kmode_edge_none_seed2026_20260808T015558+0000/wandb/run-20260808_175654-0be0cb14a5a9/logs/debug.log,4789,856bb5742de1cdb08a21d5f56ae0e5562bfa5a60f1a62c1d39888fded26eeafe
results/seed2026_shard0/20260808T015558+0000_formal_seed2026/mainconf_r1_depth_kmode_edge_none_seed2026_20260808T015558+0000/wandb/run-20260808_175654-0be0cb14a5a9/run-0be0cb14a5a9.wandb,174931,ecbeaae12cbf4c93c635b0adf16d7bf8cc026b61b97449a0374955d1bd5cf96b
results/seed2026_shard0/20260808T015558+0000_formal_seed2026/mainconf_r1_depth_kmode_edge_none_seed2026_20260808T015558+0000PRIVATE_PATH_REDACTED,500740,f3ff81c458e8c9d2d4ed7f8936fee636b6bc8d559ef9452132a14cd69082ce44
results/seed2026_shard0/20260808T015558+0000_formal_seed2026/mainconf_r1_depth_kmode_edge_none_seed2026_20260808T015558+0000PRIVATE_PATH_REDACTED,43503,1bfa2ebda0724eb8adc470c421e9aee7ffda4a304746a9ab6150ab9ab733a10b
results/seed2026_shard0/20260808T015558+0000_formal_seed2026/mainconf_r1_depth_kmode_edge_none_seed2026_20260808T015558+0000PRIVATE_PATH_REDACTED,18770,b51ac50c699b05306619d92cb9ec6edadd266d8118c53f5b9726db76480ea16d
results/seed2026_shard0/20260808T015558+0000_formal_seed2026/mainconf_r1_depth_kmode_late_diag_seed2026_20260808T015558+0000/official_to_r1.patch,19276,52c9ea921347d1c3babbe4cd80156a3b4f9d59d9f434795f7e3add9807cc07dd
results/seed2026_shard0/20260808T015558+0000_formal_seed2026/mainconf_r1_depth_kmode_late_diag_seed2026_20260808T015558+0000/r1_metrics.csv,592623,cd6ea3088e5710a6082b17bb6368f2373f81cd174128c8ac3bd159029b8e4d31
results/seed2026_shard0/20260808T015558+0000_formal_seed2026/mainconf_r1_depth_kmode_late_diag_seed2026_20260808T015558+0000/r1_summary.json,3985,f6f1eb49215c303386aec3d0d0c5285b242f918a6d3a11e3a9b11076739f10a6
results/seed2026_shard0/20260808T015558+0000_formal_seed2026/mainconf_r1_depth_kmode_late_diag_seed2026_20260808T015558+0000/run_manifest.json,8380,92049f81a1bdcf23df9ec7798024793cfe8dcd26b86e26ad4cb0152c09391749
results/seed2026_shard0/20260808T015558+0000_formal_seed2026/mainconf_r1_depth_kmode_late_diag_seed2026_20260808T015558+0000/source_manifest.json,3043,0f9fa8328de6fb979e6b9ed5fbb7f37f30ca9d71cc6ec1911260c84b40a95b7f
results/seed2026_shard0/20260808T015558+0000_formal_seed2026/mainconf_r1_depth_kmode_late_diag_seed2026_20260808T015558+0000/training_log_with_source.txt,500834,0bda424fe4ff8bc0e86fb3a9b6fa47079c81338f0a00ed7872234410fa143466
results/seed2026_shard0/20260808T015558+0000_formal_seed2026/mainconf_r1_depth_kmode_late_diag_seed2026_20260808T015558+0000/training_stdout.log,455520,05ede8c5f85c6f115fbb8f85f08d038ea9f9a6f61838d0004a4c030f199aa1f8
results/seed2026_shard0/20260808T015558+0000_formal_seed2026/mainconf_r1_depth_kmode_late_diag_seed2026_20260808T015558+0000/wandb/debug-internal.log,2183,444fa16ad5639a9a6d7fa27f8d54387b53eb6aefc8deae9aca0e9ae9bf79a0dc
results/seed2026_shard0/20260808T015558+0000_formal_seed2026/mainconf_r1_depth_kmode_late_diag_seed2026_20260808T015558+0000/wandb/debug.log,4789,278f08fd89dda51c2fc233fb5da6c7577fa8899249001eddc30615ae1754f821
results/seed2026_shard0/20260808T015558+0000_formal_seed2026/mainconf_r1_depth_kmode_late_diag_seed2026_20260808T015558+0000/wandb/latest-run/files/config.yaml,5876,b42c48c5c1ef47771a5da11fa60c5a5c949e50f8db759f4e9889c6bf0f3594ed
results/seed2026_shard0/20260808T015558+0000_formal_seed2026/mainconf_r1_depth_kmode_late_diag_seed2026_20260808T015558+0000/wandb/latest-run/files/requirements.txt,1616,c42bd83dae15b8c3a5c6ea9dffff6162a7497b8eac0a637e007ae1321eb2dd95
results/seed2026_shard0/20260808T015558+0000_formal_seed2026/mainconf_r1_depth_kmode_late_diag_seed2026_20260808T015558+0000/wandb/latest-run/files/wandb-metadata.json,2407,630485664518f9508b42f2fde5a3ed73f117e1c7076570779ba439d4d6a179a7
results/seed2026_shard0/20260808T015558+0000_formal_seed2026/mainconf_r1_depth_kmode_late_diag_seed2026_20260808T015558+0000/wandb/latest-run/files/wandb-summary.json,2674,b6f7bfebc5a71b9a9c5455a9b1716de6284d37c1359586d585d1d416ffb27087
results/seed2026_shard0/20260808T015558+0000_formal_seed2026/mainconf_r1_depth_kmode_late_diag_seed2026_20260808T015558+0000/wandb/latest-run/logs/debug-core.log,6653,1ffbabfdeb3f53436a7ff3b8db514710ec71765ca8d3e2e8a22fd22945285409
results/seed2026_shard0/20260808T015558+0000_formal_seed2026/mainconf_r1_depth_kmode_late_diag_seed2026_20260808T015558+0000/wandb/latest-run/logs/debug-internal.log,2183,444fa16ad5639a9a6d7fa27f8d54387b53eb6aefc8deae9aca0e9ae9bf79a0dc
results/seed2026_shard0/20260808T015558+0000_formal_seed2026/mainconf_r1_depth_kmode_late_diag_seed2026_20260808T015558+0000/wandb/latest-run/logs/debug.log,4789,278f08fd89dda51c2fc233fb5da6c7577fa8899249001eddc30615ae1754f821
results/seed2026_shard0/20260808T015558+0000_formal_seed2026/mainconf_r1_depth_kmode_late_diag_seed2026_20260808T015558+0000/wandb/latest-run/run-ed4b75e2fa7c.wandb,175189,de729fc075ff2de4fbf8fb70f32b60a61e20c8cf3f18cfaa884b97cade4fdfd6
results/seed2026_shard0/20260808T015558+0000_formal_seed2026/mainconf_r1_depth_kmode_late_diag_seed2026_20260808T015558+0000/wandb/run-20260808_144502-ed4b75e2fa7c/files/config.yaml,5876,b42c48c5c1ef47771a5da11fa60c5a5c949e50f8db759f4e9889c6bf0f3594ed
results/seed2026_shard0/20260808T015558+0000_formal_seed2026/mainconf_r1_depth_kmode_late_diag_seed2026_20260808T015558+0000/wandb/run-20260808_144502-ed4b75e2fa7c/files/requirements.txt,1616,c42bd83dae15b8c3a5c6ea9dffff6162a7497b8eac0a637e007ae1321eb2dd95
results/seed2026_shard0/20260808T015558+0000_formal_seed2026/mainconf_r1_depth_kmode_late_diag_seed2026_20260808T015558+0000/wandb/run-20260808_144502-ed4b75e2fa7c/files/wandb-metadata.json,2407,630485664518f9508b42f2fde5a3ed73f117e1c7076570779ba439d4d6a179a7
results/seed2026_shard0/20260808T015558+0000_formal_seed2026/mainconf_r1_depth_kmode_late_diag_seed2026_20260808T015558+0000/wandb/run-20260808_144502-ed4b75e2fa7c/files/wandb-summary.json,2674,b6f7bfebc5a71b9a9c5455a9b1716de6284d37c1359586d585d1d416ffb27087
results/seed2026_shard0/20260808T015558+0000_formal_seed2026/mainconf_r1_depth_kmode_late_diag_seed2026_20260808T015558+0000/wandb/run-20260808_144502-ed4b75e2fa7c/logs/debug-core.log,6653,1ffbabfdeb3f53436a7ff3b8db514710ec71765ca8d3e2e8a22fd22945285409
results/seed2026_shard0/20260808T015558+0000_formal_seed2026/mainconf_r1_depth_kmode_late_diag_seed2026_20260808T015558+0000/wandb/run-20260808_144502-ed4b75e2fa7c/logs/debug-internal.log,2183,444fa16ad5639a9a6d7fa27f8d54387b53eb6aefc8deae9aca0e9ae9bf79a0dc
results/seed2026_shard0/20260808T015558+0000_formal_seed2026/mainconf_r1_depth_kmode_late_diag_seed2026_20260808T015558+0000/wandb/run-20260808_144502-ed4b75e2fa7c/logs/debug.log,4789,278f08fd89dda51c2fc233fb5da6c7577fa8899249001eddc30615ae1754f821
results/seed2026_shard0/20260808T015558+0000_formal_seed2026/mainconf_r1_depth_kmode_late_diag_seed2026_20260808T015558+0000/wandb/run-20260808_144502-ed4b75e2fa7c/run-ed4b75e2fa7c.wandb,175189,de729fc075ff2de4fbf8fb70f32b60a61e20c8cf3f18cfaa884b97cade4fdfd6
results/seed2026_shard0/20260808T015558+0000_formal_seed2026/mainconf_r1_depth_kmode_late_diag_seed2026_20260808T015558+0000PRIVATE_PATH_REDACTED,500834,0bda424fe4ff8bc0e86fb3a9b6fa47079c81338f0a00ed7872234410fa143466
results/seed2026_shard0/20260808T015558+0000_formal_seed2026/mainconf_r1_depth_kmode_late_diag_seed2026_20260808T015558+0000PRIVATE_PATH_REDACTED,43503,c6c6639cde2be5894ec4cc5b9627ba636fd423ee073d4fdba41d68d0ecaa578d
results/seed2026_shard0/20260808T015558+0000_formal_seed2026/mainconf_r1_depth_kmode_late_diag_seed2026_20260808T015558+0000PRIVATE_PATH_REDACTED,18770,b51ac50c699b05306619d92cb9ec6edadd266d8118c53f5b9726db76480ea16d
results/seed2026_shard0/20260808T015558+0000_formal_seed2026/mainconf_r1_depth_kmode_late_none_seed2026_20260808T015558+0000/official_to_r1.patch,19276,3669112b009b52ce84c5722a49dc508def6a08b9afdbe147a61953f52dd0d7a4
results/seed2026_shard0/20260808T015558+0000_formal_seed2026/mainconf_r1_depth_kmode_late_none_seed2026_20260808T015558+0000/r1_metrics.csv,592617,748d07227503382fe8432f35649495050a8f54e042da01a2c3fcac8df2010707
results/seed2026_shard0/20260808T015558+0000_formal_seed2026/mainconf_r1_depth_kmode_late_none_seed2026_20260808T015558+0000/r1_summary.json,3985,b0826f0bacbb4de38ff5a39d7cc8830dc2e4d5f50d2c50dc303d4231b863230f
results/seed2026_shard0/20260808T015558+0000_formal_seed2026/mainconf_r1_depth_kmode_late_none_seed2026_20260808T015558+0000/run_manifest.json,8381,3c5ffd5cf5d2160a10c2c064da21116022f2eff6d9e7cd9f5719ff1e820f61dd
results/seed2026_shard0/20260808T015558+0000_formal_seed2026/mainconf_r1_depth_kmode_late_none_seed2026_20260808T015558+0000/source_manifest.json,3043,5e630369cb643bd423ae89d7424ab3ce45f060d1a66175faa54b47cdc8b5f11a
results/seed2026_shard0/20260808T015558+0000_formal_seed2026/mainconf_r1_depth_kmode_late_none_seed2026_20260808T015558+0000/training_log_with_source.txt,500836,5820dc5e6dd7351e4a7ed891f3ab4658e2df51618c2edbe0f29e2f8993f15db3
results/seed2026_shard0/20260808T015558+0000_formal_seed2026/mainconf_r1_depth_kmode_late_none_seed2026_20260808T015558+0000/training_stdout.log,455522,50631d58e95ba04e59e5a5679a0d70ab46f5e5daaae705e8cd83a7465e4bd054
results/seed2026_shard0/20260808T015558+0000_formal_seed2026/mainconf_r1_depth_kmode_late_none_seed2026_20260808T015558+0000/wandb/debug-internal.log,5624,f4e9f414626713f784925c4898bf84ca1e33ca69448c28cb1a00216c4c6feed5
results/seed2026_shard0/20260808T015558+0000_formal_seed2026/mainconf_r1_depth_kmode_late_none_seed2026_20260808T015558+0000/wandb/debug.log,4789,557736ccabe3c4fadd54f9537a3106c56867a83112d4d72309e2f5e9c3722577
results/seed2026_shard0/20260808T015558+0000_formal_seed2026/mainconf_r1_depth_kmode_late_none_seed2026_20260808T015558+0000/wandb/latest-run/files/config.yaml,5876,06f63f21ce48192f031da8ff606e15afde55b6f0bb1c5b5964aa807a81be938a
results/seed2026_shard0/20260808T015558+0000_formal_seed2026/mainconf_r1_depth_kmode_late_none_seed2026_20260808T015558+0000/wandb/latest-run/files/requirements.txt,1616,c42bd83dae15b8c3a5c6ea9dffff6162a7497b8eac0a637e007ae1321eb2dd95
results/seed2026_shard0/20260808T015558+0000_formal_seed2026/mainconf_r1_depth_kmode_late_none_seed2026_20260808T015558+0000/wandb/latest-run/files/wandb-metadata.json,2407,4e418abbe04b39a750ddff52cbb514e1a4e0f646f0c73c3fd51773a94139d658
results/seed2026_shard0/20260808T015558+0000_formal_seed2026/mainconf_r1_depth_kmode_late_none_seed2026_20260808T015558+0000/wandb/latest-run/files/wandb-summary.json,2668,027cf4233fbfd1fe624db9fe2e11c1265232230c31ca46958fead685f6ad075e
results/seed2026_shard0/20260808T015558+0000_formal_seed2026/mainconf_r1_depth_kmode_late_none_seed2026_20260808T015558+0000/wandb/latest-run/logs/debug-core.log,6653,1ffbabfdeb3f53436a7ff3b8db514710ec71765ca8d3e2e8a22fd22945285409
results/seed2026_shard0/20260808T015558+0000_formal_seed2026/mainconf_r1_depth_kmode_late_none_seed2026_20260808T015558+0000/wandb/latest-run/logs/debug-internal.log,5624,f4e9f414626713f784925c4898bf84ca1e33ca69448c28cb1a00216c4c6feed5
results/seed2026_shard0/20260808T015558+0000_formal_seed2026/mainconf_r1_depth_kmode_late_none_seed2026_20260808T015558+0000/wandb/latest-run/logs/debug.log,4789,557736ccabe3c4fadd54f9537a3106c56867a83112d4d72309e2f5e9c3722577
results/seed2026_shard0/20260808T015558+0000_formal_seed2026/mainconf_r1_depth_kmode_late_none_seed2026_20260808T015558+0000/wandb/latest-run/run-24a0f3d57435.wandb,175193,2a97408f7c5a1aa1adeea6dbb7d0e8246f4e0461a5b304d60c8e5fbb99d97cce
results/seed2026_shard0/20260808T015558+0000_formal_seed2026/mainconf_r1_depth_kmode_late_none_seed2026_20260808T015558+0000/wandb/run-20260808_113311-24a0f3d57435/files/config.yaml,5876,06f63f21ce48192f031da8ff606e15afde55b6f0bb1c5b5964aa807a81be938a
results/seed2026_shard0/20260808T015558+0000_formal_seed2026/mainconf_r1_depth_kmode_late_none_seed2026_20260808T015558+0000/wandb/run-20260808_113311-24a0f3d57435/files/requirements.txt,1616,c42bd83dae15b8c3a5c6ea9dffff6162a7497b8eac0a637e007ae1321eb2dd95
results/seed2026_shard0/20260808T015558+0000_formal_seed2026/mainconf_r1_depth_kmode_late_none_seed2026_20260808T015558+0000/wandb/run-20260808_113311-24a0f3d57435/files/wandb-metadata.json,2407,4e418abbe04b39a750ddff52cbb514e1a4e0f646f0c73c3fd51773a94139d658
results/seed2026_shard0/20260808T015558+0000_formal_seed2026/mainconf_r1_depth_kmode_late_none_seed2026_20260808T015558+0000/wandb/run-20260808_113311-24a0f3d57435/files/wandb-summary.json,2668,027cf4233fbfd1fe624db9fe2e11c1265232230c31ca46958fead685f6ad075e
results/seed2026_shard0/20260808T015558+0000_formal_seed2026/mainconf_r1_depth_kmode_late_none_seed2026_20260808T015558+0000/wandb/run-20260808_113311-24a0f3d57435/logs/debug-core.log,6653,1ffbabfdeb3f53436a7ff3b8db514710ec71765ca8d3e2e8a22fd22945285409
results/seed2026_shard0/20260808T015558+0000_formal_seed2026/mainconf_r1_depth_kmode_late_none_seed2026_20260808T015558+0000/wandb/run-20260808_113311-24a0f3d57435/logs/debug-internal.log,5624,f4e9f414626713f784925c4898bf84ca1e33ca69448c28cb1a00216c4c6feed5
results/seed2026_shard0/20260808T015558+0000_formal_seed2026/mainconf_r1_depth_kmode_late_none_seed2026_20260808T015558+0000/wandb/run-20260808_113311-24a0f3d57435/logs/debug.log,4789,557736ccabe3c4fadd54f9537a3106c56867a83112d4d72309e2f5e9c3722577
results/seed2026_shard0/20260808T015558+0000_formal_seed2026/mainconf_r1_depth_kmode_late_none_seed2026_20260808T015558+0000/wandb/run-20260808_113311-24a0f3d57435/run-24a0f3d57435.wandb,175193,2a97408f7c5a1aa1adeea6dbb7d0e8246f4e0461a5b304d60c8e5fbb99d97cce
results/seed2026_shard0/20260808T015558+0000_formal_seed2026/mainconf_r1_depth_kmode_late_none_seed2026_20260808T015558+0000PRIVATE_PATH_REDACTED,500836,5820dc5e6dd7351e4a7ed891f3ab4658e2df51618c2edbe0f29e2f8993f15db3
results/seed2026_shard0/20260808T015558+0000_formal_seed2026/mainconf_r1_depth_kmode_late_none_seed2026_20260808T015558+0000PRIVATE_PATH_REDACTED,43503,0ab1cee1103a773d9e97d67d85be27e4118189a82a27829630d70f5fad1b1db6
results/seed2026_shard0/20260808T015558+0000_formal_seed2026/mainconf_r1_depth_kmode_late_none_seed2026_20260808T015558+0000PRIVATE_PATH_REDACTED,18770,b51ac50c699b05306619d92cb9ec6edadd266d8118c53f5b9726db76480ea16d
results/seed2026_shard0/20260808T015558+0000_formal_seed2026/r1_common_target_comparison.csv,405,4e4e739c0d36668ecfc351a959662587d1b18e8b66d07b3fc8fd5041a4d4dc32
results/seed2026_shard0/20260808T015558+0000_formal_seed2026/r1_manifest.json,28316,fb69794a21cafd4af8c166a3b8f41e33f2e7654affb1e1a768c8c893e264280e
results/seed2026_shard0/20260808T015558+0000_formal_seed2026/r1_plan.json,11438,6e799eeef1d4ad2314a3a09cd83ceeddbb0494fbc449e701e2aa44805581bc80
results/seed2026_shard0/20260808T015558+0000_formal_seed2026/r1_summary.csv,7616,130e7315394bd9aacbb6660499bac9dce070e549d72ac2e9e2314c9502ec827d
results/seed2026_shard1/20260808T014440+0000_smoke_seed2026/mainconf_r1_depth_kmode_all_diag_exact_shape_smoke34_20260808T014440+0000/official_to_r1.patch,19295,2ea6ba5a6e254095cca940f9375bcd0821dc1cace39643c9037a407368d3d548
results/seed2026_shard1/20260808T014440+0000_smoke_seed2026/mainconf_r1_depth_kmode_all_diag_exact_shape_smoke34_20260808T014440+0000/r1_metrics.csv,2607,cfec72608d9af4182133cedb8e7edade385bae86de4d89bcde3e6a61f322c0c0
results/seed2026_shard1/20260808T014440+0000_smoke_seed2026/mainconf_r1_depth_kmode_all_diag_exact_shape_smoke34_20260808T014440+0000/r1_summary.json,3826,eec3f4cc3950233a8a47ab2d892252979c6713ab860262bdfac0fed671eeb5fd
results/seed2026_shard1/20260808T014440+0000_smoke_seed2026/mainconf_r1_depth_kmode_all_diag_exact_shape_smoke34_20260808T014440+0000/run_manifest.json,8038,39409c84a2f916e15968a921d54e2bcd807404415ca4145f0109838af9ff1a18
results/seed2026_shard1/20260808T014440+0000_smoke_seed2026/mainconf_r1_depth_kmode_all_diag_exact_shape_smoke34_20260808T014440+0000/source_manifest.json,3097,e3ae004687101f0664c84b0bd52342897460b443f19222eea2225d59c35f3310
results/seed2026_shard1/20260808T014440+0000_smoke_seed2026/mainconf_r1_depth_kmode_all_diag_exact_shape_smoke34_20260808T014440+0000/training_log_with_source.txt,48294,b89efc33f4eb730e36e46ff08312553abc5d77f029f0a8ed9b1d2cc25cae44c6
results/seed2026_shard1/20260808T014440+0000_smoke_seed2026/mainconf_r1_depth_kmode_all_diag_exact_shape_smoke34_20260808T014440+0000/training_stdout.log,2963,b8470b3ec25a143ebce518b5472b269701af6db947f6e7a5c2b697001be2445b
results/seed2026_shard1/20260808T014440+0000_smoke_seed2026/mainconf_r1_depth_kmode_all_diag_exact_shape_smoke34_20260808T014440+0000PRIVATE_PATH_REDACTED,48294,b89efc33f4eb730e36e46ff08312553abc5d77f029f0a8ed9b1d2cc25cae44c6
results/seed2026_shard1/20260808T014440+0000_smoke_seed2026/mainconf_r1_depth_kmode_all_diag_exact_shape_smoke34_20260808T014440+0000PRIVATE_PATH_REDACTED,43523,99f649d7e859362cde29a7ea73b15b77550ebf17fe7a14ae1ae4c6397e11df67
results/seed2026_shard1/20260808T014440+0000_smoke_seed2026/mainconf_r1_depth_kmode_all_diag_exact_shape_smoke34_20260808T014440+0000PRIVATE_PATH_REDACTED,18770,b51ac50c699b05306619d92cb9ec6edadd266d8118c53f5b9726db76480ea16d
results/seed2026_shard1/20260808T014440+0000_smoke_seed2026/mainconf_r1_depth_kmode_all_none_exact_shape_smoke34_20260808T014440+0000/official_to_r1.patch,19295,10e32559b456c5a09d4e73a54d5c19915c6384e66f6132a87d9759a59f24ba0a
results/seed2026_shard1/20260808T014440+0000_smoke_seed2026/mainconf_r1_depth_kmode_all_none_exact_shape_smoke34_20260808T014440+0000/r1_metrics.csv,2613,0cc479e68bc2a65f70110ab444dfecfe46bafeb441f50aa9b8b5fab4202dbcc3
results/seed2026_shard1/20260808T014440+0000_smoke_seed2026/mainconf_r1_depth_kmode_all_none_exact_shape_smoke34_20260808T014440+0000/r1_summary.json,3827,066e654814fae417882dfee0c7abb9be3598ee3ea2b3c7de7c68044f005b8d28
results/seed2026_shard1/20260808T014440+0000_smoke_seed2026/mainconf_r1_depth_kmode_all_none_exact_shape_smoke34_20260808T014440+0000/run_manifest.json,8039,7444a95b2be579da31c59087a8d9722e007d3ac769a329d4733698caa1e19891
results/seed2026_shard1/20260808T014440+0000_smoke_seed2026/mainconf_r1_depth_kmode_all_none_exact_shape_smoke34_20260808T014440+0000/source_manifest.json,3097,2e25f01aaf2d32cf6fc104a70a8e85a7fd20e35ff56f361964f2bee3cc948b53
results/seed2026_shard1/20260808T014440+0000_smoke_seed2026/mainconf_r1_depth_kmode_all_none_exact_shape_smoke34_20260808T014440+0000/training_log_with_source.txt,48294,9a894c2f7a15cc46eb5862a4064c29129bc271fc28c501913baece0fa69a1603
results/seed2026_shard1/20260808T014440+0000_smoke_seed2026/mainconf_r1_depth_kmode_all_none_exact_shape_smoke34_20260808T014440+0000/training_stdout.log,2963,7f886cfe103a981ddb3fca963accf3078c62d265381cfa05806de1e6e398f33d
results/seed2026_shard1/20260808T014440+0000_smoke_seed2026/mainconf_r1_depth_kmode_all_none_exact_shape_smoke34_20260808T014440+0000PRIVATE_PATH_REDACTED,48294,9a894c2f7a15cc46eb5862a4064c29129bc271fc28c501913baece0fa69a1603
results/seed2026_shard1/20260808T014440+0000_smoke_seed2026/mainconf_r1_depth_kmode_all_none_exact_shape_smoke34_20260808T014440+0000PRIVATE_PATH_REDACTED,43523,ed6a89f2b7dda8727a4105d3bd3c58ff219787c94f0463fd8e1eb79dda3f7375
results/seed2026_shard1/20260808T014440+0000_smoke_seed2026/mainconf_r1_depth_kmode_all_none_exact_shape_smoke34_20260808T014440+0000PRIVATE_PATH_REDACTED,18770,b51ac50c699b05306619d92cb9ec6edadd266d8118c53f5b9726db76480ea16d
results/seed2026_shard1/20260808T014440+0000_smoke_seed2026/mainconf_r1_depth_kmode_block4_exact_shape_smoke34_20260808T014440+0000/official_to_r1.patch,16152,8504b54b28c8787f7c7c06faec131aa4bad4a306910336f775f0f9b1162437e7
results/seed2026_shard1/20260808T014440+0000_smoke_seed2026/mainconf_r1_depth_kmode_block4_exact_shape_smoke34_20260808T014440+0000/r1_metrics.csv,2611,bac848975bc37d38b435cf95dd9f2418e61e1b9b46d96c0e7581373532d1afba
results/seed2026_shard1/20260808T014440+0000_smoke_seed2026/mainconf_r1_depth_kmode_block4_exact_shape_smoke34_20260808T014440+0000/r1_summary.json,3542,3d917cd0b0044a99240b8026d4742c1d9d569dd270474222f40f283ff2f49aa8
results/seed2026_shard1/20260808T014440+0000_smoke_seed2026/mainconf_r1_depth_kmode_block4_exact_shape_smoke34_20260808T014440+0000/run_manifest.json,7667,8b45e102fe33254a579e711aed770a2a41d396090c0f095416fe1950e3b2a93e
results/seed2026_shard1/20260808T014440+0000_smoke_seed2026/mainconf_r1_depth_kmode_block4_exact_shape_smoke34_20260808T014440+0000/source_manifest.json,2809,8f94b77c9567803a704a2cd5b08c0cabe40acc399c654f140141fc8bca35c2d9
results/seed2026_shard1/20260808T014440+0000_smoke_seed2026/mainconf_r1_depth_kmode_block4_exact_shape_smoke34_20260808T014440+0000/training_log_with_source.txt,46235,84cb2b0d896e760536360273d00d1babf4c71b6c2f6c01c07402f48028c35675
results/seed2026_shard1/20260808T014440+0000_smoke_seed2026/mainconf_r1_depth_kmode_block4_exact_shape_smoke34_20260808T014440+0000/training_stdout.log,2849,988daa2add8fd210922ee5d5fbad9e01c079b0baecac0480757bedb0a57432a7
results/seed2026_shard1/20260808T014440+0000_smoke_seed2026/mainconf_r1_depth_kmode_block4_exact_shape_smoke34_20260808T014440+0000PRIVATE_PATH_REDACTED,46235,84cb2b0d896e760536360273d00d1babf4c71b6c2f6c01c07402f48028c35675
results/seed2026_shard1/20260808T014440+0000_smoke_seed2026/mainconf_r1_depth_kmode_block4_exact_shape_smoke34_20260808T014440+0000PRIVATE_PATH_REDACTED,41556,d4368715bb64d6ad89509876c4d7f28773fa4dd567accca09405ff34e74220f5
results/seed2026_shard1/20260808T014440+0000_smoke_seed2026/mainconf_r1_depth_kmode_block4_exact_shape_smoke34_20260808T014440+0000PRIVATE_PATH_REDACTED,18770,b51ac50c699b05306619d92cb9ec6edadd266d8118c53f5b9726db76480ea16d
results/seed2026_shard1/20260808T014440+0000_smoke_seed2026/mainconf_r1_depth_kmode_center_diag_exact_shape_smoke34_20260808T014440+0000/official_to_r1.patch,19282,e054f88c171c3f8ea45a7bf4deb9fc7958784494fe60f0ca495291a83a9779fb
results/seed2026_shard1/20260808T014440+0000_smoke_seed2026/mainconf_r1_depth_kmode_center_diag_exact_shape_smoke34_20260808T014440+0000/r1_metrics.csv,2719,1b72d0a9bf97fbb042e9f8d1f4511c4a201999ac7a9351de77f7d3ee0b855d35
results/seed2026_shard1/20260808T014440+0000_smoke_seed2026/mainconf_r1_depth_kmode_center_diag_exact_shape_smoke34_20260808T014440+0000/r1_summary.json,3805,a45c34af345b01f607117474d911ae8efdb9ddfdcbe5439b4c95fafc28e855a4
results/seed2026_shard1/20260808T014440+0000_smoke_seed2026/mainconf_r1_depth_kmode_center_diag_exact_shape_smoke34_20260808T014440+0000/run_manifest.json,8039,468301aae458699f7609649e929c714da1b313314228f7fc7c43a1ded5306c2e
results/seed2026_shard1/20260808T014440+0000_smoke_seed2026/mainconf_r1_depth_kmode_center_diag_exact_shape_smoke34_20260808T014440+0000/source_manifest.json,3072,b4b5a62e5dd63565af33ab072342162b059b6b57a6b6d5bf9c8e88fc770c20c2
results/seed2026_shard1/20260808T014440+0000_smoke_seed2026/mainconf_r1_depth_kmode_center_diag_exact_shape_smoke34_20260808T014440+0000/training_log_with_source.txt,48278,6261cf8999ad04de5ce8b909370cae1239da35d1ff15899f3ac024fbe077b5c1
results/seed2026_shard1/20260808T014440+0000_smoke_seed2026/mainconf_r1_depth_kmode_center_diag_exact_shape_smoke34_20260808T014440+0000/training_stdout.log,2962,521fe81f3e9f0787dc9c6104c0a6b8212ed8c451b35ba34d4690caf35428295a
results/seed2026_shard1/20260808T014440+0000_smoke_seed2026/mainconf_r1_depth_kmode_center_diag_exact_shape_smoke34_20260808T014440+0000PRIVATE_PATH_REDACTED,48278,6261cf8999ad04de5ce8b909370cae1239da35d1ff15899f3ac024fbe077b5c1
results/seed2026_shard1/20260808T014440+0000_smoke_seed2026/mainconf_r1_depth_kmode_center_diag_exact_shape_smoke34_20260808T014440+0000PRIVATE_PATH_REDACTED,43507,00fcabeda94e1ba8aa9b4be765786f5f9f4a340ad588c95184efbf4fbb5129c1
results/seed2026_shard1/20260808T014440+0000_smoke_seed2026/mainconf_r1_depth_kmode_center_diag_exact_shape_smoke34_20260808T014440+0000PRIVATE_PATH_REDACTED,18770,b51ac50c699b05306619d92cb9ec6edadd266d8118c53f5b9726db76480ea16d
results/seed2026_shard1/20260808T014440+0000_smoke_seed2026/mainconf_r1_depth_kmode_center_none_exact_shape_smoke34_20260808T014440+0000/official_to_r1.patch,19282,deaa210a6912c3e304c921f3fc09becd57765d644f65453db6bcbb49b0b0d49c
results/seed2026_shard1/20260808T014440+0000_smoke_seed2026/mainconf_r1_depth_kmode_center_none_exact_shape_smoke34_20260808T014440+0000/r1_metrics.csv,2717,9c05facbf7e31e9c82c6258e2bb70bb18eb3737464c14949a0ee489d3d7e8293
results/seed2026_shard1/20260808T014440+0000_smoke_seed2026/mainconf_r1_depth_kmode_center_none_exact_shape_smoke34_20260808T014440+0000/r1_summary.json,3808,1ecf6e060ac15064432751a2c19f27dcb0c911747b3158b9abddb5e26da213be
results/seed2026_shard1/20260808T014440+0000_smoke_seed2026/mainconf_r1_depth_kmode_center_none_exact_shape_smoke34_20260808T014440+0000/run_manifest.json,8043,894ced503d02e1dbbad2f5b0b94dfbc68122e50ac78253ed95a0dee7b4c838b9
results/seed2026_shard1/20260808T014440+0000_smoke_seed2026/mainconf_r1_depth_kmode_center_none_exact_shape_smoke34_20260808T014440+0000/source_manifest.json,3072,d34cdb739b1114f138fbc0b0a75a754851d3c5824ee2cfe0095674c10dfe37d7
results/seed2026_shard1/20260808T014440+0000_smoke_seed2026/mainconf_r1_depth_kmode_center_none_exact_shape_smoke34_20260808T014440+0000/training_log_with_source.txt,48278,d077678172262cdae36b3e10bf6e7fd8dab6ecd833d34ba11c7d05ba1b81abfc
results/seed2026_shard1/20260808T014440+0000_smoke_seed2026/mainconf_r1_depth_kmode_center_none_exact_shape_smoke34_20260808T014440+0000/training_stdout.log,2962,a0444beb8ea55ea6915b0fe513d0edcd9509dd259eb9348815424f3743a41ff6
results/seed2026_shard1/20260808T014440+0000_smoke_seed2026/mainconf_r1_depth_kmode_center_none_exact_shape_smoke34_20260808T014440+0000PRIVATE_PATH_REDACTED,48278,d077678172262cdae36b3e10bf6e7fd8dab6ecd833d34ba11c7d05ba1b81abfc
results/seed2026_shard1/20260808T014440+0000_smoke_seed2026/mainconf_r1_depth_kmode_center_none_exact_shape_smoke34_20260808T014440+0000PRIVATE_PATH_REDACTED,43507,4fc159909505de20aebe3bc3bd45e50b96156a23dcdebd7451d7a5d25f4139db
results/seed2026_shard1/20260808T014440+0000_smoke_seed2026/mainconf_r1_depth_kmode_center_none_exact_shape_smoke34_20260808T014440+0000PRIVATE_PATH_REDACTED,18770,b51ac50c699b05306619d92cb9ec6edadd266d8118c53f5b9726db76480ea16d
results/seed2026_shard1/20260808T014440+0000_smoke_seed2026/mainconf_r1_depth_kmode_muon_exact_shape_smoke34_20260808T014440+0000/official_to_r1.patch,5710,d2365875f747992a33be06c593d7ed80aa22fa20e52d7125d4710112a840ae41
results/seed2026_shard1/20260808T014440+0000_smoke_seed2026/mainconf_r1_depth_kmode_muon_exact_shape_smoke34_20260808T014440+0000/r1_metrics.csv,2533,8c30b1dc45ea2c2b0fd6c59cc9b616841860fb7fa713ac8909429af460a6b771
results/seed2026_shard1/20260808T014440+0000_smoke_seed2026/mainconf_r1_depth_kmode_muon_exact_shape_smoke34_20260808T014440+0000/r1_summary.json,3488,74199e88dd712cef177a18df4ca045a429745960be33aa5f19a4a2f16576f8b2
results/seed2026_shard1/20260808T014440+0000_smoke_seed2026/mainconf_r1_depth_kmode_muon_exact_shape_smoke34_20260808T014440+0000/run_manifest.json,7585,87f2f8aa63c4812049c7e4598af5773659754f3f04bc85469a94707035e8d638
results/seed2026_shard1/20260808T014440+0000_smoke_seed2026/mainconf_r1_depth_kmode_muon_exact_shape_smoke34_20260808T014440+0000/source_manifest.json,2794,c93a3810d3de5da5e0ca2d1cd5d81203a03fd04ea6b70dfdef6f6b04aee55fa8
results/seed2026_shard1/20260808T014440+0000_smoke_seed2026/mainconf_r1_depth_kmode_muon_exact_shape_smoke34_20260808T014440+0000/training_log_with_source.txt,31216,f38ec5edc6f7d71046cb9e7030457708d393d95890b11259552f38baa64f87cd
results/seed2026_shard1/20260808T014440+0000_smoke_seed2026/mainconf_r1_depth_kmode_muon_exact_shape_smoke34_20260808T014440+0000/training_stdout.log,2794,f81f1e38425961d580fbdde311bd2a51e0d3ebf2a1ff6691454184790bcb6017
results/seed2026_shard1/20260808T014440+0000_smoke_seed2026/mainconf_r1_depth_kmode_muon_exact_shape_smoke34_20260808T014440+0000PRIVATE_PATH_REDACTED,31216,f38ec5edc6f7d71046cb9e7030457708d393d95890b11259552f38baa64f87cd
results/seed2026_shard1/20260808T014440+0000_smoke_seed2026/mainconf_r1_depth_kmode_muon_exact_shape_smoke34_20260808T014440+0000PRIVATE_PATH_REDACTED,26537,4ceb0c921e9ed1bfd992aa141f7c7b1c447fde753c7f00e8a3ebe3a1165788ea
results/seed2026_shard1/20260808T014440+0000_smoke_seed2026/mainconf_r1_depth_kmode_muon_exact_shape_smoke34_20260808T014440+0000PRIVATE_PATH_REDACTED,18770,b51ac50c699b05306619d92cb9ec6edadd266d8118c53f5b9726db76480ea16d
results/seed2026_shard1/20260808T014440+0000_smoke_seed2026/r1_common_target_comparison.csv,351,fd01196781eec38371ef4a1cdfba5422a8d529a0463bf3def9f66fe4a1d78f9b
results/seed2026_shard1/20260808T014440+0000_smoke_seed2026/r1_manifest.json,26376,481a4f4db5711be6faddbe053b8847076aacb3071b615bf95197cba3296601c4
results/seed2026_shard1/20260808T014440+0000_smoke_seed2026/r1_plan.json,10766,498ce7f24fae098237ea4b8fbdb57b65270ab161bbec5fbcf36d7358f61d21df
results/seed2026_shard1/20260808T014440+0000_smoke_seed2026/r1_summary.csv,6846,5e4c152e9271c8939f43342e143f8e696d4683acca981ddc0b7429cccf6d8f9c
results/seed2026_shard1/20260808T015847+0000_formal_seed2026/mainconf_r1_depth_kmode_all_diag_seed2026_20260808T015847+0000/official_to_r1.patch,19295,2ea6ba5a6e254095cca940f9375bcd0821dc1cace39643c9037a407368d3d548
results/seed2026_shard1/20260808T015847+0000_formal_seed2026/mainconf_r1_depth_kmode_all_diag_seed2026_20260808T015847+0000/r1_metrics.csv,586349,5471609750a7668b533bc7fb3558af18953b330a9a0d9aa9c33289d043acb096
results/seed2026_shard1/20260808T015847+0000_formal_seed2026/mainconf_r1_depth_kmode_all_diag_seed2026_20260808T015847+0000/r1_summary.json,4011,fb4d46c4594d6b523f878fb9d40c3f4cc11b078e75e7628afe006b1f989e6aca
results/seed2026_shard1/20260808T015847+0000_formal_seed2026/mainconf_r1_depth_kmode_all_diag_seed2026_20260808T015847+0000/run_manifest.json,8403,d4b9d341e079092d357cbb9cfdf93f295c48d2178dc72cec81cba211bffe16ce
results/seed2026_shard1/20260808T015847+0000_formal_seed2026/mainconf_r1_depth_kmode_all_diag_seed2026_20260808T015847+0000/source_manifest.json,3074,dc533c441ac1ff6fa0373a0fe042d04aff8854930144e2f02fecf906a753d7da
results/seed2026_shard1/20260808T015847+0000_formal_seed2026/mainconf_r1_depth_kmode_all_diag_seed2026_20260808T015847+0000/training_log_with_source.txt,500848,e2f951d67fe8169e76642d6fa64ac330ed9d048e87d8125925ae49ddd39c6bbf
results/seed2026_shard1/20260808T015847+0000_formal_seed2026/mainconf_r1_depth_kmode_all_diag_seed2026_20260808T015847+0000/training_stdout.log,455517,c0150b23cca43261eec2af32e4c9b4ecd8cda1bba28c75dc9e6954b76f2b2d4e
results/seed2026_shard1/20260808T015847+0000_formal_seed2026/mainconf_r1_depth_kmode_all_diag_seed2026_20260808T015847+0000/wandb/debug-internal.log,1714,f2e1450ea5ff7d8747976eed77e952f5618fe5c031e1cb3803389300a2982032
results/seed2026_shard1/20260808T015847+0000_formal_seed2026/mainconf_r1_depth_kmode_all_diag_seed2026_20260808T015847+0000/wandb/debug.log,4820,0ef2aeed255f0c31b594b6488969edd137c5c0c85e0e5d3fb333304c6adc79a8
results/seed2026_shard1/20260808T015847+0000_formal_seed2026/mainconf_r1_depth_kmode_all_diag_seed2026_20260808T015847+0000/wandb/latest-run/files/config.yaml,5859,4fa2df935eef6c198b78af86f23c3371647ddaef538bba1234706dd75282178f
results/seed2026_shard1/20260808T015847+0000_formal_seed2026/mainconf_r1_depth_kmode_all_diag_seed2026_20260808T015847+0000/wandb/latest-run/files/requirements.txt,1616,c42bd83dae15b8c3a5c6ea9dffff6162a7497b8eac0a637e007ae1321eb2dd95
results/seed2026_shard1/20260808T015847+0000_formal_seed2026/mainconf_r1_depth_kmode_all_diag_seed2026_20260808T015847+0000/wandb/latest-run/files/wandb-metadata.json,2398,3a727c0e555097fea6fd4df897eac2b4289a0c3be2262da42a03cfdcf9b88714
results/seed2026_shard1/20260808T015847+0000_formal_seed2026/mainconf_r1_depth_kmode_all_diag_seed2026_20260808T015847+0000/wandb/latest-run/files/wandb-summary.json,2673,39ddfd13e0590d20039e2c28234b746df229c0b3b98156f3f84fa8388d6174fe
results/seed2026_shard1/20260808T015847+0000_formal_seed2026/mainconf_r1_depth_kmode_all_diag_seed2026_20260808T015847+0000/wandb/latest-run/logs/debug-core.log,6660,6cde9f42f2a8b7a40768fbb90d6b2ec71b9c577cf926eef6092fc9659d82d2e7
results/seed2026_shard1/20260808T015847+0000_formal_seed2026/mainconf_r1_depth_kmode_all_diag_seed2026_20260808T015847+0000/wandb/latest-run/logs/debug-internal.log,1714,f2e1450ea5ff7d8747976eed77e952f5618fe5c031e1cb3803389300a2982032
results/seed2026_shard1/20260808T015847+0000_formal_seed2026/mainconf_r1_depth_kmode_all_diag_seed2026_20260808T015847+0000/wandb/latest-run/logs/debug.log,4820,0ef2aeed255f0c31b594b6488969edd137c5c0c85e0e5d3fb333304c6adc79a8
results/seed2026_shard1/20260808T015847+0000_formal_seed2026/mainconf_r1_depth_kmode_all_diag_seed2026_20260808T015847+0000/wandb/latest-run/run-4dc5d96bdc5a.wandb,175150,3f66111b09b4671edf3c7867104ff65d424cc3a3f875454bf1e49936e81f5239
results/seed2026_shard1/20260808T015847+0000_formal_seed2026/mainconf_r1_depth_kmode_all_diag_seed2026_20260808T015847+0000/wandb/run-20260808_144535-4dc5d96bdc5a/files/config.yaml,5859,4fa2df935eef6c198b78af86f23c3371647ddaef538bba1234706dd75282178f
results/seed2026_shard1/20260808T015847+0000_formal_seed2026/mainconf_r1_depth_kmode_all_diag_seed2026_20260808T015847+0000/wandb/run-20260808_144535-4dc5d96bdc5a/files/requirements.txt,1616,c42bd83dae15b8c3a5c6ea9dffff6162a7497b8eac0a637e007ae1321eb2dd95
results/seed2026_shard1/20260808T015847+0000_formal_seed2026/mainconf_r1_depth_kmode_all_diag_seed2026_20260808T015847+0000/wandb/run-20260808_144535-4dc5d96bdc5a/files/wandb-metadata.json,2398,3a727c0e555097fea6fd4df897eac2b4289a0c3be2262da42a03cfdcf9b88714
results/seed2026_shard1/20260808T015847+0000_formal_seed2026/mainconf_r1_depth_kmode_all_diag_seed2026_20260808T015847+0000/wandb/run-20260808_144535-4dc5d96bdc5a/files/wandb-summary.json,2673,39ddfd13e0590d20039e2c28234b746df229c0b3b98156f3f84fa8388d6174fe
results/seed2026_shard1/20260808T015847+0000_formal_seed2026/mainconf_r1_depth_kmode_all_diag_seed2026_20260808T015847+0000/wandb/run-20260808_144535-4dc5d96bdc5a/logs/debug-core.log,6660,6cde9f42f2a8b7a40768fbb90d6b2ec71b9c577cf926eef6092fc9659d82d2e7
results/seed2026_shard1/20260808T015847+0000_formal_seed2026/mainconf_r1_depth_kmode_all_diag_seed2026_20260808T015847+0000/wandb/run-20260808_144535-4dc5d96bdc5a/logs/debug-internal.log,1714,f2e1450ea5ff7d8747976eed77e952f5618fe5c031e1cb3803389300a2982032
results/seed2026_shard1/20260808T015847+0000_formal_seed2026/mainconf_r1_depth_kmode_all_diag_seed2026_20260808T015847+0000/wandb/run-20260808_144535-4dc5d96bdc5a/logs/debug.log,4820,0ef2aeed255f0c31b594b6488969edd137c5c0c85e0e5d3fb333304c6adc79a8
results/seed2026_shard1/20260808T015847+0000_formal_seed2026/mainconf_r1_depth_kmode_all_diag_seed2026_20260808T015847+0000/wandb/run-20260808_144535-4dc5d96bdc5a/run-4dc5d96bdc5a.wandb,175150,3f66111b09b4671edf3c7867104ff65d424cc3a3f875454bf1e49936e81f5239
results/seed2026_shard1/20260808T015847+0000_formal_seed2026/mainconf_r1_depth_kmode_all_diag_seed2026_20260808T015847+0000PRIVATE_PATH_REDACTED,500848,e2f951d67fe8169e76642d6fa64ac330ed9d048e87d8125925ae49ddd39c6bbf
results/seed2026_shard1/20260808T015847+0000_formal_seed2026/mainconf_r1_depth_kmode_all_diag_seed2026_20260808T015847+0000PRIVATE_PATH_REDACTED,43523,99f649d7e859362cde29a7ea73b15b77550ebf17fe7a14ae1ae4c6397e11df67
results/seed2026_shard1/20260808T015847+0000_formal_seed2026/mainconf_r1_depth_kmode_all_diag_seed2026_20260808T015847+0000PRIVATE_PATH_REDACTED,18770,b51ac50c699b05306619d92cb9ec6edadd266d8118c53f5b9726db76480ea16d
results/seed2026_shard1/20260808T015847+0000_formal_seed2026/mainconf_r1_depth_kmode_all_none_seed2026_20260808T015847+0000/official_to_r1.patch,19295,10e32559b456c5a09d4e73a54d5c19915c6384e66f6132a87d9759a59f24ba0a
results/seed2026_shard1/20260808T015847+0000_formal_seed2026/mainconf_r1_depth_kmode_all_none_seed2026_20260808T015847+0000/r1_metrics.csv,586274,e59777cb0de015f21e5e793d9b2de47a56acbdc635f5127c3740834bda8cac93
results/seed2026_shard1/20260808T015847+0000_formal_seed2026/mainconf_r1_depth_kmode_all_none_seed2026_20260808T015847+0000/r1_summary.json,4010,13ec56d71bae6c32e4717044e881408d99a01af359cab521d3790967e9ccf5b3
results/seed2026_shard1/20260808T015847+0000_formal_seed2026/mainconf_r1_depth_kmode_all_none_seed2026_20260808T015847+0000/run_manifest.json,8402,58ff22e5d9f0d0b2934bdbcc53e42fedc54dabb6b883b25a4fda47ddd7ebd5ce
results/seed2026_shard1/20260808T015847+0000_formal_seed2026/mainconf_r1_depth_kmode_all_none_seed2026_20260808T015847+0000/source_manifest.json,3074,108588342f882d262d898963ee1fde9aa3e659be7b30ab34b1c39364d8e2517c
results/seed2026_shard1/20260808T015847+0000_formal_seed2026/mainconf_r1_depth_kmode_all_none_seed2026_20260808T015847+0000/training_log_with_source.txt,500853,b08e4414405a4583b527acead9bfae806c91b08a907fd357884211b0120e62ef
results/seed2026_shard1/20260808T015847+0000_formal_seed2026/mainconf_r1_depth_kmode_all_none_seed2026_20260808T015847+0000/training_stdout.log,455522,1f340ecbdbb08d6c7dc60745243f30235c7f6e31f7af650cd48469e606aaabba
results/seed2026_shard1/20260808T015847+0000_formal_seed2026/mainconf_r1_depth_kmode_all_none_seed2026_20260808T015847+0000/wandb/debug-internal.log,2179,4e0d94845ed810107982a7bbddc22e9e854801ee8c777d91a9a453c27a273f8f
results/seed2026_shard1/20260808T015847+0000_formal_seed2026/mainconf_r1_depth_kmode_all_none_seed2026_20260808T015847+0000/wandb/debug.log,4820,7eddbc6a5a6a3a12968915cc9a3b19e5c626e9dbb6be11c4e39ab54e513bd128
results/seed2026_shard1/20260808T015847+0000_formal_seed2026/mainconf_r1_depth_kmode_all_none_seed2026_20260808T015847+0000/wandb/latest-run/files/config.yaml,5880,6c9116612bc0cafec0e64e684a3a34704cb8b5045086516451c111977fb6730a
results/seed2026_shard1/20260808T015847+0000_formal_seed2026/mainconf_r1_depth_kmode_all_none_seed2026_20260808T015847+0000/wandb/latest-run/files/requirements.txt,1616,c42bd83dae15b8c3a5c6ea9dffff6162a7497b8eac0a637e007ae1321eb2dd95
results/seed2026_shard1/20260808T015847+0000_formal_seed2026/mainconf_r1_depth_kmode_all_none_seed2026_20260808T015847+0000/wandb/latest-run/files/wandb-metadata.json,2398,9b0eed3d532b61734067d876cfcb72dec27a83914c44308d5488db5b5983747a
results/seed2026_shard1/20260808T015847+0000_formal_seed2026/mainconf_r1_depth_kmode_all_none_seed2026_20260808T015847+0000/wandb/latest-run/files/wandb-summary.json,2665,385f6b60fd293f220d9320a1230ad5515af1e6d9762f78e286501aaca77d29e2
results/seed2026_shard1/20260808T015847+0000_formal_seed2026/mainconf_r1_depth_kmode_all_none_seed2026_20260808T015847+0000/wandb/latest-run/logs/debug-core.log,6660,6cde9f42f2a8b7a40768fbb90d6b2ec71b9c577cf926eef6092fc9659d82d2e7
results/seed2026_shard1/20260808T015847+0000_formal_seed2026/mainconf_r1_depth_kmode_all_none_seed2026_20260808T015847+0000/wandb/latest-run/logs/debug-internal.log,2179,4e0d94845ed810107982a7bbddc22e9e854801ee8c777d91a9a453c27a273f8f
results/seed2026_shard1/20260808T015847+0000_formal_seed2026/mainconf_r1_depth_kmode_all_none_seed2026_20260808T015847+0000/wandb/latest-run/logs/debug.log,4820,7eddbc6a5a6a3a12968915cc9a3b19e5c626e9dbb6be11c4e39ab54e513bd128
results/seed2026_shard1/20260808T015847+0000_formal_seed2026/mainconf_r1_depth_kmode_all_none_seed2026_20260808T015847+0000/wandb/latest-run/run-21821605c405.wandb,175095,ec16a9f7355a5885aa1f27856893f169af4a2ad4e68f76894fb29039a12e0c06
results/seed2026_shard1/20260808T015847+0000_formal_seed2026/mainconf_r1_depth_kmode_all_none_seed2026_20260808T015847+0000/wandb/run-20260808_113428-21821605c405/files/config.yaml,5880,6c9116612bc0cafec0e64e684a3a34704cb8b5045086516451c111977fb6730a
results/seed2026_shard1/20260808T015847+0000_formal_seed2026/mainconf_r1_depth_kmode_all_none_seed2026_20260808T015847+0000/wandb/run-20260808_113428-21821605c405/files/requirements.txt,1616,c42bd83dae15b8c3a5c6ea9dffff6162a7497b8eac0a637e007ae1321eb2dd95
results/seed2026_shard1/20260808T015847+0000_formal_seed2026/mainconf_r1_depth_kmode_all_none_seed2026_20260808T015847+0000/wandb/run-20260808_113428-21821605c405/files/wandb-metadata.json,2398,9b0eed3d532b61734067d876cfcb72dec27a83914c44308d5488db5b5983747a
results/seed2026_shard1/20260808T015847+0000_formal_seed2026/mainconf_r1_depth_kmode_all_none_seed2026_20260808T015847+0000/wandb/run-20260808_113428-21821605c405/files/wandb-summary.json,2665,385f6b60fd293f220d9320a1230ad5515af1e6d9762f78e286501aaca77d29e2
results/seed2026_shard1/20260808T015847+0000_formal_seed2026/mainconf_r1_depth_kmode_all_none_seed2026_20260808T015847+0000/wandb/run-20260808_113428-21821605c405/logs/debug-core.log,6660,6cde9f42f2a8b7a40768fbb90d6b2ec71b9c577cf926eef6092fc9659d82d2e7
results/seed2026_shard1/20260808T015847+0000_formal_seed2026/mainconf_r1_depth_kmode_all_none_seed2026_20260808T015847+0000/wandb/run-20260808_113428-21821605c405/logs/debug-internal.log,2179,4e0d94845ed810107982a7bbddc22e9e854801ee8c777d91a9a453c27a273f8f
results/seed2026_shard1/20260808T015847+0000_formal_seed2026/mainconf_r1_depth_kmode_all_none_seed2026_20260808T015847+0000/wandb/run-20260808_113428-21821605c405/logs/debug.log,4820,7eddbc6a5a6a3a12968915cc9a3b19e5c626e9dbb6be11c4e39ab54e513bd128
results/seed2026_shard1/20260808T015847+0000_formal_seed2026/mainconf_r1_depth_kmode_all_none_seed2026_20260808T015847+0000/wandb/run-20260808_113428-21821605c405/run-21821605c405.wandb,175095,ec16a9f7355a5885aa1f27856893f169af4a2ad4e68f76894fb29039a12e0c06
results/seed2026_shard1/20260808T015847+0000_formal_seed2026/mainconf_r1_depth_kmode_all_none_seed2026_20260808T015847+0000PRIVATE_PATH_REDACTED,500853,b08e4414405a4583b527acead9bfae806c91b08a907fd357884211b0120e62ef
results/seed2026_shard1/20260808T015847+0000_formal_seed2026/mainconf_r1_depth_kmode_all_none_seed2026_20260808T015847+0000PRIVATE_PATH_REDACTED,43523,ed6a89f2b7dda8727a4105d3bd3c58ff219787c94f0463fd8e1eb79dda3f7375
results/seed2026_shard1/20260808T015847+0000_formal_seed2026/mainconf_r1_depth_kmode_all_none_seed2026_20260808T015847+0000PRIVATE_PATH_REDACTED,18770,b51ac50c699b05306619d92cb9ec6edadd266d8118c53f5b9726db76480ea16d
results/seed2026_shard1/20260808T015847+0000_formal_seed2026/mainconf_r1_depth_kmode_block4_seed2026_20260808T015847+0000/official_to_r1.patch,16152,8504b54b28c8787f7c7c06faec131aa4bad4a306910336f775f0f9b1162437e7
results/seed2026_shard1/20260808T015847+0000_formal_seed2026/mainconf_r1_depth_kmode_block4_seed2026_20260808T015847+0000/r1_metrics.csv,586374,e12f8d2571857870550038fba249ad9095924ecddc1edcaf00a22424f0ce8ef4
results/seed2026_shard1/20260808T015847+0000_formal_seed2026/mainconf_r1_depth_kmode_block4_seed2026_20260808T015847+0000/r1_summary.json,3730,d1c76da4a8886d36148f3a63866b72f55d9600c5e8243191f929783cb8ae2891
results/seed2026_shard1/20260808T015847+0000_formal_seed2026/mainconf_r1_depth_kmode_block4_seed2026_20260808T015847+0000/run_manifest.json,8036,1a057f7962f01b4d78814cc2a4b182865c020751443817a982d73d0d0ab70e21
results/seed2026_shard1/20260808T015847+0000_formal_seed2026/mainconf_r1_depth_kmode_block4_seed2026_20260808T015847+0000/source_manifest.json,2786,d776712edb2ffc1ce1d2e85c8f392ac423644f3adfcb291d35e930caca9de065
results/seed2026_shard1/20260808T015847+0000_formal_seed2026/mainconf_r1_depth_kmode_block4_seed2026_20260808T015847+0000/training_log_with_source.txt,498883,a99df5ac917f0a96cc91bc368cbcc020f5ba014fd688edef21b2d3539c0aef9a
results/seed2026_shard1/20260808T015847+0000_formal_seed2026/mainconf_r1_depth_kmode_block4_seed2026_20260808T015847+0000/training_stdout.log,455405,0f7f915e834e96ff450ad4d0ee1b0657ee91b32a28a3494d39dae96c685e3ad2
results/seed2026_shard1/20260808T015847+0000_formal_seed2026/mainconf_r1_depth_kmode_block4_seed2026_20260808T015847+0000/wandb/debug-internal.log,1712,cbe6838773d5739d9c528c2d82b1a2e043f75d3e1a889e5f12cb718827a1de7a
results/seed2026_shard1/20260808T015847+0000_formal_seed2026/mainconf_r1_depth_kmode_block4_seed2026_20260808T015847+0000/wandb/debug.log,4680,51e22417375bb0785f5a86892aad7ff6e9acfef86e3b91280c5d25cde99e308d
results/seed2026_shard1/20260808T015847+0000_formal_seed2026/mainconf_r1_depth_kmode_block4_seed2026_20260808T015847+0000/wandb/latest-run/files/config.yaml,5721,16ded62f9b2a8c0de252a1150aa54c284344ed8e5e9b9ea9c35d2603698831a8
results/seed2026_shard1/20260808T015847+0000_formal_seed2026/mainconf_r1_depth_kmode_block4_seed2026_20260808T015847+0000/wandb/latest-run/files/requirements.txt,1616,c42bd83dae15b8c3a5c6ea9dffff6162a7497b8eac0a637e007ae1321eb2dd95
results/seed2026_shard1/20260808T015847+0000_formal_seed2026/mainconf_r1_depth_kmode_block4_seed2026_20260808T015847+0000/wandb/latest-run/files/wandb-metadata.json,2396,75589ac97fcb8137259730f94b63d412995be609ec9ec026dfe10ff842d1c682
results/seed2026_shard1/20260808T015847+0000_formal_seed2026/mainconf_r1_depth_kmode_block4_seed2026_20260808T015847+0000/wandb/latest-run/files/wandb-summary.json,2603,13ec763b021f69ca094c2de65dfee37ef4972e384dd9bc2a4a9a2aca5398341b
results/seed2026_shard1/20260808T015847+0000_formal_seed2026/mainconf_r1_depth_kmode_block4_seed2026_20260808T015847+0000/wandb/latest-run/logs/debug-core.log,6660,6cde9f42f2a8b7a40768fbb90d6b2ec71b9c577cf926eef6092fc9659d82d2e7
results/seed2026_shard1/20260808T015847+0000_formal_seed2026/mainconf_r1_depth_kmode_block4_seed2026_20260808T015847+0000/wandb/latest-run/logs/debug-internal.log,1712,cbe6838773d5739d9c528c2d82b1a2e043f75d3e1a889e5f12cb718827a1de7a
results/seed2026_shard1/20260808T015847+0000_formal_seed2026/mainconf_r1_depth_kmode_block4_seed2026_20260808T015847+0000/wandb/latest-run/logs/debug.log,4680,51e22417375bb0785f5a86892aad7ff6e9acfef86e3b91280c5d25cde99e308d
results/seed2026_shard1/20260808T015847+0000_formal_seed2026/mainconf_r1_depth_kmode_block4_seed2026_20260808T015847+0000/wandb/latest-run/run-e5a6a6074430.wandb,174923,1c4ebb34dade788faf960894143dc59bfd589be3eea96a1f946e47c167c3a384
results/seed2026_shard1/20260808T015847+0000_formal_seed2026/mainconf_r1_depth_kmode_block4_seed2026_20260808T015847+0000/wandb/run-20260808_175654-e5a6a6074430/files/config.yaml,5721,16ded62f9b2a8c0de252a1150aa54c284344ed8e5e9b9ea9c35d2603698831a8
results/seed2026_shard1/20260808T015847+0000_formal_seed2026/mainconf_r1_depth_kmode_block4_seed2026_20260808T015847+0000/wandb/run-20260808_175654-e5a6a6074430/files/requirements.txt,1616,c42bd83dae15b8c3a5c6ea9dffff6162a7497b8eac0a637e007ae1321eb2dd95
results/seed2026_shard1/20260808T015847+0000_formal_seed2026/mainconf_r1_depth_kmode_block4_seed2026_20260808T015847+0000/wandb/run-20260808_175654-e5a6a6074430/files/wandb-metadata.json,2396,75589ac97fcb8137259730f94b63d412995be609ec9ec026dfe10ff842d1c682
results/seed2026_shard1/20260808T015847+0000_formal_seed2026/mainconf_r1_depth_kmode_block4_seed2026_20260808T015847+0000/wandb/run-20260808_175654-e5a6a6074430/files/wandb-summary.json,2603,13ec763b021f69ca094c2de65dfee37ef4972e384dd9bc2a4a9a2aca5398341b
results/seed2026_shard1/20260808T015847+0000_formal_seed2026/mainconf_r1_depth_kmode_block4_seed2026_20260808T015847+0000/wandb/run-20260808_175654-e5a6a6074430/logs/debug-core.log,6660,6cde9f42f2a8b7a40768fbb90d6b2ec71b9c577cf926eef6092fc9659d82d2e7
results/seed2026_shard1/20260808T015847+0000_formal_seed2026/mainconf_r1_depth_kmode_block4_seed2026_20260808T015847+0000/wandb/run-20260808_175654-e5a6a6074430/logs/debug-internal.log,1712,cbe6838773d5739d9c528c2d82b1a2e043f75d3e1a889e5f12cb718827a1de7a
results/seed2026_shard1/20260808T015847+0000_formal_seed2026/mainconf_r1_depth_kmode_block4_seed2026_20260808T015847+0000/wandb/run-20260808_175654-e5a6a6074430/logs/debug.log,4680,51e22417375bb0785f5a86892aad7ff6e9acfef86e3b91280c5d25cde99e308d
results/seed2026_shard1/20260808T015847+0000_formal_seed2026/mainconf_r1_depth_kmode_block4_seed2026_20260808T015847+0000/wandb/run-20260808_175654-e5a6a6074430/run-e5a6a6074430.wandb,174923,1c4ebb34dade788faf960894143dc59bfd589be3eea96a1f946e47c167c3a384
results/seed2026_shard1/20260808T015847+0000_formal_seed2026/mainconf_r1_depth_kmode_block4_seed2026_20260808T015847+0000PRIVATE_PATH_REDACTED,498883,a99df5ac917f0a96cc91bc368cbcc020f5ba014fd688edef21b2d3539c0aef9a
results/seed2026_shard1/20260808T015847+0000_formal_seed2026/mainconf_r1_depth_kmode_block4_seed2026_20260808T015847+0000PRIVATE_PATH_REDACTED,41556,d4368715bb64d6ad89509876c4d7f28773fa4dd567accca09405ff34e74220f5
results/seed2026_shard1/20260808T015847+0000_formal_seed2026/mainconf_r1_depth_kmode_block4_seed2026_20260808T015847+0000PRIVATE_PATH_REDACTED,18770,b51ac50c699b05306619d92cb9ec6edadd266d8118c53f5b9726db76480ea16d
results/seed2026_shard1/20260808T015847+0000_formal_seed2026/mainconf_r1_depth_kmode_center_diag_seed2026_20260808T015847+0000/official_to_r1.patch,19282,e054f88c171c3f8ea45a7bf4deb9fc7958784494fe60f0ca495291a83a9779fb
results/seed2026_shard1/20260808T015847+0000_formal_seed2026/mainconf_r1_depth_kmode_center_diag_seed2026_20260808T015847+0000/r1_metrics.csv,605150,45a6c1e3bf8446f44d706627091fcb6317bb9ed333bfd8335c9406e4f13bd5cd
results/seed2026_shard1/20260808T015847+0000_formal_seed2026/mainconf_r1_depth_kmode_center_diag_seed2026_20260808T015847+0000/r1_summary.json,3992,e458e37854b243c715c0c312c192c3263a3827d2622973d92c98917bfa24bc7f
results/seed2026_shard1/20260808T015847+0000_formal_seed2026/mainconf_r1_depth_kmode_center_diag_seed2026_20260808T015847+0000/run_manifest.json,8410,bea8ec81977369f250d7a3a93b9bdbd62fb8f4cc40273b5ffd38053b44aeb01c
results/seed2026_shard1/20260808T015847+0000_formal_seed2026/mainconf_r1_depth_kmode_center_diag_seed2026_20260808T015847+0000/source_manifest.json,3049,10bd0c02357299aa4dc0b4ec6aa0bf573d10612375f346333c4157fa1955ffe5
results/seed2026_shard1/20260808T015847+0000_formal_seed2026/mainconf_r1_depth_kmode_center_diag_seed2026_20260808T015847+0000/training_log_with_source.txt,500840,2743db89396066d46a54b4507b93ab1361f1d3a9b8d55510946143f5f4efbe21
results/seed2026_shard1/20260808T015847+0000_formal_seed2026/mainconf_r1_depth_kmode_center_diag_seed2026_20260808T015847+0000/training_stdout.log,455524,ebae9ff4cb2359b38c8e24a266047a8cf37ab265d4c4513dd91fd58d045e5747
results/seed2026_shard1/20260808T015847+0000_formal_seed2026/mainconf_r1_depth_kmode_center_diag_seed2026_20260808T015847+0000/wandb/debug-internal.log,2179,bf6303a3078e40a7ff334e12392e5fe551c2a11fc79e0ac287d2ee6316be9193
results/seed2026_shard1/20260808T015847+0000_formal_seed2026/mainconf_r1_depth_kmode_center_diag_seed2026_20260808T015847+0000/wandb/debug.log,4815,c7129af38151cc7083cc28fd63081a778ec2dd052bb8ceca092d4bc65c62bf95
results/seed2026_shard1/20260808T015847+0000_formal_seed2026/mainconf_r1_depth_kmode_center_diag_seed2026_20260808T015847+0000/wandb/latest-run/files/config.yaml,5872,97ff30cae76a8f8338304ca0ae941b96f591accd06c6248ea08b73b765bc4d77
results/seed2026_shard1/20260808T015847+0000_formal_seed2026/mainconf_r1_depth_kmode_center_diag_seed2026_20260808T015847+0000/wandb/latest-run/files/requirements.txt,1616,c42bd83dae15b8c3a5c6ea9dffff6162a7497b8eac0a637e007ae1321eb2dd95
results/seed2026_shard1/20260808T015847+0000_formal_seed2026/mainconf_r1_depth_kmode_center_diag_seed2026_20260808T015847+0000/wandb/latest-run/files/wandb-metadata.json,2401,b176f3f732539d0bbd06a4744e08f01e2875ac96794e9932b987001e3223f289
results/seed2026_shard1/20260808T015847+0000_formal_seed2026/mainconf_r1_depth_kmode_center_diag_seed2026_20260808T015847+0000/wandb/latest-run/files/wandb-summary.json,2681,5891f9365ae0750915036f8978d0a4ae1030147b4da82720f681e40e77b1b82f
results/seed2026_shard1/20260808T015847+0000_formal_seed2026/mainconf_r1_depth_kmode_center_diag_seed2026_20260808T015847+0000/wandb/latest-run/logs/debug-core.log,6660,6cde9f42f2a8b7a40768fbb90d6b2ec71b9c577cf926eef6092fc9659d82d2e7
results/seed2026_shard1/20260808T015847+0000_formal_seed2026/mainconf_r1_depth_kmode_center_diag_seed2026_20260808T015847+0000/wandb/latest-run/logs/debug-internal.log,2179,bf6303a3078e40a7ff334e12392e5fe551c2a11fc79e0ac287d2ee6316be9193
results/seed2026_shard1/20260808T015847+0000_formal_seed2026/mainconf_r1_depth_kmode_center_diag_seed2026_20260808T015847+0000/wandb/latest-run/logs/debug.log,4815,c7129af38151cc7083cc28fd63081a778ec2dd052bb8ceca092d4bc65c62bf95
results/seed2026_shard1/20260808T015847+0000_formal_seed2026/mainconf_r1_depth_kmode_center_diag_seed2026_20260808T015847+0000/wandb/latest-run/run-1f2f687407ef.wandb,175158,d18e5326fd28c55f01f38146c03a324cc5899ce87d48614b3b2636038a663f64
results/seed2026_shard1/20260808T015847+0000_formal_seed2026/mainconf_r1_depth_kmode_center_diag_seed2026_20260808T015847+0000/wandb/run-20260808_082218-1f2f687407ef/files/config.yaml,5872,97ff30cae76a8f8338304ca0ae941b96f591accd06c6248ea08b73b765bc4d77
results/seed2026_shard1/20260808T015847+0000_formal_seed2026/mainconf_r1_depth_kmode_center_diag_seed2026_20260808T015847+0000/wandb/run-20260808_082218-1f2f687407ef/files/requirements.txt,1616,c42bd83dae15b8c3a5c6ea9dffff6162a7497b8eac0a637e007ae1321eb2dd95
results/seed2026_shard1/20260808T015847+0000_formal_seed2026/mainconf_r1_depth_kmode_center_diag_seed2026_20260808T015847+0000/wandb/run-20260808_082218-1f2f687407ef/files/wandb-metadata.json,2401,b176f3f732539d0bbd06a4744e08f01e2875ac96794e9932b987001e3223f289
results/seed2026_shard1/20260808T015847+0000_formal_seed2026/mainconf_r1_depth_kmode_center_diag_seed2026_20260808T015847+0000/wandb/run-20260808_082218-1f2f687407ef/files/wandb-summary.json,2681,5891f9365ae0750915036f8978d0a4ae1030147b4da82720f681e40e77b1b82f
results/seed2026_shard1/20260808T015847+0000_formal_seed2026/mainconf_r1_depth_kmode_center_diag_seed2026_20260808T015847+0000/wandb/run-20260808_082218-1f2f687407ef/logs/debug-core.log,6660,6cde9f42f2a8b7a40768fbb90d6b2ec71b9c577cf926eef6092fc9659d82d2e7
results/seed2026_shard1/20260808T015847+0000_formal_seed2026/mainconf_r1_depth_kmode_center_diag_seed2026_20260808T015847+0000/wandb/run-20260808_082218-1f2f687407ef/logs/debug-internal.log,2179,bf6303a3078e40a7ff334e12392e5fe551c2a11fc79e0ac287d2ee6316be9193
results/seed2026_shard1/20260808T015847+0000_formal_seed2026/mainconf_r1_depth_kmode_center_diag_seed2026_20260808T015847+0000/wandb/run-20260808_082218-1f2f687407ef/logs/debug.log,4815,c7129af38151cc7083cc28fd63081a778ec2dd052bb8ceca092d4bc65c62bf95
results/seed2026_shard1/20260808T015847+0000_formal_seed2026/mainconf_r1_depth_kmode_center_diag_seed2026_20260808T015847+0000/wandb/run-20260808_082218-1f2f687407ef/run-1f2f687407ef.wandb,175158,d18e5326fd28c55f01f38146c03a324cc5899ce87d48614b3b2636038a663f64
results/seed2026_shard1/20260808T015847+0000_formal_seed2026/mainconf_r1_depth_kmode_center_diag_seed2026_20260808T015847+0000PRIVATE_PATH_REDACTED,500840,2743db89396066d46a54b4507b93ab1361f1d3a9b8d55510946143f5f4efbe21
results/seed2026_shard1/20260808T015847+0000_formal_seed2026/mainconf_r1_depth_kmode_center_diag_seed2026_20260808T015847+0000PRIVATE_PATH_REDACTED,43507,00fcabeda94e1ba8aa9b4be765786f5f9f4a340ad588c95184efbf4fbb5129c1
results/seed2026_shard1/20260808T015847+0000_formal_seed2026/mainconf_r1_depth_kmode_center_diag_seed2026_20260808T015847+0000PRIVATE_PATH_REDACTED,18770,b51ac50c699b05306619d92cb9ec6edadd266d8118c53f5b9726db76480ea16d
results/seed2026_shard1/20260808T015847+0000_formal_seed2026/mainconf_r1_depth_kmode_center_none_seed2026_20260808T015847+0000/official_to_r1.patch,19282,deaa210a6912c3e304c921f3fc09becd57765d644f65453db6bcbb49b0b0d49c
results/seed2026_shard1/20260808T015847+0000_formal_seed2026/mainconf_r1_depth_kmode_center_none_seed2026_20260808T015847+0000/r1_metrics.csv,605154,7441b4414dbc1ddfc5656398c3eb6b189f5106496894e25234f56ecec3bf4360
results/seed2026_shard1/20260808T015847+0000_formal_seed2026/mainconf_r1_depth_kmode_center_none_seed2026_20260808T015847+0000/r1_summary.json,3989,83bccae0b99a5ea3b6184000882a531fa71e6a6b20eb399e971ed6b30501b153
results/seed2026_shard1/20260808T015847+0000_formal_seed2026/mainconf_r1_depth_kmode_center_none_seed2026_20260808T015847+0000/run_manifest.json,8406,ff2545b2229ef23b0f4bc4315eb06bcc844c0da0079a6f271bf6d136a3630079
results/seed2026_shard1/20260808T015847+0000_formal_seed2026/mainconf_r1_depth_kmode_center_none_seed2026_20260808T015847+0000/source_manifest.json,3049,9f25d06b4bccfd668cf6d81414bac63784d1039e59a74750951378a9dae52cc0
results/seed2026_shard1/20260808T015847+0000_formal_seed2026/mainconf_r1_depth_kmode_center_none_seed2026_20260808T015847+0000/training_log_with_source.txt,500831,00a9bcfbf92193ba6a18cb5ae5899761c02f491060430ecb5ae28da999786603
results/seed2026_shard1/20260808T015847+0000_formal_seed2026/mainconf_r1_depth_kmode_center_none_seed2026_20260808T015847+0000/training_stdout.log,455515,24d0306e4f1f60fe56e8e68b8bb48187eea3909556ba8ccd1762ed09dbf6dfd4
results/seed2026_shard1/20260808T015847+0000_formal_seed2026/mainconf_r1_depth_kmode_center_none_seed2026_20260808T015847+0000/wandb/debug-internal.log,1715,63eee2a13b9a78a85b7e7d1a707bf80ed7ae4a7b283f0cbf13de21a88bb3b6fc
results/seed2026_shard1/20260808T015847+0000_formal_seed2026/mainconf_r1_depth_kmode_center_none_seed2026_20260808T015847+0000/wandb/debug.log,5156,8c45e800f76536692bb2b73ebcc3a25042affb1061ed1af9c7f2ca76b3eada66
results/seed2026_shard1/20260808T015847+0000_formal_seed2026/mainconf_r1_depth_kmode_center_none_seed2026_20260808T015847+0000/wandb/latest-run/files/config.yaml,5851,05c7b1d55ee71be8322f458fa9f73f70da038c08a03b349654657531aebe3947
results/seed2026_shard1/20260808T015847+0000_formal_seed2026/mainconf_r1_depth_kmode_center_none_seed2026_20260808T015847+0000/wandb/latest-run/files/requirements.txt,1616,c42bd83dae15b8c3a5c6ea9dffff6162a7497b8eac0a637e007ae1321eb2dd95
results/seed2026_shard1/20260808T015847+0000_formal_seed2026/mainconf_r1_depth_kmode_center_none_seed2026_20260808T015847+0000/wandb/latest-run/files/wandb-metadata.json,2401,e848e202c9586e202a72200641a50e0d6d998b94c80b747c5c53f4fa984ed3e6
results/seed2026_shard1/20260808T015847+0000_formal_seed2026/mainconf_r1_depth_kmode_center_none_seed2026_20260808T015847+0000/wandb/latest-run/files/wandb-summary.json,2670,18e2752a45dc793be4ae1bafb4522ff2d1a00115fed855950d3d5d2e4a8c2458
results/seed2026_shard1/20260808T015847+0000_formal_seed2026/mainconf_r1_depth_kmode_center_none_seed2026_20260808T015847+0000/wandb/latest-run/logs/debug-core.log,6660,6cde9f42f2a8b7a40768fbb90d6b2ec71b9c577cf926eef6092fc9659d82d2e7
results/seed2026_shard1/20260808T015847+0000_formal_seed2026/mainconf_r1_depth_kmode_center_none_seed2026_20260808T015847+0000/wandb/latest-run/logs/debug-internal.log,1715,63eee2a13b9a78a85b7e7d1a707bf80ed7ae4a7b283f0cbf13de21a88bb3b6fc
results/seed2026_shard1/20260808T015847+0000_formal_seed2026/mainconf_r1_depth_kmode_center_none_seed2026_20260808T015847+0000/wandb/latest-run/logs/debug.log,5156,8c45e800f76536692bb2b73ebcc3a25042affb1061ed1af9c7f2ca76b3eada66
results/seed2026_shard1/20260808T015847+0000_formal_seed2026/mainconf_r1_depth_kmode_center_none_seed2026_20260808T015847+0000/wandb/latest-run/run-41c9f337b18c.wandb,175132,8e453fcfeb97ee3ed064fec340c590ba8cf80948d942fad907408f2120298716
results/seed2026_shard1/20260808T015847+0000_formal_seed2026/mainconf_r1_depth_kmode_center_none_seed2026_20260808T015847+0000/wandb/run-20260808_050957-41c9f337b18c/files/config.yaml,5851,05c7b1d55ee71be8322f458fa9f73f70da038c08a03b349654657531aebe3947
results/seed2026_shard1/20260808T015847+0000_formal_seed2026/mainconf_r1_depth_kmode_center_none_seed2026_20260808T015847+0000/wandb/run-20260808_050957-41c9f337b18c/files/requirements.txt,1616,c42bd83dae15b8c3a5c6ea9dffff6162a7497b8eac0a637e007ae1321eb2dd95
results/seed2026_shard1/20260808T015847+0000_formal_seed2026/mainconf_r1_depth_kmode_center_none_seed2026_20260808T015847+0000/wandb/run-20260808_050957-41c9f337b18c/files/wandb-metadata.json,2401,e848e202c9586e202a72200641a50e0d6d998b94c80b747c5c53f4fa984ed3e6
results/seed2026_shard1/20260808T015847+0000_formal_seed2026/mainconf_r1_depth_kmode_center_none_seed2026_20260808T015847+0000/wandb/run-20260808_050957-41c9f337b18c/files/wandb-summary.json,2670,18e2752a45dc793be4ae1bafb4522ff2d1a00115fed855950d3d5d2e4a8c2458
results/seed2026_shard1/20260808T015847+0000_formal_seed2026/mainconf_r1_depth_kmode_center_none_seed2026_20260808T015847+0000/wandb/run-20260808_050957-41c9f337b18c/logs/debug-core.log,6660,6cde9f42f2a8b7a40768fbb90d6b2ec71b9c577cf926eef6092fc9659d82d2e7
results/seed2026_shard1/20260808T015847+0000_formal_seed2026/mainconf_r1_depth_kmode_center_none_seed2026_20260808T015847+0000/wandb/run-20260808_050957-41c9f337b18c/logs/debug-internal.log,1715,63eee2a13b9a78a85b7e7d1a707bf80ed7ae4a7b283f0cbf13de21a88bb3b6fc
results/seed2026_shard1/20260808T015847+0000_formal_seed2026/mainconf_r1_depth_kmode_center_none_seed2026_20260808T015847+0000/wandb/run-20260808_050957-41c9f337b18c/logs/debug.log,5156,8c45e800f76536692bb2b73ebcc3a25042affb1061ed1af9c7f2ca76b3eada66
results/seed2026_shard1/20260808T015847+0000_formal_seed2026/mainconf_r1_depth_kmode_center_none_seed2026_20260808T015847+0000/wandb/run-20260808_050957-41c9f337b18c/run-41c9f337b18c.wandb,175132,8e453fcfeb97ee3ed064fec340c590ba8cf80948d942fad907408f2120298716
results/seed2026_shard1/20260808T015847+0000_formal_seed2026/mainconf_r1_depth_kmode_center_none_seed2026_20260808T015847+0000PRIVATE_PATH_REDACTED,500831,00a9bcfbf92193ba6a18cb5ae5899761c02f491060430ecb5ae28da999786603
results/seed2026_shard1/20260808T015847+0000_formal_seed2026/mainconf_r1_depth_kmode_center_none_seed2026_20260808T015847+0000PRIVATE_PATH_REDACTED,43507,4fc159909505de20aebe3bc3bd45e50b96156a23dcdebd7451d7a5d25f4139db
results/seed2026_shard1/20260808T015847+0000_formal_seed2026/mainconf_r1_depth_kmode_center_none_seed2026_20260808T015847+0000PRIVATE_PATH_REDACTED,18770,b51ac50c699b05306619d92cb9ec6edadd266d8118c53f5b9726db76480ea16d
results/seed2026_shard1/20260808T015847+0000_formal_seed2026/mainconf_r1_depth_kmode_muon_seed2026_20260808T015847+0000/official_to_r1.patch,5710,d2365875f747992a33be06c593d7ed80aa22fa20e52d7125d4710112a840ae41
results/seed2026_shard1/20260808T015847+0000_formal_seed2026/mainconf_r1_depth_kmode_muon_seed2026_20260808T015847+0000/r1_metrics.csv,543956,1fcca41e94b40e48ef0040ff2e039b8c941e7bec8ffd5b17cc54e79cf0cd285a
results/seed2026_shard1/20260808T015847+0000_formal_seed2026/mainconf_r1_depth_kmode_muon_seed2026_20260808T015847+0000/r1_summary.json,3670,8705972f99eb4f6b06f51b47eadc292e805799736db8f9447ce7017c9e703ba8
results/seed2026_shard1/20260808T015847+0000_formal_seed2026/mainconf_r1_depth_kmode_muon_seed2026_20260808T015847+0000/run_manifest.json,7943,e7a53d1ecddf3f3d551dd7284a9715768ee22529f46940587a1b09a16b39d13a
results/seed2026_shard1/20260808T015847+0000_formal_seed2026/mainconf_r1_depth_kmode_muon_seed2026_20260808T015847+0000/source_manifest.json,2771,a2c7015cb65fb13494e482f5fb00e458f729a8006108514f63a56fe7949bd65a
results/seed2026_shard1/20260808T015847+0000_formal_seed2026/mainconf_r1_depth_kmode_muon_seed2026_20260808T015847+0000/training_log_with_source.txt,483847,9efd8a9d4b80c39dc8132267d331a7c990912d63f7b0fe2286962a29bcd1b3f6
results/seed2026_shard1/20260808T015847+0000_formal_seed2026/mainconf_r1_depth_kmode_muon_seed2026_20260808T015847+0000/training_stdout.log,455333,fe7aac0aab4dffd1108898312df82306e90f2df2ce97471347316e69e144d674
results/seed2026_shard1/20260808T015847+0000_formal_seed2026/mainconf_r1_depth_kmode_muon_seed2026_20260808T015847+0000/wandb/debug-internal.log,1948,00b5cc89a90137ef20ad7281007ca935eb31e8ed133595dbbacc096b2449d9b4
results/seed2026_shard1/20260808T015847+0000_formal_seed2026/mainconf_r1_depth_kmode_muon_seed2026_20260808T015847+0000/wandb/debug.log,4663,0204dcc47e429cf4f882de79b74a2f4e863164ffb0f5a6b0864e61d5cf53b3e6
results/seed2026_shard1/20260808T015847+0000_formal_seed2026/mainconf_r1_depth_kmode_muon_seed2026_20260808T015847+0000/wandb/latest-run/files/config.yaml,5727,650edd6b2e4d7b9fc50ece0ed080d2981d27fa46d884f90a41b6a37fcb2c7f21
results/seed2026_shard1/20260808T015847+0000_formal_seed2026/mainconf_r1_depth_kmode_muon_seed2026_20260808T015847+0000/wandb/latest-run/files/requirements.txt,1616,c42bd83dae15b8c3a5c6ea9dffff6162a7497b8eac0a637e007ae1321eb2dd95
results/seed2026_shard1/20260808T015847+0000_formal_seed2026/mainconf_r1_depth_kmode_muon_seed2026_20260808T015847+0000/wandb/latest-run/files/wandb-metadata.json,2394,ed2fe1b6343b969fd060bd757aa4aa15a882f0f2e88c5bc071530d2c5e9fc225
results/seed2026_shard1/20260808T015847+0000_formal_seed2026/mainconf_r1_depth_kmode_muon_seed2026_20260808T015847+0000/wandb/latest-run/files/wandb-summary.json,2541,310c9afe3f2b4d23839b5a6612358e2b763e9d639e0add654c1782988f12e461
results/seed2026_shard1/20260808T015847+0000_formal_seed2026/mainconf_r1_depth_kmode_muon_seed2026_20260808T015847+0000/wandb/latest-run/logs/debug-core.log,6660,6cde9f42f2a8b7a40768fbb90d6b2ec71b9c577cf926eef6092fc9659d82d2e7
results/seed2026_shard1/20260808T015847+0000_formal_seed2026/mainconf_r1_depth_kmode_muon_seed2026_20260808T015847+0000/wandb/latest-run/logs/debug-internal.log,1948,00b5cc89a90137ef20ad7281007ca935eb31e8ed133595dbbacc096b2449d9b4
results/seed2026_shard1/20260808T015847+0000_formal_seed2026/mainconf_r1_depth_kmode_muon_seed2026_20260808T015847+0000/wandb/latest-run/logs/debug.log,4663,0204dcc47e429cf4f882de79b74a2f4e863164ffb0f5a6b0864e61d5cf53b3e6
results/seed2026_shard1/20260808T015847+0000_formal_seed2026/mainconf_r1_depth_kmode_muon_seed2026_20260808T015847+0000/wandb/latest-run/run-cc63f20268f4.wandb,173070,5dd1a01584cac6951b42f0e14c41cb34e5dd9b0c7d18b06a458990bfd36e00a2
results/seed2026_shard1/20260808T015847+0000_formal_seed2026/mainconf_r1_depth_kmode_muon_seed2026_20260808T015847+0000/wandb/run-20260808_210610-cc63f20268f4/files/config.yaml,5727,650edd6b2e4d7b9fc50ece0ed080d2981d27fa46d884f90a41b6a37fcb2c7f21
results/seed2026_shard1/20260808T015847+0000_formal_seed2026/mainconf_r1_depth_kmode_muon_seed2026_20260808T015847+0000/wandb/run-20260808_210610-cc63f20268f4/files/requirements.txt,1616,c42bd83dae15b8c3a5c6ea9dffff6162a7497b8eac0a637e007ae1321eb2dd95
results/seed2026_shard1/20260808T015847+0000_formal_seed2026/mainconf_r1_depth_kmode_muon_seed2026_20260808T015847+0000/wandb/run-20260808_210610-cc63f20268f4/files/wandb-metadata.json,2394,ed2fe1b6343b969fd060bd757aa4aa15a882f0f2e88c5bc071530d2c5e9fc225
results/seed2026_shard1/20260808T015847+0000_formal_seed2026/mainconf_r1_depth_kmode_muon_seed2026_20260808T015847+0000/wandb/run-20260808_210610-cc63f20268f4/files/wandb-summary.json,2541,310c9afe3f2b4d23839b5a6612358e2b763e9d639e0add654c1782988f12e461
results/seed2026_shard1/20260808T015847+0000_formal_seed2026/mainconf_r1_depth_kmode_muon_seed2026_20260808T015847+0000/wandb/run-20260808_210610-cc63f20268f4/logs/debug-core.log,6660,6cde9f42f2a8b7a40768fbb90d6b2ec71b9c577cf926eef6092fc9659d82d2e7
results/seed2026_shard1/20260808T015847+0000_formal_seed2026/mainconf_r1_depth_kmode_muon_seed2026_20260808T015847+0000/wandb/run-20260808_210610-cc63f20268f4/logs/debug-internal.log,1948,00b5cc89a90137ef20ad7281007ca935eb31e8ed133595dbbacc096b2449d9b4
results/seed2026_shard1/20260808T015847+0000_formal_seed2026/mainconf_r1_depth_kmode_muon_seed2026_20260808T015847+0000/wandb/run-20260808_210610-cc63f20268f4/logs/debug.log,4663,0204dcc47e429cf4f882de79b74a2f4e863164ffb0f5a6b0864e61d5cf53b3e6
results/seed2026_shard1/20260808T015847+0000_formal_seed2026/mainconf_r1_depth_kmode_muon_seed2026_20260808T015847+0000/wandb/run-20260808_210610-cc63f20268f4/run-cc63f20268f4.wandb,173070,5dd1a01584cac6951b42f0e14c41cb34e5dd9b0c7d18b06a458990bfd36e00a2
results/seed2026_shard1/20260808T015847+0000_formal_seed2026/mainconf_r1_depth_kmode_muon_seed2026_20260808T015847+0000PRIVATE_PATH_REDACTED,483847,9efd8a9d4b80c39dc8132267d331a7c990912d63f7b0fe2286962a29bcd1b3f6
results/seed2026_shard1/20260808T015847+0000_formal_seed2026/mainconf_r1_depth_kmode_muon_seed2026_20260808T015847+0000PRIVATE_PATH_REDACTED,26537,4ceb0c921e9ed1bfd992aa141f7c7b1c447fde753c7f00e8a3ebe3a1165788ea
results/seed2026_shard1/20260808T015847+0000_formal_seed2026/mainconf_r1_depth_kmode_muon_seed2026_20260808T015847+0000PRIVATE_PATH_REDACTED,18770,b51ac50c699b05306619d92cb9ec6edadd266d8118c53f5b9726db76480ea16d
results/seed2026_shard1/20260808T015847+0000_formal_seed2026/r1_common_target_comparison.csv,395,025191960c4bab4aa939869dd96d7f7b9ef989faa0b1792c1747dd263b7d1c60
results/seed2026_shard1/20260808T015847+0000_formal_seed2026/r1_manifest.json,27981,c6c701ac0b51d27b5c0f2a42e754a2ae2149177091afdecfb3cbf61e4d434153
results/seed2026_shard1/20260808T015847+0000_formal_seed2026/r1_plan.json,11295,3df1f8ca23cbb85009360e1fb3e2e204a74af0a526cbbe12c1fac14bb572d279
results/seed2026_shard1/20260808T015847+0000_formal_seed2026/r1_summary.csv,7428,3027f57630ee18c812954bb003efe48b66f0bab1a37f14ae6864324000a24b60
